Invalid HTTP_HOST header: 'www.chitwanremoval.com.au.studiorishav.com'. You may need to add 'www.chitwanremoval.com.au.studiorishav.com' to ALLOWED_HOSTS.
Traceback (most recent call last):
  File "/home1/studiori/virtualenv/chitwanremoval.com.au/chitwan_removal/3.10/lib/python3.10/site-packages/django/core/handlers/exception.py", line 55, in inner
    response = get_response(request)
  File "/home1/studiori/virtualenv/chitwanremoval.com.au/chitwan_removal/3.10/lib/python3.10/site-packages/django/utils/deprecation.py", line 119, in __call__
    response = self.process_request(request)
  File "/home1/studiori/virtualenv/chitwanremoval.com.au/chitwan_removal/3.10/lib/python3.10/site-packages/django/middleware/common.py", line 48, in process_request
    host = request.get_host()
  File "/home1/studiori/virtualenv/chitwanremoval.com.au/chitwan_removal/3.10/lib/python3.10/site-packages/django/http/request.py", line 203, in get_host
    raise DisallowedHost(msg)
django.core.exceptions.DisallowedHost: Invalid HTTP_HOST header: 'www.chitwanremoval.com.au.studiorishav.com'. You may need to add 'www.chitwanremoval.com.au.studiorishav.com' to ALLOWED_HOSTS.
Invalid HTTP_HOST header: 'www.chitwanremoval.com.au.studiorishav.com'. You may need to add 'www.chitwanremoval.com.au.studiorishav.com' to ALLOWED_HOSTS.
Traceback (most recent call last):
  File "/home1/studiori/virtualenv/chitwanremoval.com.au/chitwan_removal/3.10/lib/python3.10/site-packages/django/core/handlers/exception.py", line 55, in inner
    response = get_response(request)
  File "/home1/studiori/virtualenv/chitwanremoval.com.au/chitwan_removal/3.10/lib/python3.10/site-packages/django/utils/deprecation.py", line 119, in __call__
    response = self.process_request(request)
  File "/home1/studiori/virtualenv/chitwanremoval.com.au/chitwan_removal/3.10/lib/python3.10/site-packages/django/middleware/common.py", line 48, in process_request
    host = request.get_host()
  File "/home1/studiori/virtualenv/chitwanremoval.com.au/chitwan_removal/3.10/lib/python3.10/site-packages/django/http/request.py", line 203, in get_host
    raise DisallowedHost(msg)
django.core.exceptions.DisallowedHost: Invalid HTTP_HOST header: 'www.chitwanremoval.com.au.studiorishav.com'. You may need to add 'www.chitwanremoval.com.au.studiorishav.com' to ALLOWED_HOSTS.
Invalid HTTP_HOST header: 'chitwanremoval.com.au.studiorishav.com'. You may need to add 'chitwanremoval.com.au.studiorishav.com' to ALLOWED_HOSTS.
Traceback (most recent call last):
  File "/home1/studiori/virtualenv/chitwanremoval.com.au/chitwan_removal/3.10/lib/python3.10/site-packages/django/core/handlers/exception.py", line 55, in inner
    response = get_response(request)
  File "/home1/studiori/virtualenv/chitwanremoval.com.au/chitwan_removal/3.10/lib/python3.10/site-packages/django/utils/deprecation.py", line 119, in __call__
    response = self.process_request(request)
  File "/home1/studiori/virtualenv/chitwanremoval.com.au/chitwan_removal/3.10/lib/python3.10/site-packages/django/middleware/common.py", line 48, in process_request
    host = request.get_host()
  File "/home1/studiori/virtualenv/chitwanremoval.com.au/chitwan_removal/3.10/lib/python3.10/site-packages/django/http/request.py", line 203, in get_host
    raise DisallowedHost(msg)
django.core.exceptions.DisallowedHost: Invalid HTTP_HOST header: 'chitwanremoval.com.au.studiorishav.com'. You may need to add 'chitwanremoval.com.au.studiorishav.com' to ALLOWED_HOSTS.
Invalid HTTP_HOST header: 'chitwanremoval.com.au.studiorishav.com'. You may need to add 'chitwanremoval.com.au.studiorishav.com' to ALLOWED_HOSTS.
Traceback (most recent call last):
  File "/home1/studiori/virtualenv/chitwanremoval.com.au/chitwan_removal/3.10/lib/python3.10/site-packages/django/core/handlers/exception.py", line 55, in inner
    response = get_response(request)
  File "/home1/studiori/virtualenv/chitwanremoval.com.au/chitwan_removal/3.10/lib/python3.10/site-packages/django/utils/deprecation.py", line 119, in __call__
    response = self.process_request(request)
  File "/home1/studiori/virtualenv/chitwanremoval.com.au/chitwan_removal/3.10/lib/python3.10/site-packages/django/middleware/common.py", line 48, in process_request
    host = request.get_host()
  File "/home1/studiori/virtualenv/chitwanremoval.com.au/chitwan_removal/3.10/lib/python3.10/site-packages/django/http/request.py", line 203, in get_host
    raise DisallowedHost(msg)
django.core.exceptions.DisallowedHost: Invalid HTTP_HOST header: 'chitwanremoval.com.au.studiorishav.com'. You may need to add 'chitwanremoval.com.au.studiorishav.com' to ALLOWED_HOSTS.
Invalid HTTP_HOST header: 'www.chitwanremoval.com.au.studiorishav.com'. You may need to add 'www.chitwanremoval.com.au.studiorishav.com' to ALLOWED_HOSTS.
Traceback (most recent call last):
  File "/home1/studiori/virtualenv/chitwanremoval.com.au/chitwan_removal/3.10/lib/python3.10/site-packages/django/core/handlers/exception.py", line 55, in inner
    response = get_response(request)
  File "/home1/studiori/virtualenv/chitwanremoval.com.au/chitwan_removal/3.10/lib/python3.10/site-packages/django/utils/deprecation.py", line 119, in __call__
    response = self.process_request(request)
  File "/home1/studiori/virtualenv/chitwanremoval.com.au/chitwan_removal/3.10/lib/python3.10/site-packages/django/middleware/common.py", line 48, in process_request
    host = request.get_host()
  File "/home1/studiori/virtualenv/chitwanremoval.com.au/chitwan_removal/3.10/lib/python3.10/site-packages/django/http/request.py", line 203, in get_host
    raise DisallowedHost(msg)
django.core.exceptions.DisallowedHost: Invalid HTTP_HOST header: 'www.chitwanremoval.com.au.studiorishav.com'. You may need to add 'www.chitwanremoval.com.au.studiorishav.com' to ALLOWED_HOSTS.
Invalid HTTP_HOST header: 'chitwanremoval.com.au.studiorishav.com'. You may need to add 'chitwanremoval.com.au.studiorishav.com' to ALLOWED_HOSTS.
Traceback (most recent call last):
  File "/home1/studiori/virtualenv/chitwanremoval.com.au/chitwan_removal/3.10/lib/python3.10/site-packages/django/core/handlers/exception.py", line 55, in inner
    response = get_response(request)
  File "/home1/studiori/virtualenv/chitwanremoval.com.au/chitwan_removal/3.10/lib/python3.10/site-packages/django/utils/deprecation.py", line 119, in __call__
    response = self.process_request(request)
  File "/home1/studiori/virtualenv/chitwanremoval.com.au/chitwan_removal/3.10/lib/python3.10/site-packages/django/middleware/common.py", line 48, in process_request
    host = request.get_host()
  File "/home1/studiori/virtualenv/chitwanremoval.com.au/chitwan_removal/3.10/lib/python3.10/site-packages/django/http/request.py", line 203, in get_host
    raise DisallowedHost(msg)
django.core.exceptions.DisallowedHost: Invalid HTTP_HOST header: 'chitwanremoval.com.au.studiorishav.com'. You may need to add 'chitwanremoval.com.au.studiorishav.com' to ALLOWED_HOSTS.
Invalid HTTP_HOST header: 'chitwanremoval.com.au.studiorishav.com'. You may need to add 'chitwanremoval.com.au.studiorishav.com' to ALLOWED_HOSTS.
Traceback (most recent call last):
  File "/home1/studiori/virtualenv/chitwanremoval.com.au/chitwan_removal/3.10/lib/python3.10/site-packages/django/core/handlers/exception.py", line 55, in inner
    response = get_response(request)
  File "/home1/studiori/virtualenv/chitwanremoval.com.au/chitwan_removal/3.10/lib/python3.10/site-packages/django/utils/deprecation.py", line 119, in __call__
    response = self.process_request(request)
  File "/home1/studiori/virtualenv/chitwanremoval.com.au/chitwan_removal/3.10/lib/python3.10/site-packages/django/middleware/common.py", line 48, in process_request
    host = request.get_host()
  File "/home1/studiori/virtualenv/chitwanremoval.com.au/chitwan_removal/3.10/lib/python3.10/site-packages/django/http/request.py", line 203, in get_host
    raise DisallowedHost(msg)
django.core.exceptions.DisallowedHost: Invalid HTTP_HOST header: 'chitwanremoval.com.au.studiorishav.com'. You may need to add 'chitwanremoval.com.au.studiorishav.com' to ALLOWED_HOSTS.
Invalid HTTP_HOST header: 'chitwanremoval.com.au.studiorishav.com'. You may need to add 'chitwanremoval.com.au.studiorishav.com' to ALLOWED_HOSTS.
Traceback (most recent call last):
  File "/home1/studiori/virtualenv/chitwanremoval.com.au/chitwan_removal/3.10/lib/python3.10/site-packages/django/core/handlers/exception.py", line 55, in inner
    response = get_response(request)
  File "/home1/studiori/virtualenv/chitwanremoval.com.au/chitwan_removal/3.10/lib/python3.10/site-packages/django/utils/deprecation.py", line 119, in __call__
    response = self.process_request(request)
  File "/home1/studiori/virtualenv/chitwanremoval.com.au/chitwan_removal/3.10/lib/python3.10/site-packages/django/middleware/common.py", line 48, in process_request
    host = request.get_host()
  File "/home1/studiori/virtualenv/chitwanremoval.com.au/chitwan_removal/3.10/lib/python3.10/site-packages/django/http/request.py", line 203, in get_host
    raise DisallowedHost(msg)
django.core.exceptions.DisallowedHost: Invalid HTTP_HOST header: 'chitwanremoval.com.au.studiorishav.com'. You may need to add 'chitwanremoval.com.au.studiorishav.com' to ALLOWED_HOSTS.
Invalid HTTP_HOST header: 'chitwanremoval.com.au.studiorishav.com'. You may need to add 'chitwanremoval.com.au.studiorishav.com' to ALLOWED_HOSTS.
Traceback (most recent call last):
  File "/home1/studiori/virtualenv/chitwanremoval.com.au/chitwan_removal/3.10/lib/python3.10/site-packages/django/core/handlers/exception.py", line 55, in inner
    response = get_response(request)
  File "/home1/studiori/virtualenv/chitwanremoval.com.au/chitwan_removal/3.10/lib/python3.10/site-packages/django/utils/deprecation.py", line 119, in __call__
    response = self.process_request(request)
  File "/home1/studiori/virtualenv/chitwanremoval.com.au/chitwan_removal/3.10/lib/python3.10/site-packages/django/middleware/common.py", line 48, in process_request
    host = request.get_host()
  File "/home1/studiori/virtualenv/chitwanremoval.com.au/chitwan_removal/3.10/lib/python3.10/site-packages/django/http/request.py", line 203, in get_host
    raise DisallowedHost(msg)
django.core.exceptions.DisallowedHost: Invalid HTTP_HOST header: 'chitwanremoval.com.au.studiorishav.com'. You may need to add 'chitwanremoval.com.au.studiorishav.com' to ALLOWED_HOSTS.
Invalid HTTP_HOST header: 'chitwanremoval.com.au.studiorishav.com'. You may need to add 'chitwanremoval.com.au.studiorishav.com' to ALLOWED_HOSTS.
Traceback (most recent call last):
  File "/home1/studiori/virtualenv/chitwanremoval.com.au/chitwan_removal/3.10/lib/python3.10/site-packages/django/core/handlers/exception.py", line 55, in inner
    response = get_response(request)
  File "/home1/studiori/virtualenv/chitwanremoval.com.au/chitwan_removal/3.10/lib/python3.10/site-packages/django/utils/deprecation.py", line 119, in __call__
    response = self.process_request(request)
  File "/home1/studiori/virtualenv/chitwanremoval.com.au/chitwan_removal/3.10/lib/python3.10/site-packages/django/middleware/common.py", line 48, in process_request
    host = request.get_host()
  File "/home1/studiori/virtualenv/chitwanremoval.com.au/chitwan_removal/3.10/lib/python3.10/site-packages/django/http/request.py", line 203, in get_host
    raise DisallowedHost(msg)
django.core.exceptions.DisallowedHost: Invalid HTTP_HOST header: 'chitwanremoval.com.au.studiorishav.com'. You may need to add 'chitwanremoval.com.au.studiorishav.com' to ALLOWED_HOSTS.
Invalid HTTP_HOST header: 'www.chitwanremoval.com.au.studiorishav.com'. You may need to add 'www.chitwanremoval.com.au.studiorishav.com' to ALLOWED_HOSTS.
Traceback (most recent call last):
  File "/home1/studiori/virtualenv/chitwanremoval.com.au/chitwan_removal/3.10/lib/python3.10/site-packages/django/core/handlers/exception.py", line 55, in inner
    response = get_response(request)
  File "/home1/studiori/virtualenv/chitwanremoval.com.au/chitwan_removal/3.10/lib/python3.10/site-packages/django/utils/deprecation.py", line 119, in __call__
    response = self.process_request(request)
  File "/home1/studiori/virtualenv/chitwanremoval.com.au/chitwan_removal/3.10/lib/python3.10/site-packages/django/middleware/common.py", line 48, in process_request
    host = request.get_host()
  File "/home1/studiori/virtualenv/chitwanremoval.com.au/chitwan_removal/3.10/lib/python3.10/site-packages/django/http/request.py", line 203, in get_host
    raise DisallowedHost(msg)
django.core.exceptions.DisallowedHost: Invalid HTTP_HOST header: 'www.chitwanremoval.com.au.studiorishav.com'. You may need to add 'www.chitwanremoval.com.au.studiorishav.com' to ALLOWED_HOSTS.
Invalid HTTP_HOST header: 'chitwanremoval.com.au.studiorishav.com'. You may need to add 'chitwanremoval.com.au.studiorishav.com' to ALLOWED_HOSTS.
Traceback (most recent call last):
  File "/home1/studiori/virtualenv/chitwanremoval.com.au/chitwan_removal/3.10/lib/python3.10/site-packages/django/core/handlers/exception.py", line 55, in inner
    response = get_response(request)
  File "/home1/studiori/virtualenv/chitwanremoval.com.au/chitwan_removal/3.10/lib/python3.10/site-packages/django/utils/deprecation.py", line 119, in __call__
    response = self.process_request(request)
  File "/home1/studiori/virtualenv/chitwanremoval.com.au/chitwan_removal/3.10/lib/python3.10/site-packages/django/middleware/common.py", line 48, in process_request
    host = request.get_host()
  File "/home1/studiori/virtualenv/chitwanremoval.com.au/chitwan_removal/3.10/lib/python3.10/site-packages/django/http/request.py", line 203, in get_host
    raise DisallowedHost(msg)
django.core.exceptions.DisallowedHost: Invalid HTTP_HOST header: 'chitwanremoval.com.au.studiorishav.com'. You may need to add 'chitwanremoval.com.au.studiorishav.com' to ALLOWED_HOSTS.
Invalid HTTP_HOST header: 'chitwanremoval.com.au.studiorishav.com'. You may need to add 'chitwanremoval.com.au.studiorishav.com' to ALLOWED_HOSTS.
Traceback (most recent call last):
  File "/home1/studiori/virtualenv/chitwanremoval.com.au/chitwan_removal/3.10/lib/python3.10/site-packages/django/core/handlers/exception.py", line 55, in inner
    response = get_response(request)
  File "/home1/studiori/virtualenv/chitwanremoval.com.au/chitwan_removal/3.10/lib/python3.10/site-packages/django/utils/deprecation.py", line 119, in __call__
    response = self.process_request(request)
  File "/home1/studiori/virtualenv/chitwanremoval.com.au/chitwan_removal/3.10/lib/python3.10/site-packages/django/middleware/common.py", line 48, in process_request
    host = request.get_host()
  File "/home1/studiori/virtualenv/chitwanremoval.com.au/chitwan_removal/3.10/lib/python3.10/site-packages/django/http/request.py", line 203, in get_host
    raise DisallowedHost(msg)
django.core.exceptions.DisallowedHost: Invalid HTTP_HOST header: 'chitwanremoval.com.au.studiorishav.com'. You may need to add 'chitwanremoval.com.au.studiorishav.com' to ALLOWED_HOSTS.
Invalid HTTP_HOST header: 'www.chitwanremoval.com.au.studiorishav.com'. You may need to add 'www.chitwanremoval.com.au.studiorishav.com' to ALLOWED_HOSTS.
Traceback (most recent call last):
  File "/home1/studiori/virtualenv/chitwanremoval.com.au/chitwan_removal/3.10/lib/python3.10/site-packages/django/core/handlers/exception.py", line 55, in inner
    response = get_response(request)
  File "/home1/studiori/virtualenv/chitwanremoval.com.au/chitwan_removal/3.10/lib/python3.10/site-packages/django/utils/deprecation.py", line 119, in __call__
    response = self.process_request(request)
  File "/home1/studiori/virtualenv/chitwanremoval.com.au/chitwan_removal/3.10/lib/python3.10/site-packages/django/middleware/common.py", line 48, in process_request
    host = request.get_host()
  File "/home1/studiori/virtualenv/chitwanremoval.com.au/chitwan_removal/3.10/lib/python3.10/site-packages/django/http/request.py", line 203, in get_host
    raise DisallowedHost(msg)
django.core.exceptions.DisallowedHost: Invalid HTTP_HOST header: 'www.chitwanremoval.com.au.studiorishav.com'. You may need to add 'www.chitwanremoval.com.au.studiorishav.com' to ALLOWED_HOSTS.
Invalid HTTP_HOST header: 'chitwanremoval.com.au.studiorishav.com'. You may need to add 'chitwanremoval.com.au.studiorishav.com' to ALLOWED_HOSTS.
Traceback (most recent call last):
  File "/home1/studiori/virtualenv/chitwanremoval.com.au/chitwan_removal/3.10/lib/python3.10/site-packages/django/core/handlers/exception.py", line 55, in inner
    response = get_response(request)
  File "/home1/studiori/virtualenv/chitwanremoval.com.au/chitwan_removal/3.10/lib/python3.10/site-packages/django/utils/deprecation.py", line 119, in __call__
    response = self.process_request(request)
  File "/home1/studiori/virtualenv/chitwanremoval.com.au/chitwan_removal/3.10/lib/python3.10/site-packages/django/middleware/common.py", line 48, in process_request
    host = request.get_host()
  File "/home1/studiori/virtualenv/chitwanremoval.com.au/chitwan_removal/3.10/lib/python3.10/site-packages/django/http/request.py", line 203, in get_host
    raise DisallowedHost(msg)
django.core.exceptions.DisallowedHost: Invalid HTTP_HOST header: 'chitwanremoval.com.au.studiorishav.com'. You may need to add 'chitwanremoval.com.au.studiorishav.com' to ALLOWED_HOSTS.
Invalid HTTP_HOST header: 'www.chitwanremoval.com.au.studiorishav.com'. You may need to add 'www.chitwanremoval.com.au.studiorishav.com' to ALLOWED_HOSTS.
Traceback (most recent call last):
  File "/home1/studiori/virtualenv/chitwanremoval.com.au/chitwan_removal/3.10/lib/python3.10/site-packages/django/core/handlers/exception.py", line 55, in inner
    response = get_response(request)
  File "/home1/studiori/virtualenv/chitwanremoval.com.au/chitwan_removal/3.10/lib/python3.10/site-packages/django/utils/deprecation.py", line 119, in __call__
    response = self.process_request(request)
  File "/home1/studiori/virtualenv/chitwanremoval.com.au/chitwan_removal/3.10/lib/python3.10/site-packages/django/middleware/common.py", line 48, in process_request
    host = request.get_host()
  File "/home1/studiori/virtualenv/chitwanremoval.com.au/chitwan_removal/3.10/lib/python3.10/site-packages/django/http/request.py", line 203, in get_host
    raise DisallowedHost(msg)
django.core.exceptions.DisallowedHost: Invalid HTTP_HOST header: 'www.chitwanremoval.com.au.studiorishav.com'. You may need to add 'www.chitwanremoval.com.au.studiorishav.com' to ALLOWED_HOSTS.
Invalid HTTP_HOST header: 'chitwanremoval.com.au.studiorishav.com'. You may need to add 'chitwanremoval.com.au.studiorishav.com' to ALLOWED_HOSTS.
Traceback (most recent call last):
  File "/home1/studiori/virtualenv/chitwanremoval.com.au/chitwan_removal/3.10/lib/python3.10/site-packages/django/core/handlers/exception.py", line 55, in inner
    response = get_response(request)
  File "/home1/studiori/virtualenv/chitwanremoval.com.au/chitwan_removal/3.10/lib/python3.10/site-packages/django/utils/deprecation.py", line 119, in __call__
    response = self.process_request(request)
  File "/home1/studiori/virtualenv/chitwanremoval.com.au/chitwan_removal/3.10/lib/python3.10/site-packages/django/middleware/common.py", line 48, in process_request
    host = request.get_host()
  File "/home1/studiori/virtualenv/chitwanremoval.com.au/chitwan_removal/3.10/lib/python3.10/site-packages/django/http/request.py", line 203, in get_host
    raise DisallowedHost(msg)
django.core.exceptions.DisallowedHost: Invalid HTTP_HOST header: 'chitwanremoval.com.au.studiorishav.com'. You may need to add 'chitwanremoval.com.au.studiorishav.com' to ALLOWED_HOSTS.
Invalid HTTP_HOST header: 'chitwanremoval.com.au.studiorishav.com'. You may need to add 'chitwanremoval.com.au.studiorishav.com' to ALLOWED_HOSTS.
Traceback (most recent call last):
  File "/home1/studiori/virtualenv/chitwanremoval.com.au/chitwan_removal/3.10/lib/python3.10/site-packages/django/core/handlers/exception.py", line 55, in inner
    response = get_response(request)
  File "/home1/studiori/virtualenv/chitwanremoval.com.au/chitwan_removal/3.10/lib/python3.10/site-packages/django/utils/deprecation.py", line 119, in __call__
    response = self.process_request(request)
  File "/home1/studiori/virtualenv/chitwanremoval.com.au/chitwan_removal/3.10/lib/python3.10/site-packages/django/middleware/common.py", line 48, in process_request
    host = request.get_host()
  File "/home1/studiori/virtualenv/chitwanremoval.com.au/chitwan_removal/3.10/lib/python3.10/site-packages/django/http/request.py", line 203, in get_host
    raise DisallowedHost(msg)
django.core.exceptions.DisallowedHost: Invalid HTTP_HOST header: 'chitwanremoval.com.au.studiorishav.com'. You may need to add 'chitwanremoval.com.au.studiorishav.com' to ALLOWED_HOSTS.
Invalid HTTP_HOST header: 'chitwanremoval.com.au.studiorishav.com'. You may need to add 'chitwanremoval.com.au.studiorishav.com' to ALLOWED_HOSTS.
Traceback (most recent call last):
  File "/home1/studiori/virtualenv/chitwanremoval.com.au/chitwan_removal/3.10/lib/python3.10/site-packages/django/core/handlers/exception.py", line 55, in inner
    response = get_response(request)
  File "/home1/studiori/virtualenv/chitwanremoval.com.au/chitwan_removal/3.10/lib/python3.10/site-packages/django/utils/deprecation.py", line 119, in __call__
    response = self.process_request(request)
  File "/home1/studiori/virtualenv/chitwanremoval.com.au/chitwan_removal/3.10/lib/python3.10/site-packages/django/middleware/common.py", line 48, in process_request
    host = request.get_host()
  File "/home1/studiori/virtualenv/chitwanremoval.com.au/chitwan_removal/3.10/lib/python3.10/site-packages/django/http/request.py", line 203, in get_host
    raise DisallowedHost(msg)
django.core.exceptions.DisallowedHost: Invalid HTTP_HOST header: 'chitwanremoval.com.au.studiorishav.com'. You may need to add 'chitwanremoval.com.au.studiorishav.com' to ALLOWED_HOSTS.
Invalid HTTP_HOST header: 'chitwanremoval.com.au.studiorishav.com'. You may need to add 'chitwanremoval.com.au.studiorishav.com' to ALLOWED_HOSTS.
Traceback (most recent call last):
  File "/home1/studiori/virtualenv/chitwanremoval.com.au/chitwan_removal/3.10/lib/python3.10/site-packages/django/core/handlers/exception.py", line 55, in inner
    response = get_response(request)
  File "/home1/studiori/virtualenv/chitwanremoval.com.au/chitwan_removal/3.10/lib/python3.10/site-packages/django/utils/deprecation.py", line 119, in __call__
    response = self.process_request(request)
  File "/home1/studiori/virtualenv/chitwanremoval.com.au/chitwan_removal/3.10/lib/python3.10/site-packages/django/middleware/common.py", line 48, in process_request
    host = request.get_host()
  File "/home1/studiori/virtualenv/chitwanremoval.com.au/chitwan_removal/3.10/lib/python3.10/site-packages/django/http/request.py", line 203, in get_host
    raise DisallowedHost(msg)
django.core.exceptions.DisallowedHost: Invalid HTTP_HOST header: 'chitwanremoval.com.au.studiorishav.com'. You may need to add 'chitwanremoval.com.au.studiorishav.com' to ALLOWED_HOSTS.
Invalid HTTP_HOST header: 'chitwanremoval.com.au.studiorishav.com'. You may need to add 'chitwanremoval.com.au.studiorishav.com' to ALLOWED_HOSTS.
Traceback (most recent call last):
  File "/home1/studiori/virtualenv/chitwanremoval.com.au/chitwan_removal/3.10/lib/python3.10/site-packages/django/core/handlers/exception.py", line 55, in inner
    response = get_response(request)
  File "/home1/studiori/virtualenv/chitwanremoval.com.au/chitwan_removal/3.10/lib/python3.10/site-packages/django/utils/deprecation.py", line 119, in __call__
    response = self.process_request(request)
  File "/home1/studiori/virtualenv/chitwanremoval.com.au/chitwan_removal/3.10/lib/python3.10/site-packages/django/middleware/common.py", line 48, in process_request
    host = request.get_host()
  File "/home1/studiori/virtualenv/chitwanremoval.com.au/chitwan_removal/3.10/lib/python3.10/site-packages/django/http/request.py", line 203, in get_host
    raise DisallowedHost(msg)
django.core.exceptions.DisallowedHost: Invalid HTTP_HOST header: 'chitwanremoval.com.au.studiorishav.com'. You may need to add 'chitwanremoval.com.au.studiorishav.com' to ALLOWED_HOSTS.
Invalid HTTP_HOST header: 'chitwanremoval.com.au.studiorishav.com'. You may need to add 'chitwanremoval.com.au.studiorishav.com' to ALLOWED_HOSTS.
Traceback (most recent call last):
  File "/home1/studiori/virtualenv/chitwanremoval.com.au/chitwan_removal/3.10/lib/python3.10/site-packages/django/core/handlers/exception.py", line 55, in inner
    response = get_response(request)
  File "/home1/studiori/virtualenv/chitwanremoval.com.au/chitwan_removal/3.10/lib/python3.10/site-packages/django/utils/deprecation.py", line 119, in __call__
    response = self.process_request(request)
  File "/home1/studiori/virtualenv/chitwanremoval.com.au/chitwan_removal/3.10/lib/python3.10/site-packages/django/middleware/common.py", line 48, in process_request
    host = request.get_host()
  File "/home1/studiori/virtualenv/chitwanremoval.com.au/chitwan_removal/3.10/lib/python3.10/site-packages/django/http/request.py", line 203, in get_host
    raise DisallowedHost(msg)
django.core.exceptions.DisallowedHost: Invalid HTTP_HOST header: 'chitwanremoval.com.au.studiorishav.com'. You may need to add 'chitwanremoval.com.au.studiorishav.com' to ALLOWED_HOSTS.
Invalid HTTP_HOST header: 'chitwanremoval.com.au.studiorishav.com'. You may need to add 'chitwanremoval.com.au.studiorishav.com' to ALLOWED_HOSTS.
Traceback (most recent call last):
  File "/home1/studiori/virtualenv/chitwanremoval.com.au/chitwan_removal/3.10/lib/python3.10/site-packages/django/core/handlers/exception.py", line 55, in inner
    response = get_response(request)
  File "/home1/studiori/virtualenv/chitwanremoval.com.au/chitwan_removal/3.10/lib/python3.10/site-packages/django/utils/deprecation.py", line 119, in __call__
    response = self.process_request(request)
  File "/home1/studiori/virtualenv/chitwanremoval.com.au/chitwan_removal/3.10/lib/python3.10/site-packages/django/middleware/common.py", line 48, in process_request
    host = request.get_host()
  File "/home1/studiori/virtualenv/chitwanremoval.com.au/chitwan_removal/3.10/lib/python3.10/site-packages/django/http/request.py", line 203, in get_host
    raise DisallowedHost(msg)
django.core.exceptions.DisallowedHost: Invalid HTTP_HOST header: 'chitwanremoval.com.au.studiorishav.com'. You may need to add 'chitwanremoval.com.au.studiorishav.com' to ALLOWED_HOSTS.
Invalid HTTP_HOST header: 'chitwanremoval.com.au.studiorishav.com'. You may need to add 'chitwanremoval.com.au.studiorishav.com' to ALLOWED_HOSTS.
Traceback (most recent call last):
  File "/home1/studiori/virtualenv/chitwanremoval.com.au/chitwan_removal/3.10/lib/python3.10/site-packages/django/core/handlers/exception.py", line 55, in inner
    response = get_response(request)
  File "/home1/studiori/virtualenv/chitwanremoval.com.au/chitwan_removal/3.10/lib/python3.10/site-packages/django/utils/deprecation.py", line 119, in __call__
    response = self.process_request(request)
  File "/home1/studiori/virtualenv/chitwanremoval.com.au/chitwan_removal/3.10/lib/python3.10/site-packages/django/middleware/common.py", line 48, in process_request
    host = request.get_host()
  File "/home1/studiori/virtualenv/chitwanremoval.com.au/chitwan_removal/3.10/lib/python3.10/site-packages/django/http/request.py", line 203, in get_host
    raise DisallowedHost(msg)
django.core.exceptions.DisallowedHost: Invalid HTTP_HOST header: 'chitwanremoval.com.au.studiorishav.com'. You may need to add 'chitwanremoval.com.au.studiorishav.com' to ALLOWED_HOSTS.
Invalid HTTP_HOST header: 'chitwanremoval.com.au.studiorishav.com'. You may need to add 'chitwanremoval.com.au.studiorishav.com' to ALLOWED_HOSTS.
Traceback (most recent call last):
  File "/home1/studiori/virtualenv/chitwanremoval.com.au/chitwan_removal/3.10/lib/python3.10/site-packages/django/core/handlers/exception.py", line 55, in inner
    response = get_response(request)
  File "/home1/studiori/virtualenv/chitwanremoval.com.au/chitwan_removal/3.10/lib/python3.10/site-packages/django/utils/deprecation.py", line 119, in __call__
    response = self.process_request(request)
  File "/home1/studiori/virtualenv/chitwanremoval.com.au/chitwan_removal/3.10/lib/python3.10/site-packages/django/middleware/common.py", line 48, in process_request
    host = request.get_host()
  File "/home1/studiori/virtualenv/chitwanremoval.com.au/chitwan_removal/3.10/lib/python3.10/site-packages/django/http/request.py", line 203, in get_host
    raise DisallowedHost(msg)
django.core.exceptions.DisallowedHost: Invalid HTTP_HOST header: 'chitwanremoval.com.au.studiorishav.com'. You may need to add 'chitwanremoval.com.au.studiorishav.com' to ALLOWED_HOSTS.
Invalid HTTP_HOST header: 'chitwanremoval.com.au.studiorishav.com'. You may need to add 'chitwanremoval.com.au.studiorishav.com' to ALLOWED_HOSTS.
Traceback (most recent call last):
  File "/home1/studiori/virtualenv/chitwanremoval.com.au/chitwan_removal/3.10/lib/python3.10/site-packages/django/core/handlers/exception.py", line 55, in inner
    response = get_response(request)
  File "/home1/studiori/virtualenv/chitwanremoval.com.au/chitwan_removal/3.10/lib/python3.10/site-packages/django/utils/deprecation.py", line 119, in __call__
    response = self.process_request(request)
  File "/home1/studiori/virtualenv/chitwanremoval.com.au/chitwan_removal/3.10/lib/python3.10/site-packages/django/middleware/common.py", line 48, in process_request
    host = request.get_host()
  File "/home1/studiori/virtualenv/chitwanremoval.com.au/chitwan_removal/3.10/lib/python3.10/site-packages/django/http/request.py", line 203, in get_host
    raise DisallowedHost(msg)
django.core.exceptions.DisallowedHost: Invalid HTTP_HOST header: 'chitwanremoval.com.au.studiorishav.com'. You may need to add 'chitwanremoval.com.au.studiorishav.com' to ALLOWED_HOSTS.
Invalid HTTP_HOST header: 'chitwanremoval.com.au.studiorishav.com'. You may need to add 'chitwanremoval.com.au.studiorishav.com' to ALLOWED_HOSTS.
Traceback (most recent call last):
  File "/home1/studiori/virtualenv/chitwanremoval.com.au/chitwan_removal/3.10/lib/python3.10/site-packages/django/core/handlers/exception.py", line 55, in inner
    response = get_response(request)
  File "/home1/studiori/virtualenv/chitwanremoval.com.au/chitwan_removal/3.10/lib/python3.10/site-packages/django/utils/deprecation.py", line 119, in __call__
    response = self.process_request(request)
  File "/home1/studiori/virtualenv/chitwanremoval.com.au/chitwan_removal/3.10/lib/python3.10/site-packages/django/middleware/common.py", line 48, in process_request
    host = request.get_host()
  File "/home1/studiori/virtualenv/chitwanremoval.com.au/chitwan_removal/3.10/lib/python3.10/site-packages/django/http/request.py", line 203, in get_host
    raise DisallowedHost(msg)
django.core.exceptions.DisallowedHost: Invalid HTTP_HOST header: 'chitwanremoval.com.au.studiorishav.com'. You may need to add 'chitwanremoval.com.au.studiorishav.com' to ALLOWED_HOSTS.
Invalid HTTP_HOST header: 'chitwanremoval.com.au.studiorishav.com'. You may need to add 'chitwanremoval.com.au.studiorishav.com' to ALLOWED_HOSTS.
Traceback (most recent call last):
  File "/home1/studiori/virtualenv/chitwanremoval.com.au/chitwan_removal/3.10/lib/python3.10/site-packages/django/core/handlers/exception.py", line 55, in inner
    response = get_response(request)
  File "/home1/studiori/virtualenv/chitwanremoval.com.au/chitwan_removal/3.10/lib/python3.10/site-packages/django/utils/deprecation.py", line 119, in __call__
    response = self.process_request(request)
  File "/home1/studiori/virtualenv/chitwanremoval.com.au/chitwan_removal/3.10/lib/python3.10/site-packages/django/middleware/common.py", line 48, in process_request
    host = request.get_host()
  File "/home1/studiori/virtualenv/chitwanremoval.com.au/chitwan_removal/3.10/lib/python3.10/site-packages/django/http/request.py", line 203, in get_host
    raise DisallowedHost(msg)
django.core.exceptions.DisallowedHost: Invalid HTTP_HOST header: 'chitwanremoval.com.au.studiorishav.com'. You may need to add 'chitwanremoval.com.au.studiorishav.com' to ALLOWED_HOSTS.
Invalid HTTP_HOST header: 'chitwanremoval.com.au.studiorishav.com'. You may need to add 'chitwanremoval.com.au.studiorishav.com' to ALLOWED_HOSTS.
Traceback (most recent call last):
  File "/home1/studiori/virtualenv/chitwanremoval.com.au/chitwan_removal/3.10/lib/python3.10/site-packages/django/core/handlers/exception.py", line 55, in inner
    response = get_response(request)
  File "/home1/studiori/virtualenv/chitwanremoval.com.au/chitwan_removal/3.10/lib/python3.10/site-packages/django/utils/deprecation.py", line 119, in __call__
    response = self.process_request(request)
  File "/home1/studiori/virtualenv/chitwanremoval.com.au/chitwan_removal/3.10/lib/python3.10/site-packages/django/middleware/common.py", line 48, in process_request
    host = request.get_host()
  File "/home1/studiori/virtualenv/chitwanremoval.com.au/chitwan_removal/3.10/lib/python3.10/site-packages/django/http/request.py", line 203, in get_host
    raise DisallowedHost(msg)
django.core.exceptions.DisallowedHost: Invalid HTTP_HOST header: 'chitwanremoval.com.au.studiorishav.com'. You may need to add 'chitwanremoval.com.au.studiorishav.com' to ALLOWED_HOSTS.
Invalid HTTP_HOST header: 'chitwanremoval.com.au.studiorishav.com'. You may need to add 'chitwanremoval.com.au.studiorishav.com' to ALLOWED_HOSTS.
Traceback (most recent call last):
  File "/home1/studiori/virtualenv/chitwanremoval.com.au/chitwan_removal/3.10/lib/python3.10/site-packages/django/core/handlers/exception.py", line 55, in inner
    response = get_response(request)
  File "/home1/studiori/virtualenv/chitwanremoval.com.au/chitwan_removal/3.10/lib/python3.10/site-packages/django/utils/deprecation.py", line 119, in __call__
    response = self.process_request(request)
  File "/home1/studiori/virtualenv/chitwanremoval.com.au/chitwan_removal/3.10/lib/python3.10/site-packages/django/middleware/common.py", line 48, in process_request
    host = request.get_host()
  File "/home1/studiori/virtualenv/chitwanremoval.com.au/chitwan_removal/3.10/lib/python3.10/site-packages/django/http/request.py", line 203, in get_host
    raise DisallowedHost(msg)
django.core.exceptions.DisallowedHost: Invalid HTTP_HOST header: 'chitwanremoval.com.au.studiorishav.com'. You may need to add 'chitwanremoval.com.au.studiorishav.com' to ALLOWED_HOSTS.
Invalid HTTP_HOST header: 'chitwanremoval.com.au.studiorishav.com'. You may need to add 'chitwanremoval.com.au.studiorishav.com' to ALLOWED_HOSTS.
Traceback (most recent call last):
  File "/home1/studiori/virtualenv/chitwanremoval.com.au/chitwan_removal/3.10/lib/python3.10/site-packages/django/core/handlers/exception.py", line 55, in inner
    response = get_response(request)
  File "/home1/studiori/virtualenv/chitwanremoval.com.au/chitwan_removal/3.10/lib/python3.10/site-packages/django/utils/deprecation.py", line 119, in __call__
    response = self.process_request(request)
  File "/home1/studiori/virtualenv/chitwanremoval.com.au/chitwan_removal/3.10/lib/python3.10/site-packages/django/middleware/common.py", line 48, in process_request
    host = request.get_host()
  File "/home1/studiori/virtualenv/chitwanremoval.com.au/chitwan_removal/3.10/lib/python3.10/site-packages/django/http/request.py", line 203, in get_host
    raise DisallowedHost(msg)
django.core.exceptions.DisallowedHost: Invalid HTTP_HOST header: 'chitwanremoval.com.au.studiorishav.com'. You may need to add 'chitwanremoval.com.au.studiorishav.com' to ALLOWED_HOSTS.
Invalid HTTP_HOST header: 'chitwanremoval.com.au.studiorishav.com'. You may need to add 'chitwanremoval.com.au.studiorishav.com' to ALLOWED_HOSTS.
Traceback (most recent call last):
  File "/home1/studiori/virtualenv/chitwanremoval.com.au/chitwan_removal/3.10/lib/python3.10/site-packages/django/core/handlers/exception.py", line 55, in inner
    response = get_response(request)
  File "/home1/studiori/virtualenv/chitwanremoval.com.au/chitwan_removal/3.10/lib/python3.10/site-packages/django/utils/deprecation.py", line 119, in __call__
    response = self.process_request(request)
  File "/home1/studiori/virtualenv/chitwanremoval.com.au/chitwan_removal/3.10/lib/python3.10/site-packages/django/middleware/common.py", line 48, in process_request
    host = request.get_host()
  File "/home1/studiori/virtualenv/chitwanremoval.com.au/chitwan_removal/3.10/lib/python3.10/site-packages/django/http/request.py", line 203, in get_host
    raise DisallowedHost(msg)
django.core.exceptions.DisallowedHost: Invalid HTTP_HOST header: 'chitwanremoval.com.au.studiorishav.com'. You may need to add 'chitwanremoval.com.au.studiorishav.com' to ALLOWED_HOSTS.
Invalid HTTP_HOST header: 'chitwanremoval.com.au.studiorishav.com'. You may need to add 'chitwanremoval.com.au.studiorishav.com' to ALLOWED_HOSTS.
Traceback (most recent call last):
  File "/home1/studiori/virtualenv/chitwanremoval.com.au/chitwan_removal/3.10/lib/python3.10/site-packages/django/core/handlers/exception.py", line 55, in inner
    response = get_response(request)
  File "/home1/studiori/virtualenv/chitwanremoval.com.au/chitwan_removal/3.10/lib/python3.10/site-packages/django/utils/deprecation.py", line 119, in __call__
    response = self.process_request(request)
  File "/home1/studiori/virtualenv/chitwanremoval.com.au/chitwan_removal/3.10/lib/python3.10/site-packages/django/middleware/common.py", line 48, in process_request
    host = request.get_host()
  File "/home1/studiori/virtualenv/chitwanremoval.com.au/chitwan_removal/3.10/lib/python3.10/site-packages/django/http/request.py", line 203, in get_host
    raise DisallowedHost(msg)
django.core.exceptions.DisallowedHost: Invalid HTTP_HOST header: 'chitwanremoval.com.au.studiorishav.com'. You may need to add 'chitwanremoval.com.au.studiorishav.com' to ALLOWED_HOSTS.
Invalid HTTP_HOST header: 'chitwanremoval.com.au.studiorishav.com'. You may need to add 'chitwanremoval.com.au.studiorishav.com' to ALLOWED_HOSTS.
Traceback (most recent call last):
  File "/home1/studiori/virtualenv/chitwanremoval.com.au/chitwan_removal/3.10/lib/python3.10/site-packages/django/core/handlers/exception.py", line 55, in inner
    response = get_response(request)
  File "/home1/studiori/virtualenv/chitwanremoval.com.au/chitwan_removal/3.10/lib/python3.10/site-packages/django/utils/deprecation.py", line 119, in __call__
    response = self.process_request(request)
  File "/home1/studiori/virtualenv/chitwanremoval.com.au/chitwan_removal/3.10/lib/python3.10/site-packages/django/middleware/common.py", line 48, in process_request
    host = request.get_host()
  File "/home1/studiori/virtualenv/chitwanremoval.com.au/chitwan_removal/3.10/lib/python3.10/site-packages/django/http/request.py", line 203, in get_host
    raise DisallowedHost(msg)
django.core.exceptions.DisallowedHost: Invalid HTTP_HOST header: 'chitwanremoval.com.au.studiorishav.com'. You may need to add 'chitwanremoval.com.au.studiorishav.com' to ALLOWED_HOSTS.
Invalid HTTP_HOST header: 'chitwanremoval.com.au.studiorishav.com'. You may need to add 'chitwanremoval.com.au.studiorishav.com' to ALLOWED_HOSTS.
Traceback (most recent call last):
  File "/home1/studiori/virtualenv/chitwanremoval.com.au/chitwan_removal/3.10/lib/python3.10/site-packages/django/core/handlers/exception.py", line 55, in inner
    response = get_response(request)
  File "/home1/studiori/virtualenv/chitwanremoval.com.au/chitwan_removal/3.10/lib/python3.10/site-packages/django/utils/deprecation.py", line 119, in __call__
    response = self.process_request(request)
  File "/home1/studiori/virtualenv/chitwanremoval.com.au/chitwan_removal/3.10/lib/python3.10/site-packages/django/middleware/common.py", line 48, in process_request
    host = request.get_host()
  File "/home1/studiori/virtualenv/chitwanremoval.com.au/chitwan_removal/3.10/lib/python3.10/site-packages/django/http/request.py", line 203, in get_host
    raise DisallowedHost(msg)
django.core.exceptions.DisallowedHost: Invalid HTTP_HOST header: 'chitwanremoval.com.au.studiorishav.com'. You may need to add 'chitwanremoval.com.au.studiorishav.com' to ALLOWED_HOSTS.
Invalid HTTP_HOST header: 'chitwanremoval.com.au.studiorishav.com'. You may need to add 'chitwanremoval.com.au.studiorishav.com' to ALLOWED_HOSTS.
Traceback (most recent call last):
  File "/home1/studiori/virtualenv/chitwanremoval.com.au/chitwan_removal/3.10/lib/python3.10/site-packages/django/core/handlers/exception.py", line 55, in inner
    response = get_response(request)
  File "/home1/studiori/virtualenv/chitwanremoval.com.au/chitwan_removal/3.10/lib/python3.10/site-packages/django/utils/deprecation.py", line 119, in __call__
    response = self.process_request(request)
  File "/home1/studiori/virtualenv/chitwanremoval.com.au/chitwan_removal/3.10/lib/python3.10/site-packages/django/middleware/common.py", line 48, in process_request
    host = request.get_host()
  File "/home1/studiori/virtualenv/chitwanremoval.com.au/chitwan_removal/3.10/lib/python3.10/site-packages/django/http/request.py", line 203, in get_host
    raise DisallowedHost(msg)
django.core.exceptions.DisallowedHost: Invalid HTTP_HOST header: 'chitwanremoval.com.au.studiorishav.com'. You may need to add 'chitwanremoval.com.au.studiorishav.com' to ALLOWED_HOSTS.
Invalid HTTP_HOST header: 'chitwanremoval.com.au.studiorishav.com'. You may need to add 'chitwanremoval.com.au.studiorishav.com' to ALLOWED_HOSTS.
Traceback (most recent call last):
  File "/home1/studiori/virtualenv/chitwanremoval.com.au/chitwan_removal/3.10/lib/python3.10/site-packages/django/core/handlers/exception.py", line 55, in inner
    response = get_response(request)
  File "/home1/studiori/virtualenv/chitwanremoval.com.au/chitwan_removal/3.10/lib/python3.10/site-packages/django/utils/deprecation.py", line 119, in __call__
    response = self.process_request(request)
  File "/home1/studiori/virtualenv/chitwanremoval.com.au/chitwan_removal/3.10/lib/python3.10/site-packages/django/middleware/common.py", line 48, in process_request
    host = request.get_host()
  File "/home1/studiori/virtualenv/chitwanremoval.com.au/chitwan_removal/3.10/lib/python3.10/site-packages/django/http/request.py", line 203, in get_host
    raise DisallowedHost(msg)
django.core.exceptions.DisallowedHost: Invalid HTTP_HOST header: 'chitwanremoval.com.au.studiorishav.com'. You may need to add 'chitwanremoval.com.au.studiorishav.com' to ALLOWED_HOSTS.
Invalid HTTP_HOST header: 'chitwanremoval.com.au.studiorishav.com'. You may need to add 'chitwanremoval.com.au.studiorishav.com' to ALLOWED_HOSTS.
Traceback (most recent call last):
  File "/home1/studiori/virtualenv/chitwanremoval.com.au/chitwan_removal/3.10/lib/python3.10/site-packages/django/core/handlers/exception.py", line 55, in inner
    response = get_response(request)
  File "/home1/studiori/virtualenv/chitwanremoval.com.au/chitwan_removal/3.10/lib/python3.10/site-packages/django/utils/deprecation.py", line 119, in __call__
    response = self.process_request(request)
  File "/home1/studiori/virtualenv/chitwanremoval.com.au/chitwan_removal/3.10/lib/python3.10/site-packages/django/middleware/common.py", line 48, in process_request
    host = request.get_host()
  File "/home1/studiori/virtualenv/chitwanremoval.com.au/chitwan_removal/3.10/lib/python3.10/site-packages/django/http/request.py", line 203, in get_host
    raise DisallowedHost(msg)
django.core.exceptions.DisallowedHost: Invalid HTTP_HOST header: 'chitwanremoval.com.au.studiorishav.com'. You may need to add 'chitwanremoval.com.au.studiorishav.com' to ALLOWED_HOSTS.
Invalid HTTP_HOST header: 'chitwanremoval.com.au.studiorishav.com'. You may need to add 'chitwanremoval.com.au.studiorishav.com' to ALLOWED_HOSTS.
Traceback (most recent call last):
  File "/home1/studiori/virtualenv/chitwanremoval.com.au/chitwan_removal/3.10/lib/python3.10/site-packages/django/core/handlers/exception.py", line 55, in inner
    response = get_response(request)
  File "/home1/studiori/virtualenv/chitwanremoval.com.au/chitwan_removal/3.10/lib/python3.10/site-packages/django/utils/deprecation.py", line 119, in __call__
    response = self.process_request(request)
  File "/home1/studiori/virtualenv/chitwanremoval.com.au/chitwan_removal/3.10/lib/python3.10/site-packages/django/middleware/common.py", line 48, in process_request
    host = request.get_host()
  File "/home1/studiori/virtualenv/chitwanremoval.com.au/chitwan_removal/3.10/lib/python3.10/site-packages/django/http/request.py", line 203, in get_host
    raise DisallowedHost(msg)
django.core.exceptions.DisallowedHost: Invalid HTTP_HOST header: 'chitwanremoval.com.au.studiorishav.com'. You may need to add 'chitwanremoval.com.au.studiorishav.com' to ALLOWED_HOSTS.
Invalid HTTP_HOST header: 'chitwanremoval.com.au.studiorishav.com'. You may need to add 'chitwanremoval.com.au.studiorishav.com' to ALLOWED_HOSTS.
Traceback (most recent call last):
  File "/home1/studiori/virtualenv/chitwanremoval.com.au/chitwan_removal/3.10/lib/python3.10/site-packages/django/core/handlers/exception.py", line 55, in inner
    response = get_response(request)
  File "/home1/studiori/virtualenv/chitwanremoval.com.au/chitwan_removal/3.10/lib/python3.10/site-packages/django/utils/deprecation.py", line 119, in __call__
    response = self.process_request(request)
  File "/home1/studiori/virtualenv/chitwanremoval.com.au/chitwan_removal/3.10/lib/python3.10/site-packages/django/middleware/common.py", line 48, in process_request
    host = request.get_host()
  File "/home1/studiori/virtualenv/chitwanremoval.com.au/chitwan_removal/3.10/lib/python3.10/site-packages/django/http/request.py", line 203, in get_host
    raise DisallowedHost(msg)
django.core.exceptions.DisallowedHost: Invalid HTTP_HOST header: 'chitwanremoval.com.au.studiorishav.com'. You may need to add 'chitwanremoval.com.au.studiorishav.com' to ALLOWED_HOSTS.
Invalid HTTP_HOST header: 'chitwanremoval.com.au.studiorishav.com'. You may need to add 'chitwanremoval.com.au.studiorishav.com' to ALLOWED_HOSTS.
Traceback (most recent call last):
  File "/home1/studiori/virtualenv/chitwanremoval.com.au/chitwan_removal/3.10/lib/python3.10/site-packages/django/core/handlers/exception.py", line 55, in inner
    response = get_response(request)
  File "/home1/studiori/virtualenv/chitwanremoval.com.au/chitwan_removal/3.10/lib/python3.10/site-packages/django/utils/deprecation.py", line 119, in __call__
    response = self.process_request(request)
  File "/home1/studiori/virtualenv/chitwanremoval.com.au/chitwan_removal/3.10/lib/python3.10/site-packages/django/middleware/common.py", line 48, in process_request
    host = request.get_host()
  File "/home1/studiori/virtualenv/chitwanremoval.com.au/chitwan_removal/3.10/lib/python3.10/site-packages/django/http/request.py", line 203, in get_host
    raise DisallowedHost(msg)
django.core.exceptions.DisallowedHost: Invalid HTTP_HOST header: 'chitwanremoval.com.au.studiorishav.com'. You may need to add 'chitwanremoval.com.au.studiorishav.com' to ALLOWED_HOSTS.
Invalid HTTP_HOST header: 'chitwanremoval.com.au.studiorishav.com'. You may need to add 'chitwanremoval.com.au.studiorishav.com' to ALLOWED_HOSTS.
Traceback (most recent call last):
  File "/home1/studiori/virtualenv/chitwanremoval.com.au/chitwan_removal/3.10/lib/python3.10/site-packages/django/core/handlers/exception.py", line 55, in inner
    response = get_response(request)
  File "/home1/studiori/virtualenv/chitwanremoval.com.au/chitwan_removal/3.10/lib/python3.10/site-packages/django/utils/deprecation.py", line 119, in __call__
    response = self.process_request(request)
  File "/home1/studiori/virtualenv/chitwanremoval.com.au/chitwan_removal/3.10/lib/python3.10/site-packages/django/middleware/common.py", line 48, in process_request
    host = request.get_host()
  File "/home1/studiori/virtualenv/chitwanremoval.com.au/chitwan_removal/3.10/lib/python3.10/site-packages/django/http/request.py", line 203, in get_host
    raise DisallowedHost(msg)
django.core.exceptions.DisallowedHost: Invalid HTTP_HOST header: 'chitwanremoval.com.au.studiorishav.com'. You may need to add 'chitwanremoval.com.au.studiorishav.com' to ALLOWED_HOSTS.
Invalid HTTP_HOST header: 'chitwanremoval.com.au.studiorishav.com'. You may need to add 'chitwanremoval.com.au.studiorishav.com' to ALLOWED_HOSTS.
Traceback (most recent call last):
  File "/home1/studiori/virtualenv/chitwanremoval.com.au/chitwan_removal/3.10/lib/python3.10/site-packages/django/core/handlers/exception.py", line 55, in inner
    response = get_response(request)
  File "/home1/studiori/virtualenv/chitwanremoval.com.au/chitwan_removal/3.10/lib/python3.10/site-packages/django/utils/deprecation.py", line 119, in __call__
    response = self.process_request(request)
  File "/home1/studiori/virtualenv/chitwanremoval.com.au/chitwan_removal/3.10/lib/python3.10/site-packages/django/middleware/common.py", line 48, in process_request
    host = request.get_host()
  File "/home1/studiori/virtualenv/chitwanremoval.com.au/chitwan_removal/3.10/lib/python3.10/site-packages/django/http/request.py", line 203, in get_host
    raise DisallowedHost(msg)
django.core.exceptions.DisallowedHost: Invalid HTTP_HOST header: 'chitwanremoval.com.au.studiorishav.com'. You may need to add 'chitwanremoval.com.au.studiorishav.com' to ALLOWED_HOSTS.
Invalid HTTP_HOST header: 'chitwanremoval.com.au.studiorishav.com'. You may need to add 'chitwanremoval.com.au.studiorishav.com' to ALLOWED_HOSTS.
Traceback (most recent call last):
  File "/home1/studiori/virtualenv/chitwanremoval.com.au/chitwan_removal/3.10/lib/python3.10/site-packages/django/core/handlers/exception.py", line 55, in inner
    response = get_response(request)
  File "/home1/studiori/virtualenv/chitwanremoval.com.au/chitwan_removal/3.10/lib/python3.10/site-packages/django/utils/deprecation.py", line 119, in __call__
    response = self.process_request(request)
  File "/home1/studiori/virtualenv/chitwanremoval.com.au/chitwan_removal/3.10/lib/python3.10/site-packages/django/middleware/common.py", line 48, in process_request
    host = request.get_host()
  File "/home1/studiori/virtualenv/chitwanremoval.com.au/chitwan_removal/3.10/lib/python3.10/site-packages/django/http/request.py", line 203, in get_host
    raise DisallowedHost(msg)
django.core.exceptions.DisallowedHost: Invalid HTTP_HOST header: 'chitwanremoval.com.au.studiorishav.com'. You may need to add 'chitwanremoval.com.au.studiorishav.com' to ALLOWED_HOSTS.
Invalid HTTP_HOST header: 'chitwanremoval.com.au.studiorishav.com'. You may need to add 'chitwanremoval.com.au.studiorishav.com' to ALLOWED_HOSTS.
Traceback (most recent call last):
  File "/home1/studiori/virtualenv/chitwanremoval.com.au/chitwan_removal/3.10/lib/python3.10/site-packages/django/core/handlers/exception.py", line 55, in inner
    response = get_response(request)
  File "/home1/studiori/virtualenv/chitwanremoval.com.au/chitwan_removal/3.10/lib/python3.10/site-packages/django/utils/deprecation.py", line 119, in __call__
    response = self.process_request(request)
  File "/home1/studiori/virtualenv/chitwanremoval.com.au/chitwan_removal/3.10/lib/python3.10/site-packages/django/middleware/common.py", line 48, in process_request
    host = request.get_host()
  File "/home1/studiori/virtualenv/chitwanremoval.com.au/chitwan_removal/3.10/lib/python3.10/site-packages/django/http/request.py", line 203, in get_host
    raise DisallowedHost(msg)
django.core.exceptions.DisallowedHost: Invalid HTTP_HOST header: 'chitwanremoval.com.au.studiorishav.com'. You may need to add 'chitwanremoval.com.au.studiorishav.com' to ALLOWED_HOSTS.
Invalid HTTP_HOST header: 'www.chitwanremoval.com.au.studiorishav.com'. You may need to add 'www.chitwanremoval.com.au.studiorishav.com' to ALLOWED_HOSTS.
Traceback (most recent call last):
  File "/home1/studiori/virtualenv/chitwanremoval.com.au/chitwan_removal/3.10/lib/python3.10/site-packages/django/core/handlers/exception.py", line 55, in inner
    response = get_response(request)
  File "/home1/studiori/virtualenv/chitwanremoval.com.au/chitwan_removal/3.10/lib/python3.10/site-packages/django/utils/deprecation.py", line 119, in __call__
    response = self.process_request(request)
  File "/home1/studiori/virtualenv/chitwanremoval.com.au/chitwan_removal/3.10/lib/python3.10/site-packages/django/middleware/common.py", line 48, in process_request
    host = request.get_host()
  File "/home1/studiori/virtualenv/chitwanremoval.com.au/chitwan_removal/3.10/lib/python3.10/site-packages/django/http/request.py", line 203, in get_host
    raise DisallowedHost(msg)
django.core.exceptions.DisallowedHost: Invalid HTTP_HOST header: 'www.chitwanremoval.com.au.studiorishav.com'. You may need to add 'www.chitwanremoval.com.au.studiorishav.com' to ALLOWED_HOSTS.
Invalid HTTP_HOST header: 'www.chitwanremoval.com.au.studiorishav.com'. You may need to add 'www.chitwanremoval.com.au.studiorishav.com' to ALLOWED_HOSTS.
Traceback (most recent call last):
  File "/home1/studiori/virtualenv/chitwanremoval.com.au/chitwan_removal/3.10/lib/python3.10/site-packages/django/core/handlers/exception.py", line 55, in inner
    response = get_response(request)
  File "/home1/studiori/virtualenv/chitwanremoval.com.au/chitwan_removal/3.10/lib/python3.10/site-packages/django/utils/deprecation.py", line 119, in __call__
    response = self.process_request(request)
  File "/home1/studiori/virtualenv/chitwanremoval.com.au/chitwan_removal/3.10/lib/python3.10/site-packages/django/middleware/common.py", line 48, in process_request
    host = request.get_host()
  File "/home1/studiori/virtualenv/chitwanremoval.com.au/chitwan_removal/3.10/lib/python3.10/site-packages/django/http/request.py", line 203, in get_host
    raise DisallowedHost(msg)
django.core.exceptions.DisallowedHost: Invalid HTTP_HOST header: 'www.chitwanremoval.com.au.studiorishav.com'. You may need to add 'www.chitwanremoval.com.au.studiorishav.com' to ALLOWED_HOSTS.
Invalid HTTP_HOST header: 'www.chitwanremoval.com.au.studiorishav.com'. You may need to add 'www.chitwanremoval.com.au.studiorishav.com' to ALLOWED_HOSTS.
Traceback (most recent call last):
  File "/home1/studiori/virtualenv/chitwanremoval.com.au/chitwan_removal/3.10/lib/python3.10/site-packages/django/core/handlers/exception.py", line 55, in inner
    response = get_response(request)
  File "/home1/studiori/virtualenv/chitwanremoval.com.au/chitwan_removal/3.10/lib/python3.10/site-packages/django/utils/deprecation.py", line 119, in __call__
    response = self.process_request(request)
  File "/home1/studiori/virtualenv/chitwanremoval.com.au/chitwan_removal/3.10/lib/python3.10/site-packages/django/middleware/common.py", line 48, in process_request
    host = request.get_host()
  File "/home1/studiori/virtualenv/chitwanremoval.com.au/chitwan_removal/3.10/lib/python3.10/site-packages/django/http/request.py", line 203, in get_host
    raise DisallowedHost(msg)
django.core.exceptions.DisallowedHost: Invalid HTTP_HOST header: 'www.chitwanremoval.com.au.studiorishav.com'. You may need to add 'www.chitwanremoval.com.au.studiorishav.com' to ALLOWED_HOSTS.
Invalid HTTP_HOST header: 'www.chitwanremoval.com.au.studiorishav.com'. You may need to add 'www.chitwanremoval.com.au.studiorishav.com' to ALLOWED_HOSTS.
Traceback (most recent call last):
  File "/home1/studiori/virtualenv/chitwanremoval.com.au/chitwan_removal/3.10/lib/python3.10/site-packages/django/core/handlers/exception.py", line 55, in inner
    response = get_response(request)
  File "/home1/studiori/virtualenv/chitwanremoval.com.au/chitwan_removal/3.10/lib/python3.10/site-packages/django/utils/deprecation.py", line 119, in __call__
    response = self.process_request(request)
  File "/home1/studiori/virtualenv/chitwanremoval.com.au/chitwan_removal/3.10/lib/python3.10/site-packages/django/middleware/common.py", line 48, in process_request
    host = request.get_host()
  File "/home1/studiori/virtualenv/chitwanremoval.com.au/chitwan_removal/3.10/lib/python3.10/site-packages/django/http/request.py", line 203, in get_host
    raise DisallowedHost(msg)
django.core.exceptions.DisallowedHost: Invalid HTTP_HOST header: 'www.chitwanremoval.com.au.studiorishav.com'. You may need to add 'www.chitwanremoval.com.au.studiorishav.com' to ALLOWED_HOSTS.
Invalid HTTP_HOST header: 'chitwanremoval.com.au.studiorishav.com'. You may need to add 'chitwanremoval.com.au.studiorishav.com' to ALLOWED_HOSTS.
Traceback (most recent call last):
  File "/home1/studiori/virtualenv/chitwanremoval.com.au/chitwan_removal/3.10/lib/python3.10/site-packages/django/core/handlers/exception.py", line 55, in inner
    response = get_response(request)
  File "/home1/studiori/virtualenv/chitwanremoval.com.au/chitwan_removal/3.10/lib/python3.10/site-packages/django/utils/deprecation.py", line 119, in __call__
    response = self.process_request(request)
  File "/home1/studiori/virtualenv/chitwanremoval.com.au/chitwan_removal/3.10/lib/python3.10/site-packages/django/middleware/common.py", line 48, in process_request
    host = request.get_host()
  File "/home1/studiori/virtualenv/chitwanremoval.com.au/chitwan_removal/3.10/lib/python3.10/site-packages/django/http/request.py", line 203, in get_host
    raise DisallowedHost(msg)
django.core.exceptions.DisallowedHost: Invalid HTTP_HOST header: 'chitwanremoval.com.au.studiorishav.com'. You may need to add 'chitwanremoval.com.au.studiorishav.com' to ALLOWED_HOSTS.
Invalid HTTP_HOST header: 'chitwanremoval.com.au.studiorishav.com'. You may need to add 'chitwanremoval.com.au.studiorishav.com' to ALLOWED_HOSTS.
Traceback (most recent call last):
  File "/home1/studiori/virtualenv/chitwanremoval.com.au/chitwan_removal/3.10/lib/python3.10/site-packages/django/core/handlers/exception.py", line 55, in inner
    response = get_response(request)
  File "/home1/studiori/virtualenv/chitwanremoval.com.au/chitwan_removal/3.10/lib/python3.10/site-packages/django/utils/deprecation.py", line 119, in __call__
    response = self.process_request(request)
  File "/home1/studiori/virtualenv/chitwanremoval.com.au/chitwan_removal/3.10/lib/python3.10/site-packages/django/middleware/common.py", line 48, in process_request
    host = request.get_host()
  File "/home1/studiori/virtualenv/chitwanremoval.com.au/chitwan_removal/3.10/lib/python3.10/site-packages/django/http/request.py", line 203, in get_host
    raise DisallowedHost(msg)
django.core.exceptions.DisallowedHost: Invalid HTTP_HOST header: 'chitwanremoval.com.au.studiorishav.com'. You may need to add 'chitwanremoval.com.au.studiorishav.com' to ALLOWED_HOSTS.
Invalid HTTP_HOST header: 'chitwanremoval.com.au.studiorishav.com'. You may need to add 'chitwanremoval.com.au.studiorishav.com' to ALLOWED_HOSTS.
Traceback (most recent call last):
  File "/home1/studiori/virtualenv/chitwanremoval.com.au/chitwan_removal/3.10/lib/python3.10/site-packages/django/core/handlers/exception.py", line 55, in inner
    response = get_response(request)
  File "/home1/studiori/virtualenv/chitwanremoval.com.au/chitwan_removal/3.10/lib/python3.10/site-packages/django/utils/deprecation.py", line 119, in __call__
    response = self.process_request(request)
  File "/home1/studiori/virtualenv/chitwanremoval.com.au/chitwan_removal/3.10/lib/python3.10/site-packages/django/middleware/common.py", line 48, in process_request
    host = request.get_host()
  File "/home1/studiori/virtualenv/chitwanremoval.com.au/chitwan_removal/3.10/lib/python3.10/site-packages/django/http/request.py", line 203, in get_host
    raise DisallowedHost(msg)
django.core.exceptions.DisallowedHost: Invalid HTTP_HOST header: 'chitwanremoval.com.au.studiorishav.com'. You may need to add 'chitwanremoval.com.au.studiorishav.com' to ALLOWED_HOSTS.
Invalid HTTP_HOST header: 'chitwanremoval.com.au.studiorishav.com'. You may need to add 'chitwanremoval.com.au.studiorishav.com' to ALLOWED_HOSTS.
Traceback (most recent call last):
  File "/home1/studiori/virtualenv/chitwanremoval.com.au/chitwan_removal/3.10/lib/python3.10/site-packages/django/core/handlers/exception.py", line 55, in inner
    response = get_response(request)
  File "/home1/studiori/virtualenv/chitwanremoval.com.au/chitwan_removal/3.10/lib/python3.10/site-packages/django/utils/deprecation.py", line 119, in __call__
    response = self.process_request(request)
  File "/home1/studiori/virtualenv/chitwanremoval.com.au/chitwan_removal/3.10/lib/python3.10/site-packages/django/middleware/common.py", line 48, in process_request
    host = request.get_host()
  File "/home1/studiori/virtualenv/chitwanremoval.com.au/chitwan_removal/3.10/lib/python3.10/site-packages/django/http/request.py", line 203, in get_host
    raise DisallowedHost(msg)
django.core.exceptions.DisallowedHost: Invalid HTTP_HOST header: 'chitwanremoval.com.au.studiorishav.com'. You may need to add 'chitwanremoval.com.au.studiorishav.com' to ALLOWED_HOSTS.
Invalid HTTP_HOST header: 'chitwanremoval.com.au.studiorishav.com'. You may need to add 'chitwanremoval.com.au.studiorishav.com' to ALLOWED_HOSTS.
Traceback (most recent call last):
  File "/home1/studiori/virtualenv/chitwanremoval.com.au/chitwan_removal/3.10/lib/python3.10/site-packages/django/core/handlers/exception.py", line 55, in inner
    response = get_response(request)
  File "/home1/studiori/virtualenv/chitwanremoval.com.au/chitwan_removal/3.10/lib/python3.10/site-packages/django/utils/deprecation.py", line 119, in __call__
    response = self.process_request(request)
  File "/home1/studiori/virtualenv/chitwanremoval.com.au/chitwan_removal/3.10/lib/python3.10/site-packages/django/middleware/common.py", line 48, in process_request
    host = request.get_host()
  File "/home1/studiori/virtualenv/chitwanremoval.com.au/chitwan_removal/3.10/lib/python3.10/site-packages/django/http/request.py", line 203, in get_host
    raise DisallowedHost(msg)
django.core.exceptions.DisallowedHost: Invalid HTTP_HOST header: 'chitwanremoval.com.au.studiorishav.com'. You may need to add 'chitwanremoval.com.au.studiorishav.com' to ALLOWED_HOSTS.
Invalid HTTP_HOST header: 'chitwanremoval.com.au.studiorishav.com'. You may need to add 'chitwanremoval.com.au.studiorishav.com' to ALLOWED_HOSTS.
Traceback (most recent call last):
  File "/home1/studiori/virtualenv/chitwanremoval.com.au/chitwan_removal/3.10/lib/python3.10/site-packages/django/core/handlers/exception.py", line 55, in inner
    response = get_response(request)
  File "/home1/studiori/virtualenv/chitwanremoval.com.au/chitwan_removal/3.10/lib/python3.10/site-packages/django/utils/deprecation.py", line 119, in __call__
    response = self.process_request(request)
  File "/home1/studiori/virtualenv/chitwanremoval.com.au/chitwan_removal/3.10/lib/python3.10/site-packages/django/middleware/common.py", line 48, in process_request
    host = request.get_host()
  File "/home1/studiori/virtualenv/chitwanremoval.com.au/chitwan_removal/3.10/lib/python3.10/site-packages/django/http/request.py", line 203, in get_host
    raise DisallowedHost(msg)
django.core.exceptions.DisallowedHost: Invalid HTTP_HOST header: 'chitwanremoval.com.au.studiorishav.com'. You may need to add 'chitwanremoval.com.au.studiorishav.com' to ALLOWED_HOSTS.
Invalid HTTP_HOST header: 'chitwanremoval.com.au.studiorishav.com'. You may need to add 'chitwanremoval.com.au.studiorishav.com' to ALLOWED_HOSTS.
Traceback (most recent call last):
  File "/home1/studiori/virtualenv/chitwanremoval.com.au/chitwan_removal/3.10/lib/python3.10/site-packages/django/core/handlers/exception.py", line 55, in inner
    response = get_response(request)
  File "/home1/studiori/virtualenv/chitwanremoval.com.au/chitwan_removal/3.10/lib/python3.10/site-packages/django/utils/deprecation.py", line 119, in __call__
    response = self.process_request(request)
  File "/home1/studiori/virtualenv/chitwanremoval.com.au/chitwan_removal/3.10/lib/python3.10/site-packages/django/middleware/common.py", line 48, in process_request
    host = request.get_host()
  File "/home1/studiori/virtualenv/chitwanremoval.com.au/chitwan_removal/3.10/lib/python3.10/site-packages/django/http/request.py", line 203, in get_host
    raise DisallowedHost(msg)
django.core.exceptions.DisallowedHost: Invalid HTTP_HOST header: 'chitwanremoval.com.au.studiorishav.com'. You may need to add 'chitwanremoval.com.au.studiorishav.com' to ALLOWED_HOSTS.
Invalid HTTP_HOST header: 'chitwanremoval.com.au.studiorishav.com'. You may need to add 'chitwanremoval.com.au.studiorishav.com' to ALLOWED_HOSTS.
Traceback (most recent call last):
  File "/home1/studiori/virtualenv/chitwanremoval.com.au/chitwan_removal/3.10/lib/python3.10/site-packages/django/core/handlers/exception.py", line 55, in inner
    response = get_response(request)
  File "/home1/studiori/virtualenv/chitwanremoval.com.au/chitwan_removal/3.10/lib/python3.10/site-packages/django/utils/deprecation.py", line 119, in __call__
    response = self.process_request(request)
  File "/home1/studiori/virtualenv/chitwanremoval.com.au/chitwan_removal/3.10/lib/python3.10/site-packages/django/middleware/common.py", line 48, in process_request
    host = request.get_host()
  File "/home1/studiori/virtualenv/chitwanremoval.com.au/chitwan_removal/3.10/lib/python3.10/site-packages/django/http/request.py", line 203, in get_host
    raise DisallowedHost(msg)
django.core.exceptions.DisallowedHost: Invalid HTTP_HOST header: 'chitwanremoval.com.au.studiorishav.com'. You may need to add 'chitwanremoval.com.au.studiorishav.com' to ALLOWED_HOSTS.
Invalid HTTP_HOST header: 'chitwanremoval.com.au.studiorishav.com'. You may need to add 'chitwanremoval.com.au.studiorishav.com' to ALLOWED_HOSTS.
Traceback (most recent call last):
  File "/home1/studiori/virtualenv/chitwanremoval.com.au/chitwan_removal/3.10/lib/python3.10/site-packages/django/core/handlers/exception.py", line 55, in inner
    response = get_response(request)
  File "/home1/studiori/virtualenv/chitwanremoval.com.au/chitwan_removal/3.10/lib/python3.10/site-packages/django/utils/deprecation.py", line 119, in __call__
    response = self.process_request(request)
  File "/home1/studiori/virtualenv/chitwanremoval.com.au/chitwan_removal/3.10/lib/python3.10/site-packages/django/middleware/common.py", line 48, in process_request
    host = request.get_host()
  File "/home1/studiori/virtualenv/chitwanremoval.com.au/chitwan_removal/3.10/lib/python3.10/site-packages/django/http/request.py", line 203, in get_host
    raise DisallowedHost(msg)
django.core.exceptions.DisallowedHost: Invalid HTTP_HOST header: 'chitwanremoval.com.au.studiorishav.com'. You may need to add 'chitwanremoval.com.au.studiorishav.com' to ALLOWED_HOSTS.
Invalid HTTP_HOST header: 'www.chitwanremoval.com.au.studiorishav.com'. You may need to add 'www.chitwanremoval.com.au.studiorishav.com' to ALLOWED_HOSTS.
Traceback (most recent call last):
  File "/home1/studiori/virtualenv/chitwanremoval.com.au/chitwan_removal/3.10/lib/python3.10/site-packages/django/core/handlers/exception.py", line 55, in inner
    response = get_response(request)
  File "/home1/studiori/virtualenv/chitwanremoval.com.au/chitwan_removal/3.10/lib/python3.10/site-packages/django/utils/deprecation.py", line 119, in __call__
    response = self.process_request(request)
  File "/home1/studiori/virtualenv/chitwanremoval.com.au/chitwan_removal/3.10/lib/python3.10/site-packages/django/middleware/common.py", line 48, in process_request
    host = request.get_host()
  File "/home1/studiori/virtualenv/chitwanremoval.com.au/chitwan_removal/3.10/lib/python3.10/site-packages/django/http/request.py", line 203, in get_host
    raise DisallowedHost(msg)
django.core.exceptions.DisallowedHost: Invalid HTTP_HOST header: 'www.chitwanremoval.com.au.studiorishav.com'. You may need to add 'www.chitwanremoval.com.au.studiorishav.com' to ALLOWED_HOSTS.
Invalid HTTP_HOST header: 'www.chitwanremoval.com.au.studiorishav.com'. You may need to add 'www.chitwanremoval.com.au.studiorishav.com' to ALLOWED_HOSTS.
Traceback (most recent call last):
  File "/home1/studiori/virtualenv/chitwanremoval.com.au/chitwan_removal/3.10/lib/python3.10/site-packages/django/core/handlers/exception.py", line 55, in inner
    response = get_response(request)
  File "/home1/studiori/virtualenv/chitwanremoval.com.au/chitwan_removal/3.10/lib/python3.10/site-packages/django/utils/deprecation.py", line 119, in __call__
    response = self.process_request(request)
  File "/home1/studiori/virtualenv/chitwanremoval.com.au/chitwan_removal/3.10/lib/python3.10/site-packages/django/middleware/common.py", line 48, in process_request
    host = request.get_host()
  File "/home1/studiori/virtualenv/chitwanremoval.com.au/chitwan_removal/3.10/lib/python3.10/site-packages/django/http/request.py", line 203, in get_host
    raise DisallowedHost(msg)
django.core.exceptions.DisallowedHost: Invalid HTTP_HOST header: 'www.chitwanremoval.com.au.studiorishav.com'. You may need to add 'www.chitwanremoval.com.au.studiorishav.com' to ALLOWED_HOSTS.
Invalid HTTP_HOST header: 'www.chitwanremoval.com.au.studiorishav.com'. You may need to add 'www.chitwanremoval.com.au.studiorishav.com' to ALLOWED_HOSTS.
Traceback (most recent call last):
  File "/home1/studiori/virtualenv/chitwanremoval.com.au/chitwan_removal/3.10/lib/python3.10/site-packages/django/core/handlers/exception.py", line 55, in inner
    response = get_response(request)
  File "/home1/studiori/virtualenv/chitwanremoval.com.au/chitwan_removal/3.10/lib/python3.10/site-packages/django/utils/deprecation.py", line 119, in __call__
    response = self.process_request(request)
  File "/home1/studiori/virtualenv/chitwanremoval.com.au/chitwan_removal/3.10/lib/python3.10/site-packages/django/middleware/common.py", line 48, in process_request
    host = request.get_host()
  File "/home1/studiori/virtualenv/chitwanremoval.com.au/chitwan_removal/3.10/lib/python3.10/site-packages/django/http/request.py", line 203, in get_host
    raise DisallowedHost(msg)
django.core.exceptions.DisallowedHost: Invalid HTTP_HOST header: 'www.chitwanremoval.com.au.studiorishav.com'. You may need to add 'www.chitwanremoval.com.au.studiorishav.com' to ALLOWED_HOSTS.
Invalid HTTP_HOST header: 'www.chitwanremoval.com.au.studiorishav.com'. You may need to add 'www.chitwanremoval.com.au.studiorishav.com' to ALLOWED_HOSTS.
Traceback (most recent call last):
  File "/home1/studiori/virtualenv/chitwanremoval.com.au/chitwan_removal/3.10/lib/python3.10/site-packages/django/core/handlers/exception.py", line 55, in inner
    response = get_response(request)
  File "/home1/studiori/virtualenv/chitwanremoval.com.au/chitwan_removal/3.10/lib/python3.10/site-packages/django/utils/deprecation.py", line 119, in __call__
    response = self.process_request(request)
  File "/home1/studiori/virtualenv/chitwanremoval.com.au/chitwan_removal/3.10/lib/python3.10/site-packages/django/middleware/common.py", line 48, in process_request
    host = request.get_host()
  File "/home1/studiori/virtualenv/chitwanremoval.com.au/chitwan_removal/3.10/lib/python3.10/site-packages/django/http/request.py", line 203, in get_host
    raise DisallowedHost(msg)
django.core.exceptions.DisallowedHost: Invalid HTTP_HOST header: 'www.chitwanremoval.com.au.studiorishav.com'. You may need to add 'www.chitwanremoval.com.au.studiorishav.com' to ALLOWED_HOSTS.
Invalid HTTP_HOST header: 'www.chitwanremoval.com.au.studiorishav.com'. You may need to add 'www.chitwanremoval.com.au.studiorishav.com' to ALLOWED_HOSTS.
Traceback (most recent call last):
  File "/home1/studiori/virtualenv/chitwanremoval.com.au/chitwan_removal/3.10/lib/python3.10/site-packages/django/core/handlers/exception.py", line 55, in inner
    response = get_response(request)
  File "/home1/studiori/virtualenv/chitwanremoval.com.au/chitwan_removal/3.10/lib/python3.10/site-packages/django/utils/deprecation.py", line 119, in __call__
    response = self.process_request(request)
  File "/home1/studiori/virtualenv/chitwanremoval.com.au/chitwan_removal/3.10/lib/python3.10/site-packages/django/middleware/common.py", line 48, in process_request
    host = request.get_host()
  File "/home1/studiori/virtualenv/chitwanremoval.com.au/chitwan_removal/3.10/lib/python3.10/site-packages/django/http/request.py", line 203, in get_host
    raise DisallowedHost(msg)
django.core.exceptions.DisallowedHost: Invalid HTTP_HOST header: 'www.chitwanremoval.com.au.studiorishav.com'. You may need to add 'www.chitwanremoval.com.au.studiorishav.com' to ALLOWED_HOSTS.
Invalid HTTP_HOST header: 'chitwanremoval.com.au.studiorishav.com'. You may need to add 'chitwanremoval.com.au.studiorishav.com' to ALLOWED_HOSTS.
Traceback (most recent call last):
  File "/home1/studiori/virtualenv/chitwanremoval.com.au/chitwan_removal/3.10/lib/python3.10/site-packages/django/core/handlers/exception.py", line 55, in inner
    response = get_response(request)
  File "/home1/studiori/virtualenv/chitwanremoval.com.au/chitwan_removal/3.10/lib/python3.10/site-packages/django/utils/deprecation.py", line 119, in __call__
    response = self.process_request(request)
  File "/home1/studiori/virtualenv/chitwanremoval.com.au/chitwan_removal/3.10/lib/python3.10/site-packages/django/middleware/common.py", line 48, in process_request
    host = request.get_host()
  File "/home1/studiori/virtualenv/chitwanremoval.com.au/chitwan_removal/3.10/lib/python3.10/site-packages/django/http/request.py", line 203, in get_host
    raise DisallowedHost(msg)
django.core.exceptions.DisallowedHost: Invalid HTTP_HOST header: 'chitwanremoval.com.au.studiorishav.com'. You may need to add 'chitwanremoval.com.au.studiorishav.com' to ALLOWED_HOSTS.
Invalid HTTP_HOST header: 'chitwanremoval.com.au.studiorishav.com'. You may need to add 'chitwanremoval.com.au.studiorishav.com' to ALLOWED_HOSTS.
Traceback (most recent call last):
  File "/home1/studiori/virtualenv/chitwanremoval.com.au/chitwan_removal/3.10/lib/python3.10/site-packages/django/core/handlers/exception.py", line 55, in inner
    response = get_response(request)
  File "/home1/studiori/virtualenv/chitwanremoval.com.au/chitwan_removal/3.10/lib/python3.10/site-packages/django/utils/deprecation.py", line 119, in __call__
    response = self.process_request(request)
  File "/home1/studiori/virtualenv/chitwanremoval.com.au/chitwan_removal/3.10/lib/python3.10/site-packages/django/middleware/common.py", line 48, in process_request
    host = request.get_host()
  File "/home1/studiori/virtualenv/chitwanremoval.com.au/chitwan_removal/3.10/lib/python3.10/site-packages/django/http/request.py", line 203, in get_host
    raise DisallowedHost(msg)
django.core.exceptions.DisallowedHost: Invalid HTTP_HOST header: 'chitwanremoval.com.au.studiorishav.com'. You may need to add 'chitwanremoval.com.au.studiorishav.com' to ALLOWED_HOSTS.
Invalid HTTP_HOST header: 'chitwanremoval.com.au.studiorishav.com'. You may need to add 'chitwanremoval.com.au.studiorishav.com' to ALLOWED_HOSTS.
Traceback (most recent call last):
  File "/home1/studiori/virtualenv/chitwanremoval.com.au/chitwan_removal/3.10/lib/python3.10/site-packages/django/core/handlers/exception.py", line 55, in inner
    response = get_response(request)
  File "/home1/studiori/virtualenv/chitwanremoval.com.au/chitwan_removal/3.10/lib/python3.10/site-packages/django/utils/deprecation.py", line 119, in __call__
    response = self.process_request(request)
  File "/home1/studiori/virtualenv/chitwanremoval.com.au/chitwan_removal/3.10/lib/python3.10/site-packages/django/middleware/common.py", line 48, in process_request
    host = request.get_host()
  File "/home1/studiori/virtualenv/chitwanremoval.com.au/chitwan_removal/3.10/lib/python3.10/site-packages/django/http/request.py", line 203, in get_host
    raise DisallowedHost(msg)
django.core.exceptions.DisallowedHost: Invalid HTTP_HOST header: 'chitwanremoval.com.au.studiorishav.com'. You may need to add 'chitwanremoval.com.au.studiorishav.com' to ALLOWED_HOSTS.
Invalid HTTP_HOST header: 'www.chitwanremoval.com.au.studiorishav.com'. You may need to add 'www.chitwanremoval.com.au.studiorishav.com' to ALLOWED_HOSTS.
Traceback (most recent call last):
  File "/home1/studiori/virtualenv/chitwanremoval.com.au/chitwan_removal/3.10/lib/python3.10/site-packages/django/core/handlers/exception.py", line 55, in inner
    response = get_response(request)
  File "/home1/studiori/virtualenv/chitwanremoval.com.au/chitwan_removal/3.10/lib/python3.10/site-packages/django/utils/deprecation.py", line 119, in __call__
    response = self.process_request(request)
  File "/home1/studiori/virtualenv/chitwanremoval.com.au/chitwan_removal/3.10/lib/python3.10/site-packages/django/middleware/common.py", line 48, in process_request
    host = request.get_host()
  File "/home1/studiori/virtualenv/chitwanremoval.com.au/chitwan_removal/3.10/lib/python3.10/site-packages/django/http/request.py", line 203, in get_host
    raise DisallowedHost(msg)
django.core.exceptions.DisallowedHost: Invalid HTTP_HOST header: 'www.chitwanremoval.com.au.studiorishav.com'. You may need to add 'www.chitwanremoval.com.au.studiorishav.com' to ALLOWED_HOSTS.
Invalid HTTP_HOST header: 'chitwanremoval.com.au.studiorishav.com'. You may need to add 'chitwanremoval.com.au.studiorishav.com' to ALLOWED_HOSTS.
Traceback (most recent call last):
  File "/home1/studiori/virtualenv/chitwanremoval.com.au/chitwan_removal/3.10/lib/python3.10/site-packages/django/core/handlers/exception.py", line 55, in inner
    response = get_response(request)
  File "/home1/studiori/virtualenv/chitwanremoval.com.au/chitwan_removal/3.10/lib/python3.10/site-packages/django/utils/deprecation.py", line 119, in __call__
    response = self.process_request(request)
  File "/home1/studiori/virtualenv/chitwanremoval.com.au/chitwan_removal/3.10/lib/python3.10/site-packages/django/middleware/common.py", line 48, in process_request
    host = request.get_host()
  File "/home1/studiori/virtualenv/chitwanremoval.com.au/chitwan_removal/3.10/lib/python3.10/site-packages/django/http/request.py", line 203, in get_host
    raise DisallowedHost(msg)
django.core.exceptions.DisallowedHost: Invalid HTTP_HOST header: 'chitwanremoval.com.au.studiorishav.com'. You may need to add 'chitwanremoval.com.au.studiorishav.com' to ALLOWED_HOSTS.
Invalid HTTP_HOST header: 'www.chitwanremoval.com.au.studiorishav.com'. You may need to add 'www.chitwanremoval.com.au.studiorishav.com' to ALLOWED_HOSTS.
Traceback (most recent call last):
  File "/home1/studiori/virtualenv/chitwanremoval.com.au/chitwan_removal/3.10/lib/python3.10/site-packages/django/core/handlers/exception.py", line 55, in inner
    response = get_response(request)
  File "/home1/studiori/virtualenv/chitwanremoval.com.au/chitwan_removal/3.10/lib/python3.10/site-packages/django/utils/deprecation.py", line 119, in __call__
    response = self.process_request(request)
  File "/home1/studiori/virtualenv/chitwanremoval.com.au/chitwan_removal/3.10/lib/python3.10/site-packages/django/middleware/common.py", line 48, in process_request
    host = request.get_host()
  File "/home1/studiori/virtualenv/chitwanremoval.com.au/chitwan_removal/3.10/lib/python3.10/site-packages/django/http/request.py", line 203, in get_host
    raise DisallowedHost(msg)
django.core.exceptions.DisallowedHost: Invalid HTTP_HOST header: 'www.chitwanremoval.com.au.studiorishav.com'. You may need to add 'www.chitwanremoval.com.au.studiorishav.com' to ALLOWED_HOSTS.
Invalid HTTP_HOST header: 'www.chitwanremoval.com.au.studiorishav.com'. You may need to add 'www.chitwanremoval.com.au.studiorishav.com' to ALLOWED_HOSTS.
Traceback (most recent call last):
  File "/home1/studiori/virtualenv/chitwanremoval.com.au/chitwan_removal/3.10/lib/python3.10/site-packages/django/core/handlers/exception.py", line 55, in inner
    response = get_response(request)
  File "/home1/studiori/virtualenv/chitwanremoval.com.au/chitwan_removal/3.10/lib/python3.10/site-packages/django/utils/deprecation.py", line 119, in __call__
    response = self.process_request(request)
  File "/home1/studiori/virtualenv/chitwanremoval.com.au/chitwan_removal/3.10/lib/python3.10/site-packages/django/middleware/common.py", line 48, in process_request
    host = request.get_host()
  File "/home1/studiori/virtualenv/chitwanremoval.com.au/chitwan_removal/3.10/lib/python3.10/site-packages/django/http/request.py", line 203, in get_host
    raise DisallowedHost(msg)
django.core.exceptions.DisallowedHost: Invalid HTTP_HOST header: 'www.chitwanremoval.com.au.studiorishav.com'. You may need to add 'www.chitwanremoval.com.au.studiorishav.com' to ALLOWED_HOSTS.
Invalid HTTP_HOST header: 'chitwanremoval.com.au.studiorishav.com:443'. You may need to add 'chitwanremoval.com.au.studiorishav.com' to ALLOWED_HOSTS.
Traceback (most recent call last):
  File "/home1/studiori/virtualenv/chitwanremoval.com.au/chitwan_removal/3.10/lib/python3.10/site-packages/django/core/handlers/exception.py", line 55, in inner
    response = get_response(request)
  File "/home1/studiori/virtualenv/chitwanremoval.com.au/chitwan_removal/3.10/lib/python3.10/site-packages/django/utils/deprecation.py", line 119, in __call__
    response = self.process_request(request)
  File "/home1/studiori/virtualenv/chitwanremoval.com.au/chitwan_removal/3.10/lib/python3.10/site-packages/django/middleware/common.py", line 48, in process_request
    host = request.get_host()
  File "/home1/studiori/virtualenv/chitwanremoval.com.au/chitwan_removal/3.10/lib/python3.10/site-packages/django/http/request.py", line 203, in get_host
    raise DisallowedHost(msg)
django.core.exceptions.DisallowedHost: Invalid HTTP_HOST header: 'chitwanremoval.com.au.studiorishav.com:443'. You may need to add 'chitwanremoval.com.au.studiorishav.com' to ALLOWED_HOSTS.
Invalid HTTP_HOST header: 'chitwanremoval.com.au.studiorishav.com'. You may need to add 'chitwanremoval.com.au.studiorishav.com' to ALLOWED_HOSTS.
Traceback (most recent call last):
  File "/home1/studiori/virtualenv/chitwanremoval.com.au/chitwan_removal/3.10/lib/python3.10/site-packages/django/core/handlers/exception.py", line 55, in inner
    response = get_response(request)
  File "/home1/studiori/virtualenv/chitwanremoval.com.au/chitwan_removal/3.10/lib/python3.10/site-packages/django/utils/deprecation.py", line 119, in __call__
    response = self.process_request(request)
  File "/home1/studiori/virtualenv/chitwanremoval.com.au/chitwan_removal/3.10/lib/python3.10/site-packages/django/middleware/common.py", line 48, in process_request
    host = request.get_host()
  File "/home1/studiori/virtualenv/chitwanremoval.com.au/chitwan_removal/3.10/lib/python3.10/site-packages/django/http/request.py", line 203, in get_host
    raise DisallowedHost(msg)
django.core.exceptions.DisallowedHost: Invalid HTTP_HOST header: 'chitwanremoval.com.au.studiorishav.com'. You may need to add 'chitwanremoval.com.au.studiorishav.com' to ALLOWED_HOSTS.
Invalid HTTP_HOST header: 'chitwanremoval.com.au.studiorishav.com'. You may need to add 'chitwanremoval.com.au.studiorishav.com' to ALLOWED_HOSTS.
Traceback (most recent call last):
  File "/home1/studiori/virtualenv/chitwanremoval.com.au/chitwan_removal/3.10/lib/python3.10/site-packages/django/core/handlers/exception.py", line 55, in inner
    response = get_response(request)
  File "/home1/studiori/virtualenv/chitwanremoval.com.au/chitwan_removal/3.10/lib/python3.10/site-packages/django/utils/deprecation.py", line 119, in __call__
    response = self.process_request(request)
  File "/home1/studiori/virtualenv/chitwanremoval.com.au/chitwan_removal/3.10/lib/python3.10/site-packages/django/middleware/common.py", line 48, in process_request
    host = request.get_host()
  File "/home1/studiori/virtualenv/chitwanremoval.com.au/chitwan_removal/3.10/lib/python3.10/site-packages/django/http/request.py", line 203, in get_host
    raise DisallowedHost(msg)
django.core.exceptions.DisallowedHost: Invalid HTTP_HOST header: 'chitwanremoval.com.au.studiorishav.com'. You may need to add 'chitwanremoval.com.au.studiorishav.com' to ALLOWED_HOSTS.
Invalid HTTP_HOST header: 'chitwanremoval.com.au.studiorishav.com'. You may need to add 'chitwanremoval.com.au.studiorishav.com' to ALLOWED_HOSTS.
Traceback (most recent call last):
  File "/home1/studiori/virtualenv/chitwanremoval.com.au/chitwan_removal/3.10/lib/python3.10/site-packages/django/core/handlers/exception.py", line 55, in inner
    response = get_response(request)
  File "/home1/studiori/virtualenv/chitwanremoval.com.au/chitwan_removal/3.10/lib/python3.10/site-packages/django/utils/deprecation.py", line 119, in __call__
    response = self.process_request(request)
  File "/home1/studiori/virtualenv/chitwanremoval.com.au/chitwan_removal/3.10/lib/python3.10/site-packages/django/middleware/common.py", line 48, in process_request
    host = request.get_host()
  File "/home1/studiori/virtualenv/chitwanremoval.com.au/chitwan_removal/3.10/lib/python3.10/site-packages/django/http/request.py", line 203, in get_host
    raise DisallowedHost(msg)
django.core.exceptions.DisallowedHost: Invalid HTTP_HOST header: 'chitwanremoval.com.au.studiorishav.com'. You may need to add 'chitwanremoval.com.au.studiorishav.com' to ALLOWED_HOSTS.
Invalid HTTP_HOST header: 'chitwanremoval.com.au.studiorishav.com'. You may need to add 'chitwanremoval.com.au.studiorishav.com' to ALLOWED_HOSTS.
Traceback (most recent call last):
  File "/home1/studiori/virtualenv/chitwanremoval.com.au/chitwan_removal/3.10/lib/python3.10/site-packages/django/core/handlers/exception.py", line 55, in inner
    response = get_response(request)
  File "/home1/studiori/virtualenv/chitwanremoval.com.au/chitwan_removal/3.10/lib/python3.10/site-packages/django/utils/deprecation.py", line 119, in __call__
    response = self.process_request(request)
  File "/home1/studiori/virtualenv/chitwanremoval.com.au/chitwan_removal/3.10/lib/python3.10/site-packages/django/middleware/common.py", line 48, in process_request
    host = request.get_host()
  File "/home1/studiori/virtualenv/chitwanremoval.com.au/chitwan_removal/3.10/lib/python3.10/site-packages/django/http/request.py", line 203, in get_host
    raise DisallowedHost(msg)
django.core.exceptions.DisallowedHost: Invalid HTTP_HOST header: 'chitwanremoval.com.au.studiorishav.com'. You may need to add 'chitwanremoval.com.au.studiorishav.com' to ALLOWED_HOSTS.
Invalid HTTP_HOST header: 'chitwanremoval.com.au.studiorishav.com'. You may need to add 'chitwanremoval.com.au.studiorishav.com' to ALLOWED_HOSTS.
Traceback (most recent call last):
  File "/home1/studiori/virtualenv/chitwanremoval.com.au/chitwan_removal/3.10/lib/python3.10/site-packages/django/core/handlers/exception.py", line 55, in inner
    response = get_response(request)
  File "/home1/studiori/virtualenv/chitwanremoval.com.au/chitwan_removal/3.10/lib/python3.10/site-packages/django/utils/deprecation.py", line 119, in __call__
    response = self.process_request(request)
  File "/home1/studiori/virtualenv/chitwanremoval.com.au/chitwan_removal/3.10/lib/python3.10/site-packages/django/middleware/common.py", line 48, in process_request
    host = request.get_host()
  File "/home1/studiori/virtualenv/chitwanremoval.com.au/chitwan_removal/3.10/lib/python3.10/site-packages/django/http/request.py", line 203, in get_host
    raise DisallowedHost(msg)
django.core.exceptions.DisallowedHost: Invalid HTTP_HOST header: 'chitwanremoval.com.au.studiorishav.com'. You may need to add 'chitwanremoval.com.au.studiorishav.com' to ALLOWED_HOSTS.
Invalid HTTP_HOST header: 'chitwanremoval.com.au.studiorishav.com'. You may need to add 'chitwanremoval.com.au.studiorishav.com' to ALLOWED_HOSTS.
Traceback (most recent call last):
  File "/home1/studiori/virtualenv/chitwanremoval.com.au/chitwan_removal/3.10/lib/python3.10/site-packages/django/core/handlers/exception.py", line 55, in inner
    response = get_response(request)
  File "/home1/studiori/virtualenv/chitwanremoval.com.au/chitwan_removal/3.10/lib/python3.10/site-packages/django/utils/deprecation.py", line 119, in __call__
    response = self.process_request(request)
  File "/home1/studiori/virtualenv/chitwanremoval.com.au/chitwan_removal/3.10/lib/python3.10/site-packages/django/middleware/common.py", line 48, in process_request
    host = request.get_host()
  File "/home1/studiori/virtualenv/chitwanremoval.com.au/chitwan_removal/3.10/lib/python3.10/site-packages/django/http/request.py", line 203, in get_host
    raise DisallowedHost(msg)
django.core.exceptions.DisallowedHost: Invalid HTTP_HOST header: 'chitwanremoval.com.au.studiorishav.com'. You may need to add 'chitwanremoval.com.au.studiorishav.com' to ALLOWED_HOSTS.
Invalid HTTP_HOST header: 'chitwanremoval.com.au.studiorishav.com'. You may need to add 'chitwanremoval.com.au.studiorishav.com' to ALLOWED_HOSTS.
Traceback (most recent call last):
  File "/home1/studiori/virtualenv/chitwanremoval.com.au/chitwan_removal/3.10/lib/python3.10/site-packages/django/core/handlers/exception.py", line 55, in inner
    response = get_response(request)
  File "/home1/studiori/virtualenv/chitwanremoval.com.au/chitwan_removal/3.10/lib/python3.10/site-packages/django/utils/deprecation.py", line 119, in __call__
    response = self.process_request(request)
  File "/home1/studiori/virtualenv/chitwanremoval.com.au/chitwan_removal/3.10/lib/python3.10/site-packages/django/middleware/common.py", line 48, in process_request
    host = request.get_host()
  File "/home1/studiori/virtualenv/chitwanremoval.com.au/chitwan_removal/3.10/lib/python3.10/site-packages/django/http/request.py", line 203, in get_host
    raise DisallowedHost(msg)
django.core.exceptions.DisallowedHost: Invalid HTTP_HOST header: 'chitwanremoval.com.au.studiorishav.com'. You may need to add 'chitwanremoval.com.au.studiorishav.com' to ALLOWED_HOSTS.
Invalid HTTP_HOST header: 'chitwanremoval.com.au.studiorishav.com'. You may need to add 'chitwanremoval.com.au.studiorishav.com' to ALLOWED_HOSTS.
Traceback (most recent call last):
  File "/home1/studiori/virtualenv/chitwanremoval.com.au/chitwan_removal/3.10/lib/python3.10/site-packages/django/core/handlers/exception.py", line 55, in inner
    response = get_response(request)
  File "/home1/studiori/virtualenv/chitwanremoval.com.au/chitwan_removal/3.10/lib/python3.10/site-packages/django/utils/deprecation.py", line 119, in __call__
    response = self.process_request(request)
  File "/home1/studiori/virtualenv/chitwanremoval.com.au/chitwan_removal/3.10/lib/python3.10/site-packages/django/middleware/common.py", line 48, in process_request
    host = request.get_host()
  File "/home1/studiori/virtualenv/chitwanremoval.com.au/chitwan_removal/3.10/lib/python3.10/site-packages/django/http/request.py", line 203, in get_host
    raise DisallowedHost(msg)
django.core.exceptions.DisallowedHost: Invalid HTTP_HOST header: 'chitwanremoval.com.au.studiorishav.com'. You may need to add 'chitwanremoval.com.au.studiorishav.com' to ALLOWED_HOSTS.
Invalid HTTP_HOST header: 'chitwanremoval.com.au.studiorishav.com'. You may need to add 'chitwanremoval.com.au.studiorishav.com' to ALLOWED_HOSTS.
Traceback (most recent call last):
  File "/home1/studiori/virtualenv/chitwanremoval.com.au/chitwan_removal/3.10/lib/python3.10/site-packages/django/core/handlers/exception.py", line 55, in inner
    response = get_response(request)
  File "/home1/studiori/virtualenv/chitwanremoval.com.au/chitwan_removal/3.10/lib/python3.10/site-packages/django/utils/deprecation.py", line 119, in __call__
    response = self.process_request(request)
  File "/home1/studiori/virtualenv/chitwanremoval.com.au/chitwan_removal/3.10/lib/python3.10/site-packages/django/middleware/common.py", line 48, in process_request
    host = request.get_host()
  File "/home1/studiori/virtualenv/chitwanremoval.com.au/chitwan_removal/3.10/lib/python3.10/site-packages/django/http/request.py", line 203, in get_host
    raise DisallowedHost(msg)
django.core.exceptions.DisallowedHost: Invalid HTTP_HOST header: 'chitwanremoval.com.au.studiorishav.com'. You may need to add 'chitwanremoval.com.au.studiorishav.com' to ALLOWED_HOSTS.
Invalid HTTP_HOST header: 'chitwanremoval.com.au.studiorishav.com'. You may need to add 'chitwanremoval.com.au.studiorishav.com' to ALLOWED_HOSTS.
Traceback (most recent call last):
  File "/home1/studiori/virtualenv/chitwanremoval.com.au/chitwan_removal/3.10/lib/python3.10/site-packages/django/core/handlers/exception.py", line 55, in inner
    response = get_response(request)
  File "/home1/studiori/virtualenv/chitwanremoval.com.au/chitwan_removal/3.10/lib/python3.10/site-packages/django/utils/deprecation.py", line 119, in __call__
    response = self.process_request(request)
  File "/home1/studiori/virtualenv/chitwanremoval.com.au/chitwan_removal/3.10/lib/python3.10/site-packages/django/middleware/common.py", line 48, in process_request
    host = request.get_host()
  File "/home1/studiori/virtualenv/chitwanremoval.com.au/chitwan_removal/3.10/lib/python3.10/site-packages/django/http/request.py", line 203, in get_host
    raise DisallowedHost(msg)
django.core.exceptions.DisallowedHost: Invalid HTTP_HOST header: 'chitwanremoval.com.au.studiorishav.com'. You may need to add 'chitwanremoval.com.au.studiorishav.com' to ALLOWED_HOSTS.
Invalid HTTP_HOST header: 'chitwanremoval.com.au.studiorishav.com'. You may need to add 'chitwanremoval.com.au.studiorishav.com' to ALLOWED_HOSTS.
Traceback (most recent call last):
  File "/home1/studiori/virtualenv/chitwanremoval.com.au/chitwan_removal/3.10/lib/python3.10/site-packages/django/core/handlers/exception.py", line 55, in inner
    response = get_response(request)
  File "/home1/studiori/virtualenv/chitwanremoval.com.au/chitwan_removal/3.10/lib/python3.10/site-packages/django/utils/deprecation.py", line 119, in __call__
    response = self.process_request(request)
  File "/home1/studiori/virtualenv/chitwanremoval.com.au/chitwan_removal/3.10/lib/python3.10/site-packages/django/middleware/common.py", line 48, in process_request
    host = request.get_host()
  File "/home1/studiori/virtualenv/chitwanremoval.com.au/chitwan_removal/3.10/lib/python3.10/site-packages/django/http/request.py", line 203, in get_host
    raise DisallowedHost(msg)
django.core.exceptions.DisallowedHost: Invalid HTTP_HOST header: 'chitwanremoval.com.au.studiorishav.com'. You may need to add 'chitwanremoval.com.au.studiorishav.com' to ALLOWED_HOSTS.
Invalid HTTP_HOST header: 'chitwanremoval.com.au.studiorishav.com'. You may need to add 'chitwanremoval.com.au.studiorishav.com' to ALLOWED_HOSTS.
Traceback (most recent call last):
  File "/home1/studiori/virtualenv/chitwanremoval.com.au/chitwan_removal/3.10/lib/python3.10/site-packages/django/core/handlers/exception.py", line 55, in inner
    response = get_response(request)
  File "/home1/studiori/virtualenv/chitwanremoval.com.au/chitwan_removal/3.10/lib/python3.10/site-packages/django/utils/deprecation.py", line 119, in __call__
    response = self.process_request(request)
  File "/home1/studiori/virtualenv/chitwanremoval.com.au/chitwan_removal/3.10/lib/python3.10/site-packages/django/middleware/common.py", line 48, in process_request
    host = request.get_host()
  File "/home1/studiori/virtualenv/chitwanremoval.com.au/chitwan_removal/3.10/lib/python3.10/site-packages/django/http/request.py", line 203, in get_host
    raise DisallowedHost(msg)
django.core.exceptions.DisallowedHost: Invalid HTTP_HOST header: 'chitwanremoval.com.au.studiorishav.com'. You may need to add 'chitwanremoval.com.au.studiorishav.com' to ALLOWED_HOSTS.
Invalid HTTP_HOST header: 'www.chitwanremoval.com.au.studiorishav.com'. You may need to add 'www.chitwanremoval.com.au.studiorishav.com' to ALLOWED_HOSTS.
Traceback (most recent call last):
  File "/home1/studiori/virtualenv/chitwanremoval.com.au/chitwan_removal/3.10/lib/python3.10/site-packages/django/core/handlers/exception.py", line 55, in inner
    response = get_response(request)
  File "/home1/studiori/virtualenv/chitwanremoval.com.au/chitwan_removal/3.10/lib/python3.10/site-packages/django/utils/deprecation.py", line 119, in __call__
    response = self.process_request(request)
  File "/home1/studiori/virtualenv/chitwanremoval.com.au/chitwan_removal/3.10/lib/python3.10/site-packages/django/middleware/common.py", line 48, in process_request
    host = request.get_host()
  File "/home1/studiori/virtualenv/chitwanremoval.com.au/chitwan_removal/3.10/lib/python3.10/site-packages/django/http/request.py", line 203, in get_host
    raise DisallowedHost(msg)
django.core.exceptions.DisallowedHost: Invalid HTTP_HOST header: 'www.chitwanremoval.com.au.studiorishav.com'. You may need to add 'www.chitwanremoval.com.au.studiorishav.com' to ALLOWED_HOSTS.
Invalid HTTP_HOST header: 'www.chitwanremoval.com.au.studiorishav.com'. You may need to add 'www.chitwanremoval.com.au.studiorishav.com' to ALLOWED_HOSTS.
Traceback (most recent call last):
  File "/home1/studiori/virtualenv/chitwanremoval.com.au/chitwan_removal/3.10/lib/python3.10/site-packages/django/core/handlers/exception.py", line 55, in inner
    response = get_response(request)
  File "/home1/studiori/virtualenv/chitwanremoval.com.au/chitwan_removal/3.10/lib/python3.10/site-packages/django/utils/deprecation.py", line 119, in __call__
    response = self.process_request(request)
  File "/home1/studiori/virtualenv/chitwanremoval.com.au/chitwan_removal/3.10/lib/python3.10/site-packages/django/middleware/common.py", line 48, in process_request
    host = request.get_host()
  File "/home1/studiori/virtualenv/chitwanremoval.com.au/chitwan_removal/3.10/lib/python3.10/site-packages/django/http/request.py", line 203, in get_host
    raise DisallowedHost(msg)
django.core.exceptions.DisallowedHost: Invalid HTTP_HOST header: 'www.chitwanremoval.com.au.studiorishav.com'. You may need to add 'www.chitwanremoval.com.au.studiorishav.com' to ALLOWED_HOSTS.
Invalid HTTP_HOST header: 'www.chitwanremoval.com.au.studiorishav.com'. You may need to add 'www.chitwanremoval.com.au.studiorishav.com' to ALLOWED_HOSTS.
Traceback (most recent call last):
  File "/home1/studiori/virtualenv/chitwanremoval.com.au/chitwan_removal/3.10/lib/python3.10/site-packages/django/core/handlers/exception.py", line 55, in inner
    response = get_response(request)
  File "/home1/studiori/virtualenv/chitwanremoval.com.au/chitwan_removal/3.10/lib/python3.10/site-packages/django/utils/deprecation.py", line 119, in __call__
    response = self.process_request(request)
  File "/home1/studiori/virtualenv/chitwanremoval.com.au/chitwan_removal/3.10/lib/python3.10/site-packages/django/middleware/common.py", line 48, in process_request
    host = request.get_host()
  File "/home1/studiori/virtualenv/chitwanremoval.com.au/chitwan_removal/3.10/lib/python3.10/site-packages/django/http/request.py", line 203, in get_host
    raise DisallowedHost(msg)
django.core.exceptions.DisallowedHost: Invalid HTTP_HOST header: 'www.chitwanremoval.com.au.studiorishav.com'. You may need to add 'www.chitwanremoval.com.au.studiorishav.com' to ALLOWED_HOSTS.
Invalid HTTP_HOST header: 'www.chitwanremoval.com.au.studiorishav.com'. You may need to add 'www.chitwanremoval.com.au.studiorishav.com' to ALLOWED_HOSTS.
Traceback (most recent call last):
  File "/home1/studiori/virtualenv/chitwanremoval.com.au/chitwan_removal/3.10/lib/python3.10/site-packages/django/core/handlers/exception.py", line 55, in inner
    response = get_response(request)
  File "/home1/studiori/virtualenv/chitwanremoval.com.au/chitwan_removal/3.10/lib/python3.10/site-packages/django/utils/deprecation.py", line 119, in __call__
    response = self.process_request(request)
  File "/home1/studiori/virtualenv/chitwanremoval.com.au/chitwan_removal/3.10/lib/python3.10/site-packages/django/middleware/common.py", line 48, in process_request
    host = request.get_host()
  File "/home1/studiori/virtualenv/chitwanremoval.com.au/chitwan_removal/3.10/lib/python3.10/site-packages/django/http/request.py", line 203, in get_host
    raise DisallowedHost(msg)
django.core.exceptions.DisallowedHost: Invalid HTTP_HOST header: 'www.chitwanremoval.com.au.studiorishav.com'. You may need to add 'www.chitwanremoval.com.au.studiorishav.com' to ALLOWED_HOSTS.
Invalid HTTP_HOST header: 'chitwanremoval.com.au.studiorishav.com'. You may need to add 'chitwanremoval.com.au.studiorishav.com' to ALLOWED_HOSTS.
Traceback (most recent call last):
  File "/home1/studiori/virtualenv/chitwanremoval.com.au/chitwan_removal/3.10/lib/python3.10/site-packages/django/core/handlers/exception.py", line 55, in inner
    response = get_response(request)
  File "/home1/studiori/virtualenv/chitwanremoval.com.au/chitwan_removal/3.10/lib/python3.10/site-packages/django/utils/deprecation.py", line 119, in __call__
    response = self.process_request(request)
  File "/home1/studiori/virtualenv/chitwanremoval.com.au/chitwan_removal/3.10/lib/python3.10/site-packages/django/middleware/common.py", line 48, in process_request
    host = request.get_host()
  File "/home1/studiori/virtualenv/chitwanremoval.com.au/chitwan_removal/3.10/lib/python3.10/site-packages/django/http/request.py", line 203, in get_host
    raise DisallowedHost(msg)
django.core.exceptions.DisallowedHost: Invalid HTTP_HOST header: 'chitwanremoval.com.au.studiorishav.com'. You may need to add 'chitwanremoval.com.au.studiorishav.com' to ALLOWED_HOSTS.
Invalid HTTP_HOST header: 'chitwanremoval.com.au.studiorishav.com'. You may need to add 'chitwanremoval.com.au.studiorishav.com' to ALLOWED_HOSTS.
Traceback (most recent call last):
  File "/home1/studiori/virtualenv/chitwanremoval.com.au/chitwan_removal/3.10/lib/python3.10/site-packages/django/core/handlers/exception.py", line 55, in inner
    response = get_response(request)
  File "/home1/studiori/virtualenv/chitwanremoval.com.au/chitwan_removal/3.10/lib/python3.10/site-packages/django/utils/deprecation.py", line 119, in __call__
    response = self.process_request(request)
  File "/home1/studiori/virtualenv/chitwanremoval.com.au/chitwan_removal/3.10/lib/python3.10/site-packages/django/middleware/common.py", line 48, in process_request
    host = request.get_host()
  File "/home1/studiori/virtualenv/chitwanremoval.com.au/chitwan_removal/3.10/lib/python3.10/site-packages/django/http/request.py", line 203, in get_host
    raise DisallowedHost(msg)
django.core.exceptions.DisallowedHost: Invalid HTTP_HOST header: 'chitwanremoval.com.au.studiorishav.com'. You may need to add 'chitwanremoval.com.au.studiorishav.com' to ALLOWED_HOSTS.
Invalid HTTP_HOST header: 'www.chitwanremoval.com.au.studiorishav.com'. You may need to add 'www.chitwanremoval.com.au.studiorishav.com' to ALLOWED_HOSTS.
Traceback (most recent call last):
  File "/home1/studiori/virtualenv/chitwanremoval.com.au/chitwan_removal/3.10/lib/python3.10/site-packages/django/core/handlers/exception.py", line 55, in inner
    response = get_response(request)
  File "/home1/studiori/virtualenv/chitwanremoval.com.au/chitwan_removal/3.10/lib/python3.10/site-packages/django/utils/deprecation.py", line 119, in __call__
    response = self.process_request(request)
  File "/home1/studiori/virtualenv/chitwanremoval.com.au/chitwan_removal/3.10/lib/python3.10/site-packages/django/middleware/common.py", line 48, in process_request
    host = request.get_host()
  File "/home1/studiori/virtualenv/chitwanremoval.com.au/chitwan_removal/3.10/lib/python3.10/site-packages/django/http/request.py", line 203, in get_host
    raise DisallowedHost(msg)
django.core.exceptions.DisallowedHost: Invalid HTTP_HOST header: 'www.chitwanremoval.com.au.studiorishav.com'. You may need to add 'www.chitwanremoval.com.au.studiorishav.com' to ALLOWED_HOSTS.
Invalid HTTP_HOST header: 'www.chitwanremoval.com.au.studiorishav.com'. You may need to add 'www.chitwanremoval.com.au.studiorishav.com' to ALLOWED_HOSTS.
Traceback (most recent call last):
  File "/home1/studiori/virtualenv/chitwanremoval.com.au/chitwan_removal/3.10/lib/python3.10/site-packages/django/core/handlers/exception.py", line 55, in inner
    response = get_response(request)
  File "/home1/studiori/virtualenv/chitwanremoval.com.au/chitwan_removal/3.10/lib/python3.10/site-packages/django/utils/deprecation.py", line 119, in __call__
    response = self.process_request(request)
  File "/home1/studiori/virtualenv/chitwanremoval.com.au/chitwan_removal/3.10/lib/python3.10/site-packages/django/middleware/common.py", line 48, in process_request
    host = request.get_host()
  File "/home1/studiori/virtualenv/chitwanremoval.com.au/chitwan_removal/3.10/lib/python3.10/site-packages/django/http/request.py", line 203, in get_host
    raise DisallowedHost(msg)
django.core.exceptions.DisallowedHost: Invalid HTTP_HOST header: 'www.chitwanremoval.com.au.studiorishav.com'. You may need to add 'www.chitwanremoval.com.au.studiorishav.com' to ALLOWED_HOSTS.
Invalid HTTP_HOST header: 'www.chitwanremoval.com.au.studiorishav.com'. You may need to add 'www.chitwanremoval.com.au.studiorishav.com' to ALLOWED_HOSTS.
Traceback (most recent call last):
  File "/home1/studiori/virtualenv/chitwanremoval.com.au/chitwan_removal/3.10/lib/python3.10/site-packages/django/core/handlers/exception.py", line 55, in inner
    response = get_response(request)
  File "/home1/studiori/virtualenv/chitwanremoval.com.au/chitwan_removal/3.10/lib/python3.10/site-packages/django/utils/deprecation.py", line 119, in __call__
    response = self.process_request(request)
  File "/home1/studiori/virtualenv/chitwanremoval.com.au/chitwan_removal/3.10/lib/python3.10/site-packages/django/middleware/common.py", line 48, in process_request
    host = request.get_host()
  File "/home1/studiori/virtualenv/chitwanremoval.com.au/chitwan_removal/3.10/lib/python3.10/site-packages/django/http/request.py", line 203, in get_host
    raise DisallowedHost(msg)
django.core.exceptions.DisallowedHost: Invalid HTTP_HOST header: 'www.chitwanremoval.com.au.studiorishav.com'. You may need to add 'www.chitwanremoval.com.au.studiorishav.com' to ALLOWED_HOSTS.
Invalid HTTP_HOST header: 'www.chitwanremoval.com.au.studiorishav.com'. You may need to add 'www.chitwanremoval.com.au.studiorishav.com' to ALLOWED_HOSTS.
Traceback (most recent call last):
  File "/home1/studiori/virtualenv/chitwanremoval.com.au/chitwan_removal/3.10/lib/python3.10/site-packages/django/core/handlers/exception.py", line 55, in inner
    response = get_response(request)
  File "/home1/studiori/virtualenv/chitwanremoval.com.au/chitwan_removal/3.10/lib/python3.10/site-packages/django/utils/deprecation.py", line 119, in __call__
    response = self.process_request(request)
  File "/home1/studiori/virtualenv/chitwanremoval.com.au/chitwan_removal/3.10/lib/python3.10/site-packages/django/middleware/common.py", line 48, in process_request
    host = request.get_host()
  File "/home1/studiori/virtualenv/chitwanremoval.com.au/chitwan_removal/3.10/lib/python3.10/site-packages/django/http/request.py", line 203, in get_host
    raise DisallowedHost(msg)
django.core.exceptions.DisallowedHost: Invalid HTTP_HOST header: 'www.chitwanremoval.com.au.studiorishav.com'. You may need to add 'www.chitwanremoval.com.au.studiorishav.com' to ALLOWED_HOSTS.
Invalid HTTP_HOST header: 'www.chitwanremoval.com.au.studiorishav.com'. You may need to add 'www.chitwanremoval.com.au.studiorishav.com' to ALLOWED_HOSTS.
Traceback (most recent call last):
  File "/home1/studiori/virtualenv/chitwanremoval.com.au/chitwan_removal/3.10/lib/python3.10/site-packages/django/core/handlers/exception.py", line 55, in inner
    response = get_response(request)
  File "/home1/studiori/virtualenv/chitwanremoval.com.au/chitwan_removal/3.10/lib/python3.10/site-packages/django/utils/deprecation.py", line 119, in __call__
    response = self.process_request(request)
  File "/home1/studiori/virtualenv/chitwanremoval.com.au/chitwan_removal/3.10/lib/python3.10/site-packages/django/middleware/common.py", line 48, in process_request
    host = request.get_host()
  File "/home1/studiori/virtualenv/chitwanremoval.com.au/chitwan_removal/3.10/lib/python3.10/site-packages/django/http/request.py", line 203, in get_host
    raise DisallowedHost(msg)
django.core.exceptions.DisallowedHost: Invalid HTTP_HOST header: 'www.chitwanremoval.com.au.studiorishav.com'. You may need to add 'www.chitwanremoval.com.au.studiorishav.com' to ALLOWED_HOSTS.
Invalid HTTP_HOST header: 'www.chitwanremoval.com.au.studiorishav.com'. You may need to add 'www.chitwanremoval.com.au.studiorishav.com' to ALLOWED_HOSTS.
Traceback (most recent call last):
  File "/home1/studiori/virtualenv/chitwanremoval.com.au/chitwan_removal/3.10/lib/python3.10/site-packages/django/core/handlers/exception.py", line 55, in inner
    response = get_response(request)
  File "/home1/studiori/virtualenv/chitwanremoval.com.au/chitwan_removal/3.10/lib/python3.10/site-packages/django/utils/deprecation.py", line 119, in __call__
    response = self.process_request(request)
  File "/home1/studiori/virtualenv/chitwanremoval.com.au/chitwan_removal/3.10/lib/python3.10/site-packages/django/middleware/common.py", line 48, in process_request
    host = request.get_host()
  File "/home1/studiori/virtualenv/chitwanremoval.com.au/chitwan_removal/3.10/lib/python3.10/site-packages/django/http/request.py", line 203, in get_host
    raise DisallowedHost(msg)
django.core.exceptions.DisallowedHost: Invalid HTTP_HOST header: 'www.chitwanremoval.com.au.studiorishav.com'. You may need to add 'www.chitwanremoval.com.au.studiorishav.com' to ALLOWED_HOSTS.
Invalid HTTP_HOST header: 'www.chitwanremoval.com.au.studiorishav.com'. You may need to add 'www.chitwanremoval.com.au.studiorishav.com' to ALLOWED_HOSTS.
Traceback (most recent call last):
  File "/home1/studiori/virtualenv/chitwanremoval.com.au/chitwan_removal/3.10/lib/python3.10/site-packages/django/core/handlers/exception.py", line 55, in inner
    response = get_response(request)
  File "/home1/studiori/virtualenv/chitwanremoval.com.au/chitwan_removal/3.10/lib/python3.10/site-packages/django/utils/deprecation.py", line 119, in __call__
    response = self.process_request(request)
  File "/home1/studiori/virtualenv/chitwanremoval.com.au/chitwan_removal/3.10/lib/python3.10/site-packages/django/middleware/common.py", line 48, in process_request
    host = request.get_host()
  File "/home1/studiori/virtualenv/chitwanremoval.com.au/chitwan_removal/3.10/lib/python3.10/site-packages/django/http/request.py", line 203, in get_host
    raise DisallowedHost(msg)
django.core.exceptions.DisallowedHost: Invalid HTTP_HOST header: 'www.chitwanremoval.com.au.studiorishav.com'. You may need to add 'www.chitwanremoval.com.au.studiorishav.com' to ALLOWED_HOSTS.
Invalid HTTP_HOST header: 'www.chitwanremoval.com.au.studiorishav.com'. You may need to add 'www.chitwanremoval.com.au.studiorishav.com' to ALLOWED_HOSTS.
Traceback (most recent call last):
  File "/home1/studiori/virtualenv/chitwanremoval.com.au/chitwan_removal/3.10/lib/python3.10/site-packages/django/core/handlers/exception.py", line 55, in inner
    response = get_response(request)
  File "/home1/studiori/virtualenv/chitwanremoval.com.au/chitwan_removal/3.10/lib/python3.10/site-packages/django/utils/deprecation.py", line 119, in __call__
    response = self.process_request(request)
  File "/home1/studiori/virtualenv/chitwanremoval.com.au/chitwan_removal/3.10/lib/python3.10/site-packages/django/middleware/common.py", line 48, in process_request
    host = request.get_host()
  File "/home1/studiori/virtualenv/chitwanremoval.com.au/chitwan_removal/3.10/lib/python3.10/site-packages/django/http/request.py", line 203, in get_host
    raise DisallowedHost(msg)
django.core.exceptions.DisallowedHost: Invalid HTTP_HOST header: 'www.chitwanremoval.com.au.studiorishav.com'. You may need to add 'www.chitwanremoval.com.au.studiorishav.com' to ALLOWED_HOSTS.
Invalid HTTP_HOST header: 'chitwanremoval.com.au.studiorishav.com'. You may need to add 'chitwanremoval.com.au.studiorishav.com' to ALLOWED_HOSTS.
Traceback (most recent call last):
  File "/home1/studiori/virtualenv/chitwanremoval.com.au/chitwan_removal/3.10/lib/python3.10/site-packages/django/core/handlers/exception.py", line 55, in inner
    response = get_response(request)
  File "/home1/studiori/virtualenv/chitwanremoval.com.au/chitwan_removal/3.10/lib/python3.10/site-packages/django/utils/deprecation.py", line 119, in __call__
    response = self.process_request(request)
  File "/home1/studiori/virtualenv/chitwanremoval.com.au/chitwan_removal/3.10/lib/python3.10/site-packages/django/middleware/common.py", line 48, in process_request
    host = request.get_host()
  File "/home1/studiori/virtualenv/chitwanremoval.com.au/chitwan_removal/3.10/lib/python3.10/site-packages/django/http/request.py", line 203, in get_host
    raise DisallowedHost(msg)
django.core.exceptions.DisallowedHost: Invalid HTTP_HOST header: 'chitwanremoval.com.au.studiorishav.com'. You may need to add 'chitwanremoval.com.au.studiorishav.com' to ALLOWED_HOSTS.
Invalid HTTP_HOST header: 'chitwanremoval.com.au.studiorishav.com'. You may need to add 'chitwanremoval.com.au.studiorishav.com' to ALLOWED_HOSTS.
Traceback (most recent call last):
  File "/home1/studiori/virtualenv/chitwanremoval.com.au/chitwan_removal/3.10/lib/python3.10/site-packages/django/core/handlers/exception.py", line 55, in inner
    response = get_response(request)
  File "/home1/studiori/virtualenv/chitwanremoval.com.au/chitwan_removal/3.10/lib/python3.10/site-packages/django/utils/deprecation.py", line 119, in __call__
    response = self.process_request(request)
  File "/home1/studiori/virtualenv/chitwanremoval.com.au/chitwan_removal/3.10/lib/python3.10/site-packages/django/middleware/common.py", line 48, in process_request
    host = request.get_host()
  File "/home1/studiori/virtualenv/chitwanremoval.com.au/chitwan_removal/3.10/lib/python3.10/site-packages/django/http/request.py", line 203, in get_host
    raise DisallowedHost(msg)
django.core.exceptions.DisallowedHost: Invalid HTTP_HOST header: 'chitwanremoval.com.au.studiorishav.com'. You may need to add 'chitwanremoval.com.au.studiorishav.com' to ALLOWED_HOSTS.
Invalid HTTP_HOST header: 'chitwanremoval.com.au.studiorishav.com'. You may need to add 'chitwanremoval.com.au.studiorishav.com' to ALLOWED_HOSTS.
Traceback (most recent call last):
  File "/home1/studiori/virtualenv/chitwanremoval.com.au/chitwan_removal/3.10/lib/python3.10/site-packages/django/core/handlers/exception.py", line 55, in inner
    response = get_response(request)
  File "/home1/studiori/virtualenv/chitwanremoval.com.au/chitwan_removal/3.10/lib/python3.10/site-packages/django/utils/deprecation.py", line 119, in __call__
    response = self.process_request(request)
  File "/home1/studiori/virtualenv/chitwanremoval.com.au/chitwan_removal/3.10/lib/python3.10/site-packages/django/middleware/common.py", line 48, in process_request
    host = request.get_host()
  File "/home1/studiori/virtualenv/chitwanremoval.com.au/chitwan_removal/3.10/lib/python3.10/site-packages/django/http/request.py", line 203, in get_host
    raise DisallowedHost(msg)
django.core.exceptions.DisallowedHost: Invalid HTTP_HOST header: 'chitwanremoval.com.au.studiorishav.com'. You may need to add 'chitwanremoval.com.au.studiorishav.com' to ALLOWED_HOSTS.
Invalid HTTP_HOST header: 'chitwanremoval.com.au.studiorishav.com'. You may need to add 'chitwanremoval.com.au.studiorishav.com' to ALLOWED_HOSTS.
Traceback (most recent call last):
  File "/home1/studiori/virtualenv/chitwanremoval.com.au/chitwan_removal/3.10/lib/python3.10/site-packages/django/core/handlers/exception.py", line 55, in inner
    response = get_response(request)
  File "/home1/studiori/virtualenv/chitwanremoval.com.au/chitwan_removal/3.10/lib/python3.10/site-packages/django/utils/deprecation.py", line 119, in __call__
    response = self.process_request(request)
  File "/home1/studiori/virtualenv/chitwanremoval.com.au/chitwan_removal/3.10/lib/python3.10/site-packages/django/middleware/common.py", line 48, in process_request
    host = request.get_host()
  File "/home1/studiori/virtualenv/chitwanremoval.com.au/chitwan_removal/3.10/lib/python3.10/site-packages/django/http/request.py", line 203, in get_host
    raise DisallowedHost(msg)
django.core.exceptions.DisallowedHost: Invalid HTTP_HOST header: 'chitwanremoval.com.au.studiorishav.com'. You may need to add 'chitwanremoval.com.au.studiorishav.com' to ALLOWED_HOSTS.
Invalid HTTP_HOST header: 'chitwanremoval.com.au.studiorishav.com'. You may need to add 'chitwanremoval.com.au.studiorishav.com' to ALLOWED_HOSTS.
Traceback (most recent call last):
  File "/home1/studiori/virtualenv/chitwanremoval.com.au/chitwan_removal/3.10/lib/python3.10/site-packages/django/core/handlers/exception.py", line 55, in inner
    response = get_response(request)
  File "/home1/studiori/virtualenv/chitwanremoval.com.au/chitwan_removal/3.10/lib/python3.10/site-packages/django/utils/deprecation.py", line 119, in __call__
    response = self.process_request(request)
  File "/home1/studiori/virtualenv/chitwanremoval.com.au/chitwan_removal/3.10/lib/python3.10/site-packages/django/middleware/common.py", line 48, in process_request
    host = request.get_host()
  File "/home1/studiori/virtualenv/chitwanremoval.com.au/chitwan_removal/3.10/lib/python3.10/site-packages/django/http/request.py", line 203, in get_host
    raise DisallowedHost(msg)
django.core.exceptions.DisallowedHost: Invalid HTTP_HOST header: 'chitwanremoval.com.au.studiorishav.com'. You may need to add 'chitwanremoval.com.au.studiorishav.com' to ALLOWED_HOSTS.
Invalid HTTP_HOST header: 'chitwanremoval.com.au.studiorishav.com'. You may need to add 'chitwanremoval.com.au.studiorishav.com' to ALLOWED_HOSTS.
Traceback (most recent call last):
  File "/home1/studiori/virtualenv/chitwanremoval.com.au/chitwan_removal/3.10/lib/python3.10/site-packages/django/core/handlers/exception.py", line 55, in inner
    response = get_response(request)
  File "/home1/studiori/virtualenv/chitwanremoval.com.au/chitwan_removal/3.10/lib/python3.10/site-packages/django/utils/deprecation.py", line 119, in __call__
    response = self.process_request(request)
  File "/home1/studiori/virtualenv/chitwanremoval.com.au/chitwan_removal/3.10/lib/python3.10/site-packages/django/middleware/common.py", line 48, in process_request
    host = request.get_host()
  File "/home1/studiori/virtualenv/chitwanremoval.com.au/chitwan_removal/3.10/lib/python3.10/site-packages/django/http/request.py", line 203, in get_host
    raise DisallowedHost(msg)
django.core.exceptions.DisallowedHost: Invalid HTTP_HOST header: 'chitwanremoval.com.au.studiorishav.com'. You may need to add 'chitwanremoval.com.au.studiorishav.com' to ALLOWED_HOSTS.
Invalid HTTP_HOST header: 'chitwanremoval.com.au.studiorishav.com'. You may need to add 'chitwanremoval.com.au.studiorishav.com' to ALLOWED_HOSTS.
Traceback (most recent call last):
  File "/home1/studiori/virtualenv/chitwanremoval.com.au/chitwan_removal/3.10/lib/python3.10/site-packages/django/core/handlers/exception.py", line 55, in inner
    response = get_response(request)
  File "/home1/studiori/virtualenv/chitwanremoval.com.au/chitwan_removal/3.10/lib/python3.10/site-packages/django/utils/deprecation.py", line 119, in __call__
    response = self.process_request(request)
  File "/home1/studiori/virtualenv/chitwanremoval.com.au/chitwan_removal/3.10/lib/python3.10/site-packages/django/middleware/common.py", line 48, in process_request
    host = request.get_host()
  File "/home1/studiori/virtualenv/chitwanremoval.com.au/chitwan_removal/3.10/lib/python3.10/site-packages/django/http/request.py", line 203, in get_host
    raise DisallowedHost(msg)
django.core.exceptions.DisallowedHost: Invalid HTTP_HOST header: 'chitwanremoval.com.au.studiorishav.com'. You may need to add 'chitwanremoval.com.au.studiorishav.com' to ALLOWED_HOSTS.
Invalid HTTP_HOST header: 'chitwanremoval.com.au.studiorishav.com'. You may need to add 'chitwanremoval.com.au.studiorishav.com' to ALLOWED_HOSTS.
Traceback (most recent call last):
  File "/home1/studiori/virtualenv/chitwanremoval.com.au/chitwan_removal/3.10/lib/python3.10/site-packages/django/core/handlers/exception.py", line 55, in inner
    response = get_response(request)
  File "/home1/studiori/virtualenv/chitwanremoval.com.au/chitwan_removal/3.10/lib/python3.10/site-packages/django/utils/deprecation.py", line 119, in __call__
    response = self.process_request(request)
  File "/home1/studiori/virtualenv/chitwanremoval.com.au/chitwan_removal/3.10/lib/python3.10/site-packages/django/middleware/common.py", line 48, in process_request
    host = request.get_host()
  File "/home1/studiori/virtualenv/chitwanremoval.com.au/chitwan_removal/3.10/lib/python3.10/site-packages/django/http/request.py", line 203, in get_host
    raise DisallowedHost(msg)
django.core.exceptions.DisallowedHost: Invalid HTTP_HOST header: 'chitwanremoval.com.au.studiorishav.com'. You may need to add 'chitwanremoval.com.au.studiorishav.com' to ALLOWED_HOSTS.
Invalid HTTP_HOST header: 'chitwanremoval.com.au.studiorishav.com'. You may need to add 'chitwanremoval.com.au.studiorishav.com' to ALLOWED_HOSTS.
Traceback (most recent call last):
  File "/home1/studiori/virtualenv/chitwanremoval.com.au/chitwan_removal/3.10/lib/python3.10/site-packages/django/core/handlers/exception.py", line 55, in inner
    response = get_response(request)
  File "/home1/studiori/virtualenv/chitwanremoval.com.au/chitwan_removal/3.10/lib/python3.10/site-packages/django/utils/deprecation.py", line 119, in __call__
    response = self.process_request(request)
  File "/home1/studiori/virtualenv/chitwanremoval.com.au/chitwan_removal/3.10/lib/python3.10/site-packages/django/middleware/common.py", line 48, in process_request
    host = request.get_host()
  File "/home1/studiori/virtualenv/chitwanremoval.com.au/chitwan_removal/3.10/lib/python3.10/site-packages/django/http/request.py", line 203, in get_host
    raise DisallowedHost(msg)
django.core.exceptions.DisallowedHost: Invalid HTTP_HOST header: 'chitwanremoval.com.au.studiorishav.com'. You may need to add 'chitwanremoval.com.au.studiorishav.com' to ALLOWED_HOSTS.
Invalid HTTP_HOST header: 'www.chitwanremoval.com.au.studiorishav.com'. You may need to add 'www.chitwanremoval.com.au.studiorishav.com' to ALLOWED_HOSTS.
Traceback (most recent call last):
  File "/home1/studiori/virtualenv/chitwanremoval.com.au/chitwan_removal/3.10/lib/python3.10/site-packages/django/core/handlers/exception.py", line 55, in inner
    response = get_response(request)
  File "/home1/studiori/virtualenv/chitwanremoval.com.au/chitwan_removal/3.10/lib/python3.10/site-packages/django/utils/deprecation.py", line 119, in __call__
    response = self.process_request(request)
  File "/home1/studiori/virtualenv/chitwanremoval.com.au/chitwan_removal/3.10/lib/python3.10/site-packages/django/middleware/common.py", line 48, in process_request
    host = request.get_host()
  File "/home1/studiori/virtualenv/chitwanremoval.com.au/chitwan_removal/3.10/lib/python3.10/site-packages/django/http/request.py", line 203, in get_host
    raise DisallowedHost(msg)
django.core.exceptions.DisallowedHost: Invalid HTTP_HOST header: 'www.chitwanremoval.com.au.studiorishav.com'. You may need to add 'www.chitwanremoval.com.au.studiorishav.com' to ALLOWED_HOSTS.
Invalid HTTP_HOST header: 'chitwanremoval.com.au.studiorishav.com'. You may need to add 'chitwanremoval.com.au.studiorishav.com' to ALLOWED_HOSTS.
Traceback (most recent call last):
  File "/home1/studiori/virtualenv/chitwanremoval.com.au/chitwan_removal/3.10/lib/python3.10/site-packages/django/core/handlers/exception.py", line 55, in inner
    response = get_response(request)
  File "/home1/studiori/virtualenv/chitwanremoval.com.au/chitwan_removal/3.10/lib/python3.10/site-packages/django/utils/deprecation.py", line 119, in __call__
    response = self.process_request(request)
  File "/home1/studiori/virtualenv/chitwanremoval.com.au/chitwan_removal/3.10/lib/python3.10/site-packages/django/middleware/common.py", line 48, in process_request
    host = request.get_host()
  File "/home1/studiori/virtualenv/chitwanremoval.com.au/chitwan_removal/3.10/lib/python3.10/site-packages/django/http/request.py", line 203, in get_host
    raise DisallowedHost(msg)
django.core.exceptions.DisallowedHost: Invalid HTTP_HOST header: 'chitwanremoval.com.au.studiorishav.com'. You may need to add 'chitwanremoval.com.au.studiorishav.com' to ALLOWED_HOSTS.
Invalid HTTP_HOST header: 'chitwanremoval.com.au.studiorishav.com'. You may need to add 'chitwanremoval.com.au.studiorishav.com' to ALLOWED_HOSTS.
Traceback (most recent call last):
  File "/home1/studiori/virtualenv/chitwanremoval.com.au/chitwan_removal/3.10/lib/python3.10/site-packages/django/core/handlers/exception.py", line 55, in inner
    response = get_response(request)
  File "/home1/studiori/virtualenv/chitwanremoval.com.au/chitwan_removal/3.10/lib/python3.10/site-packages/django/utils/deprecation.py", line 119, in __call__
    response = self.process_request(request)
  File "/home1/studiori/virtualenv/chitwanremoval.com.au/chitwan_removal/3.10/lib/python3.10/site-packages/django/middleware/common.py", line 48, in process_request
    host = request.get_host()
  File "/home1/studiori/virtualenv/chitwanremoval.com.au/chitwan_removal/3.10/lib/python3.10/site-packages/django/http/request.py", line 203, in get_host
    raise DisallowedHost(msg)
django.core.exceptions.DisallowedHost: Invalid HTTP_HOST header: 'chitwanremoval.com.au.studiorishav.com'. You may need to add 'chitwanremoval.com.au.studiorishav.com' to ALLOWED_HOSTS.
Invalid HTTP_HOST header: 'www.chitwanremoval.com.au.studiorishav.com'. You may need to add 'www.chitwanremoval.com.au.studiorishav.com' to ALLOWED_HOSTS.
Traceback (most recent call last):
  File "/home1/studiori/virtualenv/chitwanremoval.com.au/chitwan_removal/3.10/lib/python3.10/site-packages/django/core/handlers/exception.py", line 55, in inner
    response = get_response(request)
  File "/home1/studiori/virtualenv/chitwanremoval.com.au/chitwan_removal/3.10/lib/python3.10/site-packages/django/utils/deprecation.py", line 119, in __call__
    response = self.process_request(request)
  File "/home1/studiori/virtualenv/chitwanremoval.com.au/chitwan_removal/3.10/lib/python3.10/site-packages/django/middleware/common.py", line 48, in process_request
    host = request.get_host()
  File "/home1/studiori/virtualenv/chitwanremoval.com.au/chitwan_removal/3.10/lib/python3.10/site-packages/django/http/request.py", line 203, in get_host
    raise DisallowedHost(msg)
django.core.exceptions.DisallowedHost: Invalid HTTP_HOST header: 'www.chitwanremoval.com.au.studiorishav.com'. You may need to add 'www.chitwanremoval.com.au.studiorishav.com' to ALLOWED_HOSTS.
Invalid HTTP_HOST header: 'www.chitwanremoval.com.au.studiorishav.com'. You may need to add 'www.chitwanremoval.com.au.studiorishav.com' to ALLOWED_HOSTS.
Traceback (most recent call last):
  File "/home1/studiori/virtualenv/chitwanremoval.com.au/chitwan_removal/3.10/lib/python3.10/site-packages/django/core/handlers/exception.py", line 55, in inner
    response = get_response(request)
  File "/home1/studiori/virtualenv/chitwanremoval.com.au/chitwan_removal/3.10/lib/python3.10/site-packages/django/utils/deprecation.py", line 119, in __call__
    response = self.process_request(request)
  File "/home1/studiori/virtualenv/chitwanremoval.com.au/chitwan_removal/3.10/lib/python3.10/site-packages/django/middleware/common.py", line 48, in process_request
    host = request.get_host()
  File "/home1/studiori/virtualenv/chitwanremoval.com.au/chitwan_removal/3.10/lib/python3.10/site-packages/django/http/request.py", line 203, in get_host
    raise DisallowedHost(msg)
django.core.exceptions.DisallowedHost: Invalid HTTP_HOST header: 'www.chitwanremoval.com.au.studiorishav.com'. You may need to add 'www.chitwanremoval.com.au.studiorishav.com' to ALLOWED_HOSTS.
Invalid HTTP_HOST header: 'www.chitwanremoval.com.au.studiorishav.com'. You may need to add 'www.chitwanremoval.com.au.studiorishav.com' to ALLOWED_HOSTS.
Traceback (most recent call last):
  File "/home1/studiori/virtualenv/chitwanremoval.com.au/chitwan_removal/3.10/lib/python3.10/site-packages/django/core/handlers/exception.py", line 55, in inner
    response = get_response(request)
  File "/home1/studiori/virtualenv/chitwanremoval.com.au/chitwan_removal/3.10/lib/python3.10/site-packages/django/utils/deprecation.py", line 119, in __call__
    response = self.process_request(request)
  File "/home1/studiori/virtualenv/chitwanremoval.com.au/chitwan_removal/3.10/lib/python3.10/site-packages/django/middleware/common.py", line 48, in process_request
    host = request.get_host()
  File "/home1/studiori/virtualenv/chitwanremoval.com.au/chitwan_removal/3.10/lib/python3.10/site-packages/django/http/request.py", line 203, in get_host
    raise DisallowedHost(msg)
django.core.exceptions.DisallowedHost: Invalid HTTP_HOST header: 'www.chitwanremoval.com.au.studiorishav.com'. You may need to add 'www.chitwanremoval.com.au.studiorishav.com' to ALLOWED_HOSTS.
Invalid HTTP_HOST header: 'www.chitwanremoval.com.au.studiorishav.com'. You may need to add 'www.chitwanremoval.com.au.studiorishav.com' to ALLOWED_HOSTS.
Traceback (most recent call last):
  File "/home1/studiori/virtualenv/chitwanremoval.com.au/chitwan_removal/3.10/lib/python3.10/site-packages/django/core/handlers/exception.py", line 55, in inner
    response = get_response(request)
  File "/home1/studiori/virtualenv/chitwanremoval.com.au/chitwan_removal/3.10/lib/python3.10/site-packages/django/utils/deprecation.py", line 119, in __call__
    response = self.process_request(request)
  File "/home1/studiori/virtualenv/chitwanremoval.com.au/chitwan_removal/3.10/lib/python3.10/site-packages/django/middleware/common.py", line 48, in process_request
    host = request.get_host()
  File "/home1/studiori/virtualenv/chitwanremoval.com.au/chitwan_removal/3.10/lib/python3.10/site-packages/django/http/request.py", line 203, in get_host
    raise DisallowedHost(msg)
django.core.exceptions.DisallowedHost: Invalid HTTP_HOST header: 'www.chitwanremoval.com.au.studiorishav.com'. You may need to add 'www.chitwanremoval.com.au.studiorishav.com' to ALLOWED_HOSTS.
Invalid HTTP_HOST header: 'chitwanremoval.com.au.studiorishav.com'. You may need to add 'chitwanremoval.com.au.studiorishav.com' to ALLOWED_HOSTS.
Traceback (most recent call last):
  File "/home1/studiori/virtualenv/chitwanremoval.com.au/chitwan_removal/3.10/lib/python3.10/site-packages/django/core/handlers/exception.py", line 55, in inner
    response = get_response(request)
  File "/home1/studiori/virtualenv/chitwanremoval.com.au/chitwan_removal/3.10/lib/python3.10/site-packages/django/utils/deprecation.py", line 119, in __call__
    response = self.process_request(request)
  File "/home1/studiori/virtualenv/chitwanremoval.com.au/chitwan_removal/3.10/lib/python3.10/site-packages/django/middleware/common.py", line 48, in process_request
    host = request.get_host()
  File "/home1/studiori/virtualenv/chitwanremoval.com.au/chitwan_removal/3.10/lib/python3.10/site-packages/django/http/request.py", line 203, in get_host
    raise DisallowedHost(msg)
django.core.exceptions.DisallowedHost: Invalid HTTP_HOST header: 'chitwanremoval.com.au.studiorishav.com'. You may need to add 'chitwanremoval.com.au.studiorishav.com' to ALLOWED_HOSTS.
Invalid HTTP_HOST header: 'www.chitwanremoval.com.au.studiorishav.com'. You may need to add 'www.chitwanremoval.com.au.studiorishav.com' to ALLOWED_HOSTS.
Traceback (most recent call last):
  File "/home1/studiori/virtualenv/chitwanremoval.com.au/chitwan_removal/3.10/lib/python3.10/site-packages/django/core/handlers/exception.py", line 55, in inner
    response = get_response(request)
  File "/home1/studiori/virtualenv/chitwanremoval.com.au/chitwan_removal/3.10/lib/python3.10/site-packages/django/utils/deprecation.py", line 119, in __call__
    response = self.process_request(request)
  File "/home1/studiori/virtualenv/chitwanremoval.com.au/chitwan_removal/3.10/lib/python3.10/site-packages/django/middleware/common.py", line 48, in process_request
    host = request.get_host()
  File "/home1/studiori/virtualenv/chitwanremoval.com.au/chitwan_removal/3.10/lib/python3.10/site-packages/django/http/request.py", line 203, in get_host
    raise DisallowedHost(msg)
django.core.exceptions.DisallowedHost: Invalid HTTP_HOST header: 'www.chitwanremoval.com.au.studiorishav.com'. You may need to add 'www.chitwanremoval.com.au.studiorishav.com' to ALLOWED_HOSTS.
Invalid HTTP_HOST header: 'www.chitwanremoval.com.au.studiorishav.com'. You may need to add 'www.chitwanremoval.com.au.studiorishav.com' to ALLOWED_HOSTS.
Traceback (most recent call last):
  File "/home1/studiori/virtualenv/chitwanremoval.com.au/chitwan_removal/3.10/lib/python3.10/site-packages/django/core/handlers/exception.py", line 55, in inner
    response = get_response(request)
  File "/home1/studiori/virtualenv/chitwanremoval.com.au/chitwan_removal/3.10/lib/python3.10/site-packages/django/utils/deprecation.py", line 119, in __call__
    response = self.process_request(request)
  File "/home1/studiori/virtualenv/chitwanremoval.com.au/chitwan_removal/3.10/lib/python3.10/site-packages/django/middleware/common.py", line 48, in process_request
    host = request.get_host()
  File "/home1/studiori/virtualenv/chitwanremoval.com.au/chitwan_removal/3.10/lib/python3.10/site-packages/django/http/request.py", line 203, in get_host
    raise DisallowedHost(msg)
django.core.exceptions.DisallowedHost: Invalid HTTP_HOST header: 'www.chitwanremoval.com.au.studiorishav.com'. You may need to add 'www.chitwanremoval.com.au.studiorishav.com' to ALLOWED_HOSTS.
Invalid HTTP_HOST header: 'www.chitwanremoval.com.au.studiorishav.com'. You may need to add 'www.chitwanremoval.com.au.studiorishav.com' to ALLOWED_HOSTS.
Traceback (most recent call last):
  File "/home1/studiori/virtualenv/chitwanremoval.com.au/chitwan_removal/3.10/lib/python3.10/site-packages/django/core/handlers/exception.py", line 55, in inner
    response = get_response(request)
  File "/home1/studiori/virtualenv/chitwanremoval.com.au/chitwan_removal/3.10/lib/python3.10/site-packages/django/utils/deprecation.py", line 119, in __call__
    response = self.process_request(request)
  File "/home1/studiori/virtualenv/chitwanremoval.com.au/chitwan_removal/3.10/lib/python3.10/site-packages/django/middleware/common.py", line 48, in process_request
    host = request.get_host()
  File "/home1/studiori/virtualenv/chitwanremoval.com.au/chitwan_removal/3.10/lib/python3.10/site-packages/django/http/request.py", line 203, in get_host
    raise DisallowedHost(msg)
django.core.exceptions.DisallowedHost: Invalid HTTP_HOST header: 'www.chitwanremoval.com.au.studiorishav.com'. You may need to add 'www.chitwanremoval.com.au.studiorishav.com' to ALLOWED_HOSTS.
Invalid HTTP_HOST header: 'www.chitwanremoval.com.au.studiorishav.com'. You may need to add 'www.chitwanremoval.com.au.studiorishav.com' to ALLOWED_HOSTS.
Traceback (most recent call last):
  File "/home1/studiori/virtualenv/chitwanremoval.com.au/chitwan_removal/3.10/lib/python3.10/site-packages/django/core/handlers/exception.py", line 55, in inner
    response = get_response(request)
  File "/home1/studiori/virtualenv/chitwanremoval.com.au/chitwan_removal/3.10/lib/python3.10/site-packages/django/utils/deprecation.py", line 119, in __call__
    response = self.process_request(request)
  File "/home1/studiori/virtualenv/chitwanremoval.com.au/chitwan_removal/3.10/lib/python3.10/site-packages/django/middleware/common.py", line 48, in process_request
    host = request.get_host()
  File "/home1/studiori/virtualenv/chitwanremoval.com.au/chitwan_removal/3.10/lib/python3.10/site-packages/django/http/request.py", line 203, in get_host
    raise DisallowedHost(msg)
django.core.exceptions.DisallowedHost: Invalid HTTP_HOST header: 'www.chitwanremoval.com.au.studiorishav.com'. You may need to add 'www.chitwanremoval.com.au.studiorishav.com' to ALLOWED_HOSTS.
Invalid HTTP_HOST header: 'chitwanremoval.com.au.studiorishav.com'. You may need to add 'chitwanremoval.com.au.studiorishav.com' to ALLOWED_HOSTS.
Traceback (most recent call last):
  File "/home1/studiori/virtualenv/chitwanremoval.com.au/chitwan_removal/3.10/lib/python3.10/site-packages/django/core/handlers/exception.py", line 55, in inner
    response = get_response(request)
  File "/home1/studiori/virtualenv/chitwanremoval.com.au/chitwan_removal/3.10/lib/python3.10/site-packages/django/utils/deprecation.py", line 119, in __call__
    response = self.process_request(request)
  File "/home1/studiori/virtualenv/chitwanremoval.com.au/chitwan_removal/3.10/lib/python3.10/site-packages/django/middleware/common.py", line 48, in process_request
    host = request.get_host()
  File "/home1/studiori/virtualenv/chitwanremoval.com.au/chitwan_removal/3.10/lib/python3.10/site-packages/django/http/request.py", line 203, in get_host
    raise DisallowedHost(msg)
django.core.exceptions.DisallowedHost: Invalid HTTP_HOST header: 'chitwanremoval.com.au.studiorishav.com'. You may need to add 'chitwanremoval.com.au.studiorishav.com' to ALLOWED_HOSTS.
Invalid HTTP_HOST header: 'chitwanremoval.com.au.studiorishav.com'. You may need to add 'chitwanremoval.com.au.studiorishav.com' to ALLOWED_HOSTS.
Traceback (most recent call last):
  File "/home1/studiori/virtualenv/chitwanremoval.com.au/chitwan_removal/3.10/lib/python3.10/site-packages/django/core/handlers/exception.py", line 55, in inner
    response = get_response(request)
  File "/home1/studiori/virtualenv/chitwanremoval.com.au/chitwan_removal/3.10/lib/python3.10/site-packages/django/utils/deprecation.py", line 119, in __call__
    response = self.process_request(request)
  File "/home1/studiori/virtualenv/chitwanremoval.com.au/chitwan_removal/3.10/lib/python3.10/site-packages/django/middleware/common.py", line 48, in process_request
    host = request.get_host()
  File "/home1/studiori/virtualenv/chitwanremoval.com.au/chitwan_removal/3.10/lib/python3.10/site-packages/django/http/request.py", line 203, in get_host
    raise DisallowedHost(msg)
django.core.exceptions.DisallowedHost: Invalid HTTP_HOST header: 'chitwanremoval.com.au.studiorishav.com'. You may need to add 'chitwanremoval.com.au.studiorishav.com' to ALLOWED_HOSTS.
Invalid HTTP_HOST header: 'www.chitwanremoval.com.au.studiorishav.com'. You may need to add 'www.chitwanremoval.com.au.studiorishav.com' to ALLOWED_HOSTS.
Traceback (most recent call last):
  File "/home1/studiori/virtualenv/chitwanremoval.com.au/chitwan_removal/3.10/lib/python3.10/site-packages/django/core/handlers/exception.py", line 55, in inner
    response = get_response(request)
  File "/home1/studiori/virtualenv/chitwanremoval.com.au/chitwan_removal/3.10/lib/python3.10/site-packages/django/utils/deprecation.py", line 119, in __call__
    response = self.process_request(request)
  File "/home1/studiori/virtualenv/chitwanremoval.com.au/chitwan_removal/3.10/lib/python3.10/site-packages/django/middleware/common.py", line 48, in process_request
    host = request.get_host()
  File "/home1/studiori/virtualenv/chitwanremoval.com.au/chitwan_removal/3.10/lib/python3.10/site-packages/django/http/request.py", line 203, in get_host
    raise DisallowedHost(msg)
django.core.exceptions.DisallowedHost: Invalid HTTP_HOST header: 'www.chitwanremoval.com.au.studiorishav.com'. You may need to add 'www.chitwanremoval.com.au.studiorishav.com' to ALLOWED_HOSTS.
Invalid HTTP_HOST header: 'chitwanremoval.com.au.studiorishav.com'. You may need to add 'chitwanremoval.com.au.studiorishav.com' to ALLOWED_HOSTS.
Traceback (most recent call last):
  File "/home1/studiori/virtualenv/chitwanremoval.com.au/chitwan_removal/3.10/lib/python3.10/site-packages/django/core/handlers/exception.py", line 55, in inner
    response = get_response(request)
  File "/home1/studiori/virtualenv/chitwanremoval.com.au/chitwan_removal/3.10/lib/python3.10/site-packages/django/utils/deprecation.py", line 119, in __call__
    response = self.process_request(request)
  File "/home1/studiori/virtualenv/chitwanremoval.com.au/chitwan_removal/3.10/lib/python3.10/site-packages/django/middleware/common.py", line 48, in process_request
    host = request.get_host()
  File "/home1/studiori/virtualenv/chitwanremoval.com.au/chitwan_removal/3.10/lib/python3.10/site-packages/django/http/request.py", line 203, in get_host
    raise DisallowedHost(msg)
django.core.exceptions.DisallowedHost: Invalid HTTP_HOST header: 'chitwanremoval.com.au.studiorishav.com'. You may need to add 'chitwanremoval.com.au.studiorishav.com' to ALLOWED_HOSTS.
Invalid HTTP_HOST header: 'chitwanremoval.com.au.studiorishav.com'. You may need to add 'chitwanremoval.com.au.studiorishav.com' to ALLOWED_HOSTS.
Traceback (most recent call last):
  File "/home1/studiori/virtualenv/chitwanremoval.com.au/chitwan_removal/3.10/lib/python3.10/site-packages/django/core/handlers/exception.py", line 55, in inner
    response = get_response(request)
  File "/home1/studiori/virtualenv/chitwanremoval.com.au/chitwan_removal/3.10/lib/python3.10/site-packages/django/utils/deprecation.py", line 119, in __call__
    response = self.process_request(request)
  File "/home1/studiori/virtualenv/chitwanremoval.com.au/chitwan_removal/3.10/lib/python3.10/site-packages/django/middleware/common.py", line 48, in process_request
    host = request.get_host()
  File "/home1/studiori/virtualenv/chitwanremoval.com.au/chitwan_removal/3.10/lib/python3.10/site-packages/django/http/request.py", line 203, in get_host
    raise DisallowedHost(msg)
django.core.exceptions.DisallowedHost: Invalid HTTP_HOST header: 'chitwanremoval.com.au.studiorishav.com'. You may need to add 'chitwanremoval.com.au.studiorishav.com' to ALLOWED_HOSTS.
Invalid HTTP_HOST header: 'www.chitwanremoval.com.au.studiorishav.com'. You may need to add 'www.chitwanremoval.com.au.studiorishav.com' to ALLOWED_HOSTS.
Traceback (most recent call last):
  File "/home1/studiori/virtualenv/chitwanremoval.com.au/chitwan_removal/3.10/lib/python3.10/site-packages/django/core/handlers/exception.py", line 55, in inner
    response = get_response(request)
  File "/home1/studiori/virtualenv/chitwanremoval.com.au/chitwan_removal/3.10/lib/python3.10/site-packages/django/utils/deprecation.py", line 119, in __call__
    response = self.process_request(request)
  File "/home1/studiori/virtualenv/chitwanremoval.com.au/chitwan_removal/3.10/lib/python3.10/site-packages/django/middleware/common.py", line 48, in process_request
    host = request.get_host()
  File "/home1/studiori/virtualenv/chitwanremoval.com.au/chitwan_removal/3.10/lib/python3.10/site-packages/django/http/request.py", line 203, in get_host
    raise DisallowedHost(msg)
django.core.exceptions.DisallowedHost: Invalid HTTP_HOST header: 'www.chitwanremoval.com.au.studiorishav.com'. You may need to add 'www.chitwanremoval.com.au.studiorishav.com' to ALLOWED_HOSTS.
Invalid HTTP_HOST header: 'www.chitwanremoval.com.au.studiorishav.com'. You may need to add 'www.chitwanremoval.com.au.studiorishav.com' to ALLOWED_HOSTS.
Traceback (most recent call last):
  File "/home1/studiori/virtualenv/chitwanremoval.com.au/chitwan_removal/3.10/lib/python3.10/site-packages/django/core/handlers/exception.py", line 55, in inner
    response = get_response(request)
  File "/home1/studiori/virtualenv/chitwanremoval.com.au/chitwan_removal/3.10/lib/python3.10/site-packages/django/utils/deprecation.py", line 119, in __call__
    response = self.process_request(request)
  File "/home1/studiori/virtualenv/chitwanremoval.com.au/chitwan_removal/3.10/lib/python3.10/site-packages/django/middleware/common.py", line 48, in process_request
    host = request.get_host()
  File "/home1/studiori/virtualenv/chitwanremoval.com.au/chitwan_removal/3.10/lib/python3.10/site-packages/django/http/request.py", line 203, in get_host
    raise DisallowedHost(msg)
django.core.exceptions.DisallowedHost: Invalid HTTP_HOST header: 'www.chitwanremoval.com.au.studiorishav.com'. You may need to add 'www.chitwanremoval.com.au.studiorishav.com' to ALLOWED_HOSTS.
Invalid HTTP_HOST header: 'chitwanremoval.com.au.studiorishav.com'. You may need to add 'chitwanremoval.com.au.studiorishav.com' to ALLOWED_HOSTS.
Traceback (most recent call last):
  File "/home1/studiori/virtualenv/chitwanremoval.com.au/chitwan_removal/3.10/lib/python3.10/site-packages/django/core/handlers/exception.py", line 55, in inner
    response = get_response(request)
  File "/home1/studiori/virtualenv/chitwanremoval.com.au/chitwan_removal/3.10/lib/python3.10/site-packages/django/utils/deprecation.py", line 119, in __call__
    response = self.process_request(request)
  File "/home1/studiori/virtualenv/chitwanremoval.com.au/chitwan_removal/3.10/lib/python3.10/site-packages/django/middleware/common.py", line 48, in process_request
    host = request.get_host()
  File "/home1/studiori/virtualenv/chitwanremoval.com.au/chitwan_removal/3.10/lib/python3.10/site-packages/django/http/request.py", line 203, in get_host
    raise DisallowedHost(msg)
django.core.exceptions.DisallowedHost: Invalid HTTP_HOST header: 'chitwanremoval.com.au.studiorishav.com'. You may need to add 'chitwanremoval.com.au.studiorishav.com' to ALLOWED_HOSTS.
Invalid HTTP_HOST header: 'chitwanremoval.com.au.studiorishav.com'. You may need to add 'chitwanremoval.com.au.studiorishav.com' to ALLOWED_HOSTS.
Traceback (most recent call last):
  File "/home1/studiori/virtualenv/chitwanremoval.com.au/chitwan_removal/3.10/lib/python3.10/site-packages/django/core/handlers/exception.py", line 55, in inner
    response = get_response(request)
  File "/home1/studiori/virtualenv/chitwanremoval.com.au/chitwan_removal/3.10/lib/python3.10/site-packages/django/utils/deprecation.py", line 119, in __call__
    response = self.process_request(request)
  File "/home1/studiori/virtualenv/chitwanremoval.com.au/chitwan_removal/3.10/lib/python3.10/site-packages/django/middleware/common.py", line 48, in process_request
    host = request.get_host()
  File "/home1/studiori/virtualenv/chitwanremoval.com.au/chitwan_removal/3.10/lib/python3.10/site-packages/django/http/request.py", line 203, in get_host
    raise DisallowedHost(msg)
django.core.exceptions.DisallowedHost: Invalid HTTP_HOST header: 'chitwanremoval.com.au.studiorishav.com'. You may need to add 'chitwanremoval.com.au.studiorishav.com' to ALLOWED_HOSTS.
Invalid HTTP_HOST header: 'chitwanremoval.com.au.studiorishav.com'. You may need to add 'chitwanremoval.com.au.studiorishav.com' to ALLOWED_HOSTS.
Traceback (most recent call last):
  File "/home1/studiori/virtualenv/chitwanremoval.com.au/chitwan_removal/3.10/lib/python3.10/site-packages/django/core/handlers/exception.py", line 55, in inner
    response = get_response(request)
  File "/home1/studiori/virtualenv/chitwanremoval.com.au/chitwan_removal/3.10/lib/python3.10/site-packages/django/utils/deprecation.py", line 119, in __call__
    response = self.process_request(request)
  File "/home1/studiori/virtualenv/chitwanremoval.com.au/chitwan_removal/3.10/lib/python3.10/site-packages/django/middleware/common.py", line 48, in process_request
    host = request.get_host()
  File "/home1/studiori/virtualenv/chitwanremoval.com.au/chitwan_removal/3.10/lib/python3.10/site-packages/django/http/request.py", line 203, in get_host
    raise DisallowedHost(msg)
django.core.exceptions.DisallowedHost: Invalid HTTP_HOST header: 'chitwanremoval.com.au.studiorishav.com'. You may need to add 'chitwanremoval.com.au.studiorishav.com' to ALLOWED_HOSTS.
Invalid HTTP_HOST header: 'chitwanremoval.com.au.studiorishav.com'. You may need to add 'chitwanremoval.com.au.studiorishav.com' to ALLOWED_HOSTS.
Traceback (most recent call last):
  File "/home1/studiori/virtualenv/chitwanremoval.com.au/chitwan_removal/3.10/lib/python3.10/site-packages/django/core/handlers/exception.py", line 55, in inner
    response = get_response(request)
  File "/home1/studiori/virtualenv/chitwanremoval.com.au/chitwan_removal/3.10/lib/python3.10/site-packages/django/utils/deprecation.py", line 119, in __call__
    response = self.process_request(request)
  File "/home1/studiori/virtualenv/chitwanremoval.com.au/chitwan_removal/3.10/lib/python3.10/site-packages/django/middleware/common.py", line 48, in process_request
    host = request.get_host()
  File "/home1/studiori/virtualenv/chitwanremoval.com.au/chitwan_removal/3.10/lib/python3.10/site-packages/django/http/request.py", line 203, in get_host
    raise DisallowedHost(msg)
django.core.exceptions.DisallowedHost: Invalid HTTP_HOST header: 'chitwanremoval.com.au.studiorishav.com'. You may need to add 'chitwanremoval.com.au.studiorishav.com' to ALLOWED_HOSTS.
Invalid HTTP_HOST header: 'chitwanremoval.com.au.studiorishav.com'. You may need to add 'chitwanremoval.com.au.studiorishav.com' to ALLOWED_HOSTS.
Traceback (most recent call last):
  File "/home1/studiori/virtualenv/chitwanremoval.com.au/chitwan_removal/3.10/lib/python3.10/site-packages/django/core/handlers/exception.py", line 55, in inner
    response = get_response(request)
  File "/home1/studiori/virtualenv/chitwanremoval.com.au/chitwan_removal/3.10/lib/python3.10/site-packages/django/utils/deprecation.py", line 119, in __call__
    response = self.process_request(request)
  File "/home1/studiori/virtualenv/chitwanremoval.com.au/chitwan_removal/3.10/lib/python3.10/site-packages/django/middleware/common.py", line 48, in process_request
    host = request.get_host()
  File "/home1/studiori/virtualenv/chitwanremoval.com.au/chitwan_removal/3.10/lib/python3.10/site-packages/django/http/request.py", line 203, in get_host
    raise DisallowedHost(msg)
django.core.exceptions.DisallowedHost: Invalid HTTP_HOST header: 'chitwanremoval.com.au.studiorishav.com'. You may need to add 'chitwanremoval.com.au.studiorishav.com' to ALLOWED_HOSTS.
Invalid HTTP_HOST header: 'chitwanremoval.com.au.studiorishav.com'. You may need to add 'chitwanremoval.com.au.studiorishav.com' to ALLOWED_HOSTS.
Traceback (most recent call last):
  File "/home1/studiori/virtualenv/chitwanremoval.com.au/chitwan_removal/3.10/lib/python3.10/site-packages/django/core/handlers/exception.py", line 55, in inner
    response = get_response(request)
  File "/home1/studiori/virtualenv/chitwanremoval.com.au/chitwan_removal/3.10/lib/python3.10/site-packages/django/utils/deprecation.py", line 119, in __call__
    response = self.process_request(request)
  File "/home1/studiori/virtualenv/chitwanremoval.com.au/chitwan_removal/3.10/lib/python3.10/site-packages/django/middleware/common.py", line 48, in process_request
    host = request.get_host()
  File "/home1/studiori/virtualenv/chitwanremoval.com.au/chitwan_removal/3.10/lib/python3.10/site-packages/django/http/request.py", line 203, in get_host
    raise DisallowedHost(msg)
django.core.exceptions.DisallowedHost: Invalid HTTP_HOST header: 'chitwanremoval.com.au.studiorishav.com'. You may need to add 'chitwanremoval.com.au.studiorishav.com' to ALLOWED_HOSTS.
Invalid HTTP_HOST header: 'chitwanremoval.com.au.studiorishav.com'. You may need to add 'chitwanremoval.com.au.studiorishav.com' to ALLOWED_HOSTS.
Traceback (most recent call last):
  File "/home1/studiori/virtualenv/chitwanremoval.com.au/chitwan_removal/3.10/lib/python3.10/site-packages/django/core/handlers/exception.py", line 55, in inner
    response = get_response(request)
  File "/home1/studiori/virtualenv/chitwanremoval.com.au/chitwan_removal/3.10/lib/python3.10/site-packages/django/utils/deprecation.py", line 119, in __call__
    response = self.process_request(request)
  File "/home1/studiori/virtualenv/chitwanremoval.com.au/chitwan_removal/3.10/lib/python3.10/site-packages/django/middleware/common.py", line 48, in process_request
    host = request.get_host()
  File "/home1/studiori/virtualenv/chitwanremoval.com.au/chitwan_removal/3.10/lib/python3.10/site-packages/django/http/request.py", line 203, in get_host
    raise DisallowedHost(msg)
django.core.exceptions.DisallowedHost: Invalid HTTP_HOST header: 'chitwanremoval.com.au.studiorishav.com'. You may need to add 'chitwanremoval.com.au.studiorishav.com' to ALLOWED_HOSTS.
Invalid HTTP_HOST header: 'chitwanremoval.com.au.studiorishav.com'. You may need to add 'chitwanremoval.com.au.studiorishav.com' to ALLOWED_HOSTS.
Traceback (most recent call last):
  File "/home1/studiori/virtualenv/chitwanremoval.com.au/chitwan_removal/3.10/lib/python3.10/site-packages/django/core/handlers/exception.py", line 55, in inner
    response = get_response(request)
  File "/home1/studiori/virtualenv/chitwanremoval.com.au/chitwan_removal/3.10/lib/python3.10/site-packages/django/utils/deprecation.py", line 119, in __call__
    response = self.process_request(request)
  File "/home1/studiori/virtualenv/chitwanremoval.com.au/chitwan_removal/3.10/lib/python3.10/site-packages/django/middleware/common.py", line 48, in process_request
    host = request.get_host()
  File "/home1/studiori/virtualenv/chitwanremoval.com.au/chitwan_removal/3.10/lib/python3.10/site-packages/django/http/request.py", line 203, in get_host
    raise DisallowedHost(msg)
django.core.exceptions.DisallowedHost: Invalid HTTP_HOST header: 'chitwanremoval.com.au.studiorishav.com'. You may need to add 'chitwanremoval.com.au.studiorishav.com' to ALLOWED_HOSTS.
Invalid HTTP_HOST header: 'chitwanremoval.com.au.studiorishav.com'. You may need to add 'chitwanremoval.com.au.studiorishav.com' to ALLOWED_HOSTS.
Traceback (most recent call last):
  File "/home1/studiori/virtualenv/chitwanremoval.com.au/chitwan_removal/3.10/lib/python3.10/site-packages/django/core/handlers/exception.py", line 55, in inner
    response = get_response(request)
  File "/home1/studiori/virtualenv/chitwanremoval.com.au/chitwan_removal/3.10/lib/python3.10/site-packages/django/utils/deprecation.py", line 119, in __call__
    response = self.process_request(request)
  File "/home1/studiori/virtualenv/chitwanremoval.com.au/chitwan_removal/3.10/lib/python3.10/site-packages/django/middleware/common.py", line 48, in process_request
    host = request.get_host()
  File "/home1/studiori/virtualenv/chitwanremoval.com.au/chitwan_removal/3.10/lib/python3.10/site-packages/django/http/request.py", line 203, in get_host
    raise DisallowedHost(msg)
django.core.exceptions.DisallowedHost: Invalid HTTP_HOST header: 'chitwanremoval.com.au.studiorishav.com'. You may need to add 'chitwanremoval.com.au.studiorishav.com' to ALLOWED_HOSTS.
Invalid HTTP_HOST header: 'chitwanremoval.com.au.studiorishav.com'. You may need to add 'chitwanremoval.com.au.studiorishav.com' to ALLOWED_HOSTS.
Traceback (most recent call last):
  File "/home1/studiori/virtualenv/chitwanremoval.com.au/chitwan_removal/3.10/lib/python3.10/site-packages/django/core/handlers/exception.py", line 55, in inner
    response = get_response(request)
  File "/home1/studiori/virtualenv/chitwanremoval.com.au/chitwan_removal/3.10/lib/python3.10/site-packages/django/utils/deprecation.py", line 119, in __call__
    response = self.process_request(request)
  File "/home1/studiori/virtualenv/chitwanremoval.com.au/chitwan_removal/3.10/lib/python3.10/site-packages/django/middleware/common.py", line 48, in process_request
    host = request.get_host()
  File "/home1/studiori/virtualenv/chitwanremoval.com.au/chitwan_removal/3.10/lib/python3.10/site-packages/django/http/request.py", line 203, in get_host
    raise DisallowedHost(msg)
django.core.exceptions.DisallowedHost: Invalid HTTP_HOST header: 'chitwanremoval.com.au.studiorishav.com'. You may need to add 'chitwanremoval.com.au.studiorishav.com' to ALLOWED_HOSTS.
Invalid HTTP_HOST header: 'www.chitwanremoval.com.au.studiorishav.com'. You may need to add 'www.chitwanremoval.com.au.studiorishav.com' to ALLOWED_HOSTS.
Traceback (most recent call last):
  File "/home1/studiori/virtualenv/chitwanremoval.com.au/chitwan_removal/3.10/lib/python3.10/site-packages/django/core/handlers/exception.py", line 55, in inner
    response = get_response(request)
  File "/home1/studiori/virtualenv/chitwanremoval.com.au/chitwan_removal/3.10/lib/python3.10/site-packages/django/utils/deprecation.py", line 119, in __call__
    response = self.process_request(request)
  File "/home1/studiori/virtualenv/chitwanremoval.com.au/chitwan_removal/3.10/lib/python3.10/site-packages/django/middleware/common.py", line 48, in process_request
    host = request.get_host()
  File "/home1/studiori/virtualenv/chitwanremoval.com.au/chitwan_removal/3.10/lib/python3.10/site-packages/django/http/request.py", line 203, in get_host
    raise DisallowedHost(msg)
django.core.exceptions.DisallowedHost: Invalid HTTP_HOST header: 'www.chitwanremoval.com.au.studiorishav.com'. You may need to add 'www.chitwanremoval.com.au.studiorishav.com' to ALLOWED_HOSTS.
Invalid HTTP_HOST header: 'www.chitwanremoval.com.au.studiorishav.com'. You may need to add 'www.chitwanremoval.com.au.studiorishav.com' to ALLOWED_HOSTS.
Traceback (most recent call last):
  File "/home1/studiori/virtualenv/chitwanremoval.com.au/chitwan_removal/3.10/lib/python3.10/site-packages/django/core/handlers/exception.py", line 55, in inner
    response = get_response(request)
  File "/home1/studiori/virtualenv/chitwanremoval.com.au/chitwan_removal/3.10/lib/python3.10/site-packages/django/utils/deprecation.py", line 119, in __call__
    response = self.process_request(request)
  File "/home1/studiori/virtualenv/chitwanremoval.com.au/chitwan_removal/3.10/lib/python3.10/site-packages/django/middleware/common.py", line 48, in process_request
    host = request.get_host()
  File "/home1/studiori/virtualenv/chitwanremoval.com.au/chitwan_removal/3.10/lib/python3.10/site-packages/django/http/request.py", line 203, in get_host
    raise DisallowedHost(msg)
django.core.exceptions.DisallowedHost: Invalid HTTP_HOST header: 'www.chitwanremoval.com.au.studiorishav.com'. You may need to add 'www.chitwanremoval.com.au.studiorishav.com' to ALLOWED_HOSTS.
Invalid HTTP_HOST header: 'chitwanremoval.com.au.studiorishav.com'. You may need to add 'chitwanremoval.com.au.studiorishav.com' to ALLOWED_HOSTS.
Traceback (most recent call last):
  File "/home1/studiori/virtualenv/chitwanremoval.com.au/chitwan_removal/3.10/lib/python3.10/site-packages/django/core/handlers/exception.py", line 55, in inner
    response = get_response(request)
  File "/home1/studiori/virtualenv/chitwanremoval.com.au/chitwan_removal/3.10/lib/python3.10/site-packages/django/utils/deprecation.py", line 119, in __call__
    response = self.process_request(request)
  File "/home1/studiori/virtualenv/chitwanremoval.com.au/chitwan_removal/3.10/lib/python3.10/site-packages/django/middleware/common.py", line 48, in process_request
    host = request.get_host()
  File "/home1/studiori/virtualenv/chitwanremoval.com.au/chitwan_removal/3.10/lib/python3.10/site-packages/django/http/request.py", line 203, in get_host
    raise DisallowedHost(msg)
django.core.exceptions.DisallowedHost: Invalid HTTP_HOST header: 'chitwanremoval.com.au.studiorishav.com'. You may need to add 'chitwanremoval.com.au.studiorishav.com' to ALLOWED_HOSTS.
Invalid HTTP_HOST header: 'chitwanremoval.com.au.studiorishav.com'. You may need to add 'chitwanremoval.com.au.studiorishav.com' to ALLOWED_HOSTS.
Traceback (most recent call last):
  File "/home1/studiori/virtualenv/chitwanremoval.com.au/chitwan_removal/3.10/lib/python3.10/site-packages/django/core/handlers/exception.py", line 55, in inner
    response = get_response(request)
  File "/home1/studiori/virtualenv/chitwanremoval.com.au/chitwan_removal/3.10/lib/python3.10/site-packages/django/utils/deprecation.py", line 119, in __call__
    response = self.process_request(request)
  File "/home1/studiori/virtualenv/chitwanremoval.com.au/chitwan_removal/3.10/lib/python3.10/site-packages/django/middleware/common.py", line 48, in process_request
    host = request.get_host()
  File "/home1/studiori/virtualenv/chitwanremoval.com.au/chitwan_removal/3.10/lib/python3.10/site-packages/django/http/request.py", line 203, in get_host
    raise DisallowedHost(msg)
django.core.exceptions.DisallowedHost: Invalid HTTP_HOST header: 'chitwanremoval.com.au.studiorishav.com'. You may need to add 'chitwanremoval.com.au.studiorishav.com' to ALLOWED_HOSTS.
Invalid HTTP_HOST header: 'chitwanremoval.com.au.studiorishav.com'. You may need to add 'chitwanremoval.com.au.studiorishav.com' to ALLOWED_HOSTS.
Traceback (most recent call last):
  File "/home1/studiori/virtualenv/chitwanremoval.com.au/chitwan_removal/3.10/lib/python3.10/site-packages/django/core/handlers/exception.py", line 55, in inner
    response = get_response(request)
  File "/home1/studiori/virtualenv/chitwanremoval.com.au/chitwan_removal/3.10/lib/python3.10/site-packages/django/utils/deprecation.py", line 119, in __call__
    response = self.process_request(request)
  File "/home1/studiori/virtualenv/chitwanremoval.com.au/chitwan_removal/3.10/lib/python3.10/site-packages/django/middleware/common.py", line 48, in process_request
    host = request.get_host()
  File "/home1/studiori/virtualenv/chitwanremoval.com.au/chitwan_removal/3.10/lib/python3.10/site-packages/django/http/request.py", line 203, in get_host
    raise DisallowedHost(msg)
django.core.exceptions.DisallowedHost: Invalid HTTP_HOST header: 'chitwanremoval.com.au.studiorishav.com'. You may need to add 'chitwanremoval.com.au.studiorishav.com' to ALLOWED_HOSTS.
Invalid HTTP_HOST header: 'chitwanremoval.com.au.studiorishav.com'. You may need to add 'chitwanremoval.com.au.studiorishav.com' to ALLOWED_HOSTS.
Traceback (most recent call last):
  File "/home1/studiori/virtualenv/chitwanremoval.com.au/chitwan_removal/3.10/lib/python3.10/site-packages/django/core/handlers/exception.py", line 55, in inner
    response = get_response(request)
  File "/home1/studiori/virtualenv/chitwanremoval.com.au/chitwan_removal/3.10/lib/python3.10/site-packages/django/utils/deprecation.py", line 119, in __call__
    response = self.process_request(request)
  File "/home1/studiori/virtualenv/chitwanremoval.com.au/chitwan_removal/3.10/lib/python3.10/site-packages/django/middleware/common.py", line 48, in process_request
    host = request.get_host()
  File "/home1/studiori/virtualenv/chitwanremoval.com.au/chitwan_removal/3.10/lib/python3.10/site-packages/django/http/request.py", line 203, in get_host
    raise DisallowedHost(msg)
django.core.exceptions.DisallowedHost: Invalid HTTP_HOST header: 'chitwanremoval.com.au.studiorishav.com'. You may need to add 'chitwanremoval.com.au.studiorishav.com' to ALLOWED_HOSTS.
Invalid HTTP_HOST header: 'www.chitwanremoval.com.au.studiorishav.com'. You may need to add 'www.chitwanremoval.com.au.studiorishav.com' to ALLOWED_HOSTS.
Traceback (most recent call last):
  File "/home1/studiori/virtualenv/chitwanremoval.com.au/chitwan_removal/3.10/lib/python3.10/site-packages/django/core/handlers/exception.py", line 55, in inner
    response = get_response(request)
  File "/home1/studiori/virtualenv/chitwanremoval.com.au/chitwan_removal/3.10/lib/python3.10/site-packages/django/utils/deprecation.py", line 119, in __call__
    response = self.process_request(request)
  File "/home1/studiori/virtualenv/chitwanremoval.com.au/chitwan_removal/3.10/lib/python3.10/site-packages/django/middleware/common.py", line 48, in process_request
    host = request.get_host()
  File "/home1/studiori/virtualenv/chitwanremoval.com.au/chitwan_removal/3.10/lib/python3.10/site-packages/django/http/request.py", line 203, in get_host
    raise DisallowedHost(msg)
django.core.exceptions.DisallowedHost: Invalid HTTP_HOST header: 'www.chitwanremoval.com.au.studiorishav.com'. You may need to add 'www.chitwanremoval.com.au.studiorishav.com' to ALLOWED_HOSTS.
Invalid HTTP_HOST header: 'www.chitwanremoval.com.au.studiorishav.com'. You may need to add 'www.chitwanremoval.com.au.studiorishav.com' to ALLOWED_HOSTS.
Traceback (most recent call last):
  File "/home1/studiori/virtualenv/chitwanremoval.com.au/chitwan_removal/3.10/lib/python3.10/site-packages/django/core/handlers/exception.py", line 55, in inner
    response = get_response(request)
  File "/home1/studiori/virtualenv/chitwanremoval.com.au/chitwan_removal/3.10/lib/python3.10/site-packages/django/utils/deprecation.py", line 119, in __call__
    response = self.process_request(request)
  File "/home1/studiori/virtualenv/chitwanremoval.com.au/chitwan_removal/3.10/lib/python3.10/site-packages/django/middleware/common.py", line 48, in process_request
    host = request.get_host()
  File "/home1/studiori/virtualenv/chitwanremoval.com.au/chitwan_removal/3.10/lib/python3.10/site-packages/django/http/request.py", line 203, in get_host
    raise DisallowedHost(msg)
django.core.exceptions.DisallowedHost: Invalid HTTP_HOST header: 'www.chitwanremoval.com.au.studiorishav.com'. You may need to add 'www.chitwanremoval.com.au.studiorishav.com' to ALLOWED_HOSTS.
Invalid HTTP_HOST header: 'www.chitwanremoval.com.au.studiorishav.com'. You may need to add 'www.chitwanremoval.com.au.studiorishav.com' to ALLOWED_HOSTS.
Traceback (most recent call last):
  File "/home1/studiori/virtualenv/chitwanremoval.com.au/chitwan_removal/3.10/lib/python3.10/site-packages/django/core/handlers/exception.py", line 55, in inner
    response = get_response(request)
  File "/home1/studiori/virtualenv/chitwanremoval.com.au/chitwan_removal/3.10/lib/python3.10/site-packages/django/utils/deprecation.py", line 119, in __call__
    response = self.process_request(request)
  File "/home1/studiori/virtualenv/chitwanremoval.com.au/chitwan_removal/3.10/lib/python3.10/site-packages/django/middleware/common.py", line 48, in process_request
    host = request.get_host()
  File "/home1/studiori/virtualenv/chitwanremoval.com.au/chitwan_removal/3.10/lib/python3.10/site-packages/django/http/request.py", line 203, in get_host
    raise DisallowedHost(msg)
django.core.exceptions.DisallowedHost: Invalid HTTP_HOST header: 'www.chitwanremoval.com.au.studiorishav.com'. You may need to add 'www.chitwanremoval.com.au.studiorishav.com' to ALLOWED_HOSTS.
Invalid HTTP_HOST header: 'www.chitwanremoval.com.au.studiorishav.com'. You may need to add 'www.chitwanremoval.com.au.studiorishav.com' to ALLOWED_HOSTS.
Traceback (most recent call last):
  File "/home1/studiori/virtualenv/chitwanremoval.com.au/chitwan_removal/3.10/lib/python3.10/site-packages/django/core/handlers/exception.py", line 55, in inner
    response = get_response(request)
  File "/home1/studiori/virtualenv/chitwanremoval.com.au/chitwan_removal/3.10/lib/python3.10/site-packages/django/utils/deprecation.py", line 119, in __call__
    response = self.process_request(request)
  File "/home1/studiori/virtualenv/chitwanremoval.com.au/chitwan_removal/3.10/lib/python3.10/site-packages/django/middleware/common.py", line 48, in process_request
    host = request.get_host()
  File "/home1/studiori/virtualenv/chitwanremoval.com.au/chitwan_removal/3.10/lib/python3.10/site-packages/django/http/request.py", line 203, in get_host
    raise DisallowedHost(msg)
django.core.exceptions.DisallowedHost: Invalid HTTP_HOST header: 'www.chitwanremoval.com.au.studiorishav.com'. You may need to add 'www.chitwanremoval.com.au.studiorishav.com' to ALLOWED_HOSTS.
Invalid HTTP_HOST header: 'www.chitwanremoval.com.au.studiorishav.com'. You may need to add 'www.chitwanremoval.com.au.studiorishav.com' to ALLOWED_HOSTS.
Traceback (most recent call last):
  File "/home1/studiori/virtualenv/chitwanremoval.com.au/chitwan_removal/3.10/lib/python3.10/site-packages/django/core/handlers/exception.py", line 55, in inner
    response = get_response(request)
  File "/home1/studiori/virtualenv/chitwanremoval.com.au/chitwan_removal/3.10/lib/python3.10/site-packages/django/utils/deprecation.py", line 119, in __call__
    response = self.process_request(request)
  File "/home1/studiori/virtualenv/chitwanremoval.com.au/chitwan_removal/3.10/lib/python3.10/site-packages/django/middleware/common.py", line 48, in process_request
    host = request.get_host()
  File "/home1/studiori/virtualenv/chitwanremoval.com.au/chitwan_removal/3.10/lib/python3.10/site-packages/django/http/request.py", line 203, in get_host
    raise DisallowedHost(msg)
django.core.exceptions.DisallowedHost: Invalid HTTP_HOST header: 'www.chitwanremoval.com.au.studiorishav.com'. You may need to add 'www.chitwanremoval.com.au.studiorishav.com' to ALLOWED_HOSTS.
Invalid HTTP_HOST header: 'www.chitwanremoval.com.au.studiorishav.com'. You may need to add 'www.chitwanremoval.com.au.studiorishav.com' to ALLOWED_HOSTS.
Traceback (most recent call last):
  File "/home1/studiori/virtualenv/chitwanremoval.com.au/chitwan_removal/3.10/lib/python3.10/site-packages/django/core/handlers/exception.py", line 55, in inner
    response = get_response(request)
  File "/home1/studiori/virtualenv/chitwanremoval.com.au/chitwan_removal/3.10/lib/python3.10/site-packages/django/utils/deprecation.py", line 119, in __call__
    response = self.process_request(request)
  File "/home1/studiori/virtualenv/chitwanremoval.com.au/chitwan_removal/3.10/lib/python3.10/site-packages/django/middleware/common.py", line 48, in process_request
    host = request.get_host()
  File "/home1/studiori/virtualenv/chitwanremoval.com.au/chitwan_removal/3.10/lib/python3.10/site-packages/django/http/request.py", line 203, in get_host
    raise DisallowedHost(msg)
django.core.exceptions.DisallowedHost: Invalid HTTP_HOST header: 'www.chitwanremoval.com.au.studiorishav.com'. You may need to add 'www.chitwanremoval.com.au.studiorishav.com' to ALLOWED_HOSTS.
Invalid HTTP_HOST header: 'www.chitwanremoval.com.au.studiorishav.com'. You may need to add 'www.chitwanremoval.com.au.studiorishav.com' to ALLOWED_HOSTS.
Traceback (most recent call last):
  File "/home1/studiori/virtualenv/chitwanremoval.com.au/chitwan_removal/3.10/lib/python3.10/site-packages/django/core/handlers/exception.py", line 55, in inner
    response = get_response(request)
  File "/home1/studiori/virtualenv/chitwanremoval.com.au/chitwan_removal/3.10/lib/python3.10/site-packages/django/utils/deprecation.py", line 119, in __call__
    response = self.process_request(request)
  File "/home1/studiori/virtualenv/chitwanremoval.com.au/chitwan_removal/3.10/lib/python3.10/site-packages/django/middleware/common.py", line 48, in process_request
    host = request.get_host()
  File "/home1/studiori/virtualenv/chitwanremoval.com.au/chitwan_removal/3.10/lib/python3.10/site-packages/django/http/request.py", line 203, in get_host
    raise DisallowedHost(msg)
django.core.exceptions.DisallowedHost: Invalid HTTP_HOST header: 'www.chitwanremoval.com.au.studiorishav.com'. You may need to add 'www.chitwanremoval.com.au.studiorishav.com' to ALLOWED_HOSTS.
Invalid HTTP_HOST header: 'www.chitwanremoval.com.au.studiorishav.com'. You may need to add 'www.chitwanremoval.com.au.studiorishav.com' to ALLOWED_HOSTS.
Traceback (most recent call last):
  File "/home1/studiori/virtualenv/chitwanremoval.com.au/chitwan_removal/3.10/lib/python3.10/site-packages/django/core/handlers/exception.py", line 55, in inner
    response = get_response(request)
  File "/home1/studiori/virtualenv/chitwanremoval.com.au/chitwan_removal/3.10/lib/python3.10/site-packages/django/utils/deprecation.py", line 119, in __call__
    response = self.process_request(request)
  File "/home1/studiori/virtualenv/chitwanremoval.com.au/chitwan_removal/3.10/lib/python3.10/site-packages/django/middleware/common.py", line 48, in process_request
    host = request.get_host()
  File "/home1/studiori/virtualenv/chitwanremoval.com.au/chitwan_removal/3.10/lib/python3.10/site-packages/django/http/request.py", line 203, in get_host
    raise DisallowedHost(msg)
django.core.exceptions.DisallowedHost: Invalid HTTP_HOST header: 'www.chitwanremoval.com.au.studiorishav.com'. You may need to add 'www.chitwanremoval.com.au.studiorishav.com' to ALLOWED_HOSTS.
Invalid HTTP_HOST header: 'chitwanremoval.com.au.studiorishav.com'. You may need to add 'chitwanremoval.com.au.studiorishav.com' to ALLOWED_HOSTS.
Traceback (most recent call last):
  File "/home1/studiori/virtualenv/chitwanremoval.com.au/chitwan_removal/3.10/lib/python3.10/site-packages/django/core/handlers/exception.py", line 55, in inner
    response = get_response(request)
  File "/home1/studiori/virtualenv/chitwanremoval.com.au/chitwan_removal/3.10/lib/python3.10/site-packages/django/utils/deprecation.py", line 119, in __call__
    response = self.process_request(request)
  File "/home1/studiori/virtualenv/chitwanremoval.com.au/chitwan_removal/3.10/lib/python3.10/site-packages/django/middleware/common.py", line 48, in process_request
    host = request.get_host()
  File "/home1/studiori/virtualenv/chitwanremoval.com.au/chitwan_removal/3.10/lib/python3.10/site-packages/django/http/request.py", line 203, in get_host
    raise DisallowedHost(msg)
django.core.exceptions.DisallowedHost: Invalid HTTP_HOST header: 'chitwanremoval.com.au.studiorishav.com'. You may need to add 'chitwanremoval.com.au.studiorishav.com' to ALLOWED_HOSTS.
Invalid HTTP_HOST header: 'chitwanremoval.com.au.studiorishav.com'. You may need to add 'chitwanremoval.com.au.studiorishav.com' to ALLOWED_HOSTS.
Traceback (most recent call last):
  File "/home1/studiori/virtualenv/chitwanremoval.com.au/chitwan_removal/3.10/lib/python3.10/site-packages/django/core/handlers/exception.py", line 55, in inner
    response = get_response(request)
  File "/home1/studiori/virtualenv/chitwanremoval.com.au/chitwan_removal/3.10/lib/python3.10/site-packages/django/utils/deprecation.py", line 119, in __call__
    response = self.process_request(request)
  File "/home1/studiori/virtualenv/chitwanremoval.com.au/chitwan_removal/3.10/lib/python3.10/site-packages/django/middleware/common.py", line 48, in process_request
    host = request.get_host()
  File "/home1/studiori/virtualenv/chitwanremoval.com.au/chitwan_removal/3.10/lib/python3.10/site-packages/django/http/request.py", line 203, in get_host
    raise DisallowedHost(msg)
django.core.exceptions.DisallowedHost: Invalid HTTP_HOST header: 'chitwanremoval.com.au.studiorishav.com'. You may need to add 'chitwanremoval.com.au.studiorishav.com' to ALLOWED_HOSTS.
Invalid HTTP_HOST header: 'chitwanremoval.com.au.studiorishav.com'. You may need to add 'chitwanremoval.com.au.studiorishav.com' to ALLOWED_HOSTS.
Traceback (most recent call last):
  File "/home1/studiori/virtualenv/chitwanremoval.com.au/chitwan_removal/3.10/lib/python3.10/site-packages/django/core/handlers/exception.py", line 55, in inner
    response = get_response(request)
  File "/home1/studiori/virtualenv/chitwanremoval.com.au/chitwan_removal/3.10/lib/python3.10/site-packages/django/utils/deprecation.py", line 119, in __call__
    response = self.process_request(request)
  File "/home1/studiori/virtualenv/chitwanremoval.com.au/chitwan_removal/3.10/lib/python3.10/site-packages/django/middleware/common.py", line 48, in process_request
    host = request.get_host()
  File "/home1/studiori/virtualenv/chitwanremoval.com.au/chitwan_removal/3.10/lib/python3.10/site-packages/django/http/request.py", line 203, in get_host
    raise DisallowedHost(msg)
django.core.exceptions.DisallowedHost: Invalid HTTP_HOST header: 'chitwanremoval.com.au.studiorishav.com'. You may need to add 'chitwanremoval.com.au.studiorishav.com' to ALLOWED_HOSTS.
Invalid HTTP_HOST header: 'chitwanremoval.com.au.studiorishav.com'. You may need to add 'chitwanremoval.com.au.studiorishav.com' to ALLOWED_HOSTS.
Traceback (most recent call last):
  File "/home1/studiori/virtualenv/chitwanremoval.com.au/chitwan_removal/3.10/lib/python3.10/site-packages/django/core/handlers/exception.py", line 55, in inner
    response = get_response(request)
  File "/home1/studiori/virtualenv/chitwanremoval.com.au/chitwan_removal/3.10/lib/python3.10/site-packages/django/utils/deprecation.py", line 119, in __call__
    response = self.process_request(request)
  File "/home1/studiori/virtualenv/chitwanremoval.com.au/chitwan_removal/3.10/lib/python3.10/site-packages/django/middleware/common.py", line 48, in process_request
    host = request.get_host()
  File "/home1/studiori/virtualenv/chitwanremoval.com.au/chitwan_removal/3.10/lib/python3.10/site-packages/django/http/request.py", line 203, in get_host
    raise DisallowedHost(msg)
django.core.exceptions.DisallowedHost: Invalid HTTP_HOST header: 'chitwanremoval.com.au.studiorishav.com'. You may need to add 'chitwanremoval.com.au.studiorishav.com' to ALLOWED_HOSTS.
Invalid HTTP_HOST header: 'chitwanremoval.com.au.studiorishav.com'. You may need to add 'chitwanremoval.com.au.studiorishav.com' to ALLOWED_HOSTS.
Traceback (most recent call last):
  File "/home1/studiori/virtualenv/chitwanremoval.com.au/chitwan_removal/3.10/lib/python3.10/site-packages/django/core/handlers/exception.py", line 55, in inner
    response = get_response(request)
  File "/home1/studiori/virtualenv/chitwanremoval.com.au/chitwan_removal/3.10/lib/python3.10/site-packages/django/utils/deprecation.py", line 119, in __call__
    response = self.process_request(request)
  File "/home1/studiori/virtualenv/chitwanremoval.com.au/chitwan_removal/3.10/lib/python3.10/site-packages/django/middleware/common.py", line 48, in process_request
    host = request.get_host()
  File "/home1/studiori/virtualenv/chitwanremoval.com.au/chitwan_removal/3.10/lib/python3.10/site-packages/django/http/request.py", line 203, in get_host
    raise DisallowedHost(msg)
django.core.exceptions.DisallowedHost: Invalid HTTP_HOST header: 'chitwanremoval.com.au.studiorishav.com'. You may need to add 'chitwanremoval.com.au.studiorishav.com' to ALLOWED_HOSTS.
Invalid HTTP_HOST header: 'chitwanremoval.com.au.studiorishav.com'. You may need to add 'chitwanremoval.com.au.studiorishav.com' to ALLOWED_HOSTS.
Traceback (most recent call last):
  File "/home1/studiori/virtualenv/chitwanremoval.com.au/chitwan_removal/3.10/lib/python3.10/site-packages/django/core/handlers/exception.py", line 55, in inner
    response = get_response(request)
  File "/home1/studiori/virtualenv/chitwanremoval.com.au/chitwan_removal/3.10/lib/python3.10/site-packages/django/utils/deprecation.py", line 119, in __call__
    response = self.process_request(request)
  File "/home1/studiori/virtualenv/chitwanremoval.com.au/chitwan_removal/3.10/lib/python3.10/site-packages/django/middleware/common.py", line 48, in process_request
    host = request.get_host()
  File "/home1/studiori/virtualenv/chitwanremoval.com.au/chitwan_removal/3.10/lib/python3.10/site-packages/django/http/request.py", line 203, in get_host
    raise DisallowedHost(msg)
django.core.exceptions.DisallowedHost: Invalid HTTP_HOST header: 'chitwanremoval.com.au.studiorishav.com'. You may need to add 'chitwanremoval.com.au.studiorishav.com' to ALLOWED_HOSTS.
Invalid HTTP_HOST header: 'chitwanremoval.com.au.studiorishav.com'. You may need to add 'chitwanremoval.com.au.studiorishav.com' to ALLOWED_HOSTS.
Traceback (most recent call last):
  File "/home1/studiori/virtualenv/chitwanremoval.com.au/chitwan_removal/3.10/lib/python3.10/site-packages/django/core/handlers/exception.py", line 55, in inner
    response = get_response(request)
  File "/home1/studiori/virtualenv/chitwanremoval.com.au/chitwan_removal/3.10/lib/python3.10/site-packages/django/utils/deprecation.py", line 119, in __call__
    response = self.process_request(request)
  File "/home1/studiori/virtualenv/chitwanremoval.com.au/chitwan_removal/3.10/lib/python3.10/site-packages/django/middleware/common.py", line 48, in process_request
    host = request.get_host()
  File "/home1/studiori/virtualenv/chitwanremoval.com.au/chitwan_removal/3.10/lib/python3.10/site-packages/django/http/request.py", line 203, in get_host
    raise DisallowedHost(msg)
django.core.exceptions.DisallowedHost: Invalid HTTP_HOST header: 'chitwanremoval.com.au.studiorishav.com'. You may need to add 'chitwanremoval.com.au.studiorishav.com' to ALLOWED_HOSTS.
Invalid HTTP_HOST header: 'chitwanremoval.com.au.studiorishav.com'. You may need to add 'chitwanremoval.com.au.studiorishav.com' to ALLOWED_HOSTS.
Traceback (most recent call last):
  File "/home1/studiori/virtualenv/chitwanremoval.com.au/chitwan_removal/3.10/lib/python3.10/site-packages/django/core/handlers/exception.py", line 55, in inner
    response = get_response(request)
  File "/home1/studiori/virtualenv/chitwanremoval.com.au/chitwan_removal/3.10/lib/python3.10/site-packages/django/utils/deprecation.py", line 119, in __call__
    response = self.process_request(request)
  File "/home1/studiori/virtualenv/chitwanremoval.com.au/chitwan_removal/3.10/lib/python3.10/site-packages/django/middleware/common.py", line 48, in process_request
    host = request.get_host()
  File "/home1/studiori/virtualenv/chitwanremoval.com.au/chitwan_removal/3.10/lib/python3.10/site-packages/django/http/request.py", line 203, in get_host
    raise DisallowedHost(msg)
django.core.exceptions.DisallowedHost: Invalid HTTP_HOST header: 'chitwanremoval.com.au.studiorishav.com'. You may need to add 'chitwanremoval.com.au.studiorishav.com' to ALLOWED_HOSTS.
Invalid HTTP_HOST header: 'chitwanremoval.com.au.studiorishav.com'. You may need to add 'chitwanremoval.com.au.studiorishav.com' to ALLOWED_HOSTS.
Traceback (most recent call last):
  File "/home1/studiori/virtualenv/chitwanremoval.com.au/chitwan_removal/3.10/lib/python3.10/site-packages/django/core/handlers/exception.py", line 55, in inner
    response = get_response(request)
  File "/home1/studiori/virtualenv/chitwanremoval.com.au/chitwan_removal/3.10/lib/python3.10/site-packages/django/utils/deprecation.py", line 119, in __call__
    response = self.process_request(request)
  File "/home1/studiori/virtualenv/chitwanremoval.com.au/chitwan_removal/3.10/lib/python3.10/site-packages/django/middleware/common.py", line 48, in process_request
    host = request.get_host()
  File "/home1/studiori/virtualenv/chitwanremoval.com.au/chitwan_removal/3.10/lib/python3.10/site-packages/django/http/request.py", line 203, in get_host
    raise DisallowedHost(msg)
django.core.exceptions.DisallowedHost: Invalid HTTP_HOST header: 'chitwanremoval.com.au.studiorishav.com'. You may need to add 'chitwanremoval.com.au.studiorishav.com' to ALLOWED_HOSTS.
Invalid HTTP_HOST header: 'www.chitwanremoval.com.au.studiorishav.com'. You may need to add 'www.chitwanremoval.com.au.studiorishav.com' to ALLOWED_HOSTS.
Traceback (most recent call last):
  File "/home1/studiori/virtualenv/chitwanremoval.com.au/chitwan_removal/3.10/lib/python3.10/site-packages/django/core/handlers/exception.py", line 55, in inner
    response = get_response(request)
  File "/home1/studiori/virtualenv/chitwanremoval.com.au/chitwan_removal/3.10/lib/python3.10/site-packages/django/utils/deprecation.py", line 119, in __call__
    response = self.process_request(request)
  File "/home1/studiori/virtualenv/chitwanremoval.com.au/chitwan_removal/3.10/lib/python3.10/site-packages/django/middleware/common.py", line 48, in process_request
    host = request.get_host()
  File "/home1/studiori/virtualenv/chitwanremoval.com.au/chitwan_removal/3.10/lib/python3.10/site-packages/django/http/request.py", line 203, in get_host
    raise DisallowedHost(msg)
django.core.exceptions.DisallowedHost: Invalid HTTP_HOST header: 'www.chitwanremoval.com.au.studiorishav.com'. You may need to add 'www.chitwanremoval.com.au.studiorishav.com' to ALLOWED_HOSTS.
Not Found: /static/images/interstate_moves.jpeg
Invalid HTTP_HOST header: 'chitwanremoval.com.au.studiorishav.com'. You may need to add 'chitwanremoval.com.au.studiorishav.com' to ALLOWED_HOSTS.
Traceback (most recent call last):
  File "/home1/studiori/virtualenv/chitwanremoval.com.au/chitwan_removal/3.10/lib/python3.10/site-packages/django/core/handlers/exception.py", line 55, in inner
    response = get_response(request)
  File "/home1/studiori/virtualenv/chitwanremoval.com.au/chitwan_removal/3.10/lib/python3.10/site-packages/django/utils/deprecation.py", line 119, in __call__
    response = self.process_request(request)
  File "/home1/studiori/virtualenv/chitwanremoval.com.au/chitwan_removal/3.10/lib/python3.10/site-packages/django/middleware/common.py", line 48, in process_request
    host = request.get_host()
  File "/home1/studiori/virtualenv/chitwanremoval.com.au/chitwan_removal/3.10/lib/python3.10/site-packages/django/http/request.py", line 203, in get_host
    raise DisallowedHost(msg)
django.core.exceptions.DisallowedHost: Invalid HTTP_HOST header: 'chitwanremoval.com.au.studiorishav.com'. You may need to add 'chitwanremoval.com.au.studiorishav.com' to ALLOWED_HOSTS.
Not Found: /robots.txt
Not Found: /static/images/interstate_moves.jpeg
Not Found: /static/images/hero-banner.jpg
Not Found: /robots.txt
Invalid HTTP_HOST header: 'www.chitwanremoval.com.au.studiorishav.com'. You may need to add 'www.chitwanremoval.com.au.studiorishav.com' to ALLOWED_HOSTS.
Traceback (most recent call last):
  File "/home1/studiori/virtualenv/chitwanremoval.com.au/chitwan_removal/3.10/lib/python3.10/site-packages/django/core/handlers/exception.py", line 55, in inner
    response = get_response(request)
  File "/home1/studiori/virtualenv/chitwanremoval.com.au/chitwan_removal/3.10/lib/python3.10/site-packages/django/utils/deprecation.py", line 119, in __call__
    response = self.process_request(request)
  File "/home1/studiori/virtualenv/chitwanremoval.com.au/chitwan_removal/3.10/lib/python3.10/site-packages/django/middleware/common.py", line 48, in process_request
    host = request.get_host()
  File "/home1/studiori/virtualenv/chitwanremoval.com.au/chitwan_removal/3.10/lib/python3.10/site-packages/django/http/request.py", line 203, in get_host
    raise DisallowedHost(msg)
django.core.exceptions.DisallowedHost: Invalid HTTP_HOST header: 'www.chitwanremoval.com.au.studiorishav.com'. You may need to add 'www.chitwanremoval.com.au.studiorishav.com' to ALLOWED_HOSTS.
Invalid HTTP_HOST header: 'chitwanremoval.com.au.studiorishav.com'. You may need to add 'chitwanremoval.com.au.studiorishav.com' to ALLOWED_HOSTS.
Traceback (most recent call last):
  File "/home1/studiori/virtualenv/chitwanremoval.com.au/chitwan_removal/3.10/lib/python3.10/site-packages/django/core/handlers/exception.py", line 55, in inner
    response = get_response(request)
  File "/home1/studiori/virtualenv/chitwanremoval.com.au/chitwan_removal/3.10/lib/python3.10/site-packages/django/utils/deprecation.py", line 119, in __call__
    response = self.process_request(request)
  File "/home1/studiori/virtualenv/chitwanremoval.com.au/chitwan_removal/3.10/lib/python3.10/site-packages/django/middleware/common.py", line 48, in process_request
    host = request.get_host()
  File "/home1/studiori/virtualenv/chitwanremoval.com.au/chitwan_removal/3.10/lib/python3.10/site-packages/django/http/request.py", line 203, in get_host
    raise DisallowedHost(msg)
django.core.exceptions.DisallowedHost: Invalid HTTP_HOST header: 'chitwanremoval.com.au.studiorishav.com'. You may need to add 'chitwanremoval.com.au.studiorishav.com' to ALLOWED_HOSTS.
Not Found: /console/
Not Found: /server
Not Found: /server-status
Not Found: /login.action
Not Found: /___proxy_subdomain_whm/login
Not Found: /___proxy_subdomain_cpanel
Not Found: /v2/_catalog
Not Found: /.DS_Store
Invalid HTTP_HOST header: 'www.chitwanremoval.com.au.studiorishav.com'. You may need to add 'www.chitwanremoval.com.au.studiorishav.com' to ALLOWED_HOSTS.
Traceback (most recent call last):
  File "/home1/studiori/virtualenv/chitwanremoval.com.au/chitwan_removal/3.10/lib/python3.10/site-packages/django/core/handlers/exception.py", line 55, in inner
    response = get_response(request)
  File "/home1/studiori/virtualenv/chitwanremoval.com.au/chitwan_removal/3.10/lib/python3.10/site-packages/django/utils/deprecation.py", line 119, in __call__
    response = self.process_request(request)
  File "/home1/studiori/virtualenv/chitwanremoval.com.au/chitwan_removal/3.10/lib/python3.10/site-packages/django/middleware/common.py", line 48, in process_request
    host = request.get_host()
  File "/home1/studiori/virtualenv/chitwanremoval.com.au/chitwan_removal/3.10/lib/python3.10/site-packages/django/http/request.py", line 203, in get_host
    raise DisallowedHost(msg)
django.core.exceptions.DisallowedHost: Invalid HTTP_HOST header: 'www.chitwanremoval.com.au.studiorishav.com'. You may need to add 'www.chitwanremoval.com.au.studiorishav.com' to ALLOWED_HOSTS.
Invalid HTTP_HOST header: 'chitwanremoval.com.au.studiorishav.com'. You may need to add 'chitwanremoval.com.au.studiorishav.com' to ALLOWED_HOSTS.
Traceback (most recent call last):
  File "/home1/studiori/virtualenv/chitwanremoval.com.au/chitwan_removal/3.10/lib/python3.10/site-packages/django/core/handlers/exception.py", line 55, in inner
    response = get_response(request)
  File "/home1/studiori/virtualenv/chitwanremoval.com.au/chitwan_removal/3.10/lib/python3.10/site-packages/django/utils/deprecation.py", line 119, in __call__
    response = self.process_request(request)
  File "/home1/studiori/virtualenv/chitwanremoval.com.au/chitwan_removal/3.10/lib/python3.10/site-packages/django/middleware/common.py", line 48, in process_request
    host = request.get_host()
  File "/home1/studiori/virtualenv/chitwanremoval.com.au/chitwan_removal/3.10/lib/python3.10/site-packages/django/http/request.py", line 203, in get_host
    raise DisallowedHost(msg)
django.core.exceptions.DisallowedHost: Invalid HTTP_HOST header: 'chitwanremoval.com.au.studiorishav.com'. You may need to add 'chitwanremoval.com.au.studiorishav.com' to ALLOWED_HOSTS.
[UID:2229][283708] Reached max children process limit: 6, extra: 2, current: 8, busy: 7, please increase LSAPI_CHILDREN.
Not Found: /static/images/interstate_moves.jpeg
[UID:2229][283708] Reached max children process limit: 6, extra: 2, current: 8, busy: 8, please increase LSAPI_CHILDREN.
[UID:2229][283708] Reached max children process limit: 6, extra: 2, current: 8, busy: 8, please increase LSAPI_CHILDREN.
[UID:2229][283708] Reached max children process limit: 6, extra: 2, current: 8, busy: 8, please increase LSAPI_CHILDREN.
Not Found: /static/images/interstate_moves.jpeg
Not Found: /static/images/interstate_moves.jpeg
[UID:2229][283708] Reached max children process limit: 6, extra: 2, current: 8, busy: 8, please increase LSAPI_CHILDREN.
[UID:2229][283708] Reached max children process limit: 6, extra: 2, current: 8, busy: 8, please increase LSAPI_CHILDREN.
[UID:2229][283708] Reached max children process limit: 6, extra: 2, current: 8, busy: 8, please increase LSAPI_CHILDREN.
[UID:2229][283708] Reached max children process limit: 6, extra: 2, current: 8, busy: 8, please increase LSAPI_CHILDREN.
[UID:2229][283708] Reached max children process limit: 6, extra: 2, current: 8, busy: 8, please increase LSAPI_CHILDREN.
[UID:2229][283708] Reached max children process limit: 6, extra: 2, current: 8, busy: 8, please increase LSAPI_CHILDREN.
[UID:2229][283708] Reached max children process limit: 6, extra: 2, current: 8, busy: 8, please increase LSAPI_CHILDREN.
[UID:2229][283708] Reached max children process limit: 6, extra: 2, current: 8, busy: 8, please increase LSAPI_CHILDREN.
Not Found: /static/images/interstate_moves.jpeg
[UID:2229][283708] Reached max children process limit: 6, extra: 2, current: 8, busy: 8, please increase LSAPI_CHILDREN.
[UID:2229][283708] Reached max children process limit: 6, extra: 2, current: 8, busy: 8, please increase LSAPI_CHILDREN.
[UID:2229][283708] Reached max children process limit: 6, extra: 2, current: 8, busy: 8, please increase LSAPI_CHILDREN.
[UID:2229][283708] Reached max children process limit: 6, extra: 2, current: 8, busy: 7, please increase LSAPI_CHILDREN.
[UID:2229][283708] Reached max children process limit: 6, extra: 2, current: 8, busy: 8, please increase LSAPI_CHILDREN.
[UID:2229][283708] Reached max children process limit: 6, extra: 2, current: 8, busy: 8, please increase LSAPI_CHILDREN.
[UID:2229][283708] Reached max children process limit: 6, extra: 2, current: 8, busy: 8, please increase LSAPI_CHILDREN.
[UID:2229][283708] Reached max children process limit: 6, extra: 2, current: 8, busy: 8, please increase LSAPI_CHILDREN.
[UID:2229][283708] Reached max children process limit: 6, extra: 2, current: 8, busy: 7, please increase LSAPI_CHILDREN.
[UID:2229][283708] Reached max children process limit: 6, extra: 2, current: 8, busy: 8, please increase LSAPI_CHILDREN.
[UID:2229][283708] Reached max children process limit: 6, extra: 2, current: 8, busy: 8, please increase LSAPI_CHILDREN.
Not Found: /static/images/interstate_moves.jpeg
[UID:2229][283708] Reached max children process limit: 6, extra: 2, current: 8, busy: 8, please increase LSAPI_CHILDREN.
[UID:2229][283708] Reached max children process limit: 6, extra: 2, current: 8, busy: 8, please increase LSAPI_CHILDREN.
[UID:2229][283708] Reached max children process limit: 6, extra: 2, current: 8, busy: 7, please increase LSAPI_CHILDREN.
[UID:2229][283708] Reached max children process limit: 6, extra: 2, current: 8, busy: 8, please increase LSAPI_CHILDREN.
[UID:2229][283708] Reached max children process limit: 6, extra: 2, current: 8, busy: 8, please increase LSAPI_CHILDREN.
[UID:2229][283708] Reached max children process limit: 6, extra: 2, current: 8, busy: 8, please increase LSAPI_CHILDREN.
[UID:2229][283708] Reached max children process limit: 6, extra: 2, current: 8, busy: 7, please increase LSAPI_CHILDREN.
[UID:2229][283708] Reached max children process limit: 6, extra: 2, current: 8, busy: 8, please increase LSAPI_CHILDREN.
[UID:2229][283708] Reached max children process limit: 6, extra: 2, current: 8, busy: 8, please increase LSAPI_CHILDREN.
[UID:2229][283708] Reached max children process limit: 6, extra: 2, current: 8, busy: 8, please increase LSAPI_CHILDREN.
[UID:2229][283708] Reached max children process limit: 6, extra: 2, current: 8, busy: 8, please increase LSAPI_CHILDREN.
[UID:2229][283708] Reached max children process limit: 6, extra: 2, current: 8, busy: 8, please increase LSAPI_CHILDREN.
[UID:2229][283708] Reached max children process limit: 6, extra: 2, current: 8, busy: 8, please increase LSAPI_CHILDREN.
[UID:2229][283708] Reached max children process limit: 6, extra: 2, current: 8, busy: 8, please increase LSAPI_CHILDREN.
[UID:2229][283708] Reached max children process limit: 6, extra: 2, current: 8, busy: 8, please increase LSAPI_CHILDREN.
[UID:2229][283708] Child process with pid: 318195 was killed by signal: 15, core dumped: no
[UID:2229][283708] Reached max children process limit: 6, extra: 2, current: 8, busy: 7, please increase LSAPI_CHILDREN.
[UID:2229][283708] Reached max children process limit: 6, extra: 2, current: 8, busy: 8, please increase LSAPI_CHILDREN.
[UID:2229][283708] Reached max children process limit: 6, extra: 2, current: 8, busy: 7, please increase LSAPI_CHILDREN.
[UID:2229][283708] Reached max children process limit: 6, extra: 2, current: 8, busy: 7, please increase LSAPI_CHILDREN.
[UID:2229][283708] Reached max children process limit: 6, extra: 2, current: 8, busy: 8, please increase LSAPI_CHILDREN.
[UID:2229][283708] Reached max children process limit: 6, extra: 2, current: 8, busy: 8, please increase LSAPI_CHILDREN.
[UID:2229][283708] Reached max children process limit: 6, extra: 2, current: 8, busy: 7, please increase LSAPI_CHILDREN.
[UID:2229][283708] Reached max children process limit: 6, extra: 2, current: 8, busy: 8, please increase LSAPI_CHILDREN.
[UID:2229][283708] Reached max children process limit: 6, extra: 2, current: 8, busy: 8, please increase LSAPI_CHILDREN.
[UID:2229][283708] Reached max children process limit: 6, extra: 2, current: 8, busy: 8, please increase LSAPI_CHILDREN.
[UID:2229][283708] Reached max children process limit: 6, extra: 2, current: 8, busy: 8, please increase LSAPI_CHILDREN.
[UID:2229][283708] Reached max children process limit: 6, extra: 2, current: 8, busy: 7, please increase LSAPI_CHILDREN.
[UID:2229][283708] Reached max children process limit: 6, extra: 2, current: 8, busy: 8, please increase LSAPI_CHILDREN.
[UID:2229][283708] Reached max children process limit: 6, extra: 2, current: 8, busy: 8, please increase LSAPI_CHILDREN.
[UID:2229][283708] Reached max children process limit: 6, extra: 2, current: 8, busy: 8, please increase LSAPI_CHILDREN.
[UID:2229][283708] Reached max children process limit: 6, extra: 2, current: 8, busy: 7, please increase LSAPI_CHILDREN.
[UID:2229][283708] Reached max children process limit: 6, extra: 2, current: 8, busy: 8, please increase LSAPI_CHILDREN.
[UID:2229][283708] Reached max children process limit: 6, extra: 2, current: 8, busy: 8, please increase LSAPI_CHILDREN.
[UID:2229][283708] Reached max children process limit: 6, extra: 2, current: 8, busy: 8, please increase LSAPI_CHILDREN.
[UID:2229][283708] Reached max children process limit: 6, extra: 2, current: 8, busy: 8, please increase LSAPI_CHILDREN.
[UID:2229][283708] Reached max children process limit: 6, extra: 2, current: 8, busy: 8, please increase LSAPI_CHILDREN.
[UID:2229][283708] Reached max children process limit: 6, extra: 2, current: 8, busy: 8, please increase LSAPI_CHILDREN.
[UID:2229][283708] Reached max children process limit: 6, extra: 2, current: 8, busy: 8, please increase LSAPI_CHILDREN.
[UID:2229][283708] Reached max children process limit: 6, extra: 2, current: 8, busy: 8, please increase LSAPI_CHILDREN.
[UID:2229][283708] Reached max children process limit: 6, extra: 2, current: 8, busy: 7, please increase LSAPI_CHILDREN.
[UID:2229][283708] Child process with pid: 318258 was killed by signal: 15, core dumped: no
[UID:2229][283708] Reached max children process limit: 6, extra: 2, current: 8, busy: 7, please increase LSAPI_CHILDREN.
[UID:2229][283708] Reached max children process limit: 6, extra: 2, current: 8, busy: 8, please increase LSAPI_CHILDREN.
[UID:2229][283708] Reached max children process limit: 6, extra: 2, current: 8, busy: 7, please increase LSAPI_CHILDREN.
[UID:2229][283708] Reached max children process limit: 6, extra: 2, current: 8, busy: 7, please increase LSAPI_CHILDREN.
[UID:2229][283708] Reached max children process limit: 6, extra: 2, current: 8, busy: 8, please increase LSAPI_CHILDREN.
[UID:2229][283708] Reached max children process limit: 6, extra: 2, current: 8, busy: 8, please increase LSAPI_CHILDREN.
[UID:2229][283708] Reached max children process limit: 6, extra: 2, current: 8, busy: 8, please increase LSAPI_CHILDREN.
[UID:2229][283708] Reached max children process limit: 6, extra: 2, current: 8, busy: 8, please increase LSAPI_CHILDREN.
[UID:2229][283708] Reached max children process limit: 6, extra: 2, current: 8, busy: 8, please increase LSAPI_CHILDREN.
[UID:2229][283708] Reached max children process limit: 6, extra: 2, current: 8, busy: 7, please increase LSAPI_CHILDREN.
[UID:2229][283708] Reached max children process limit: 6, extra: 2, current: 8, busy: 7, please increase LSAPI_CHILDREN.
[UID:2229][283708] Reached max children process limit: 6, extra: 2, current: 8, busy: 8, please increase LSAPI_CHILDREN.
[UID:2229][283708] Reached max children process limit: 6, extra: 2, current: 8, busy: 7, please increase LSAPI_CHILDREN.
[UID:2229][283708] Reached max children process limit: 6, extra: 2, current: 8, busy: 8, please increase LSAPI_CHILDREN.
[UID:2229][283708] Reached max children process limit: 6, extra: 2, current: 8, busy: 8, please increase LSAPI_CHILDREN.
[UID:2229][283708] Reached max children process limit: 6, extra: 2, current: 8, busy: 8, please increase LSAPI_CHILDREN.
[UID:2229][283708] Reached max children process limit: 6, extra: 2, current: 8, busy: 7, please increase LSAPI_CHILDREN.
[UID:2229][283708] Reached max children process limit: 6, extra: 2, current: 8, busy: 8, please increase LSAPI_CHILDREN.
[UID:2229][283708] Reached max children process limit: 6, extra: 2, current: 8, busy: 8, please increase LSAPI_CHILDREN.
[UID:2229][283708] Reached max children process limit: 6, extra: 2, current: 8, busy: 8, please increase LSAPI_CHILDREN.
[UID:2229][283708] Reached max children process limit: 6, extra: 2, current: 8, busy: 8, please increase LSAPI_CHILDREN.
[UID:2229][283708] Reached max children process limit: 6, extra: 2, current: 8, busy: 8, please increase LSAPI_CHILDREN.
[UID:2229][283708] Reached max children process limit: 6, extra: 2, current: 8, busy: 8, please increase LSAPI_CHILDREN.
[UID:2229][283708] Reached max children process limit: 6, extra: 2, current: 8, busy: 8, please increase LSAPI_CHILDREN.
[UID:2229][283708] Reached max children process limit: 6, extra: 2, current: 8, busy: 7, please increase LSAPI_CHILDREN.
Not Found: /static/images/interstate_moves.jpeg
[UID:2229][283708] Reached max children process limit: 6, extra: 2, current: 8, busy: 8, please increase LSAPI_CHILDREN.
[UID:2229][283708] Reached max children process limit: 6, extra: 2, current: 8, busy: 8, please increase LSAPI_CHILDREN.
[UID:2229][283708] Reached max children process limit: 6, extra: 2, current: 8, busy: 7, please increase LSAPI_CHILDREN.
[UID:2229][283708] Reached max children process limit: 6, extra: 2, current: 8, busy: 8, please increase LSAPI_CHILDREN.
[UID:2229][283708] Reached max children process limit: 6, extra: 2, current: 8, busy: 8, please increase LSAPI_CHILDREN.
Not Found: /static/images/interstate_moves.jpeg
[UID:2229][283708] Reached max children process limit: 6, extra: 2, current: 8, busy: 7, please increase LSAPI_CHILDREN.
[UID:2229][283708] Reached max children process limit: 6, extra: 2, current: 8, busy: 8, please increase LSAPI_CHILDREN.
[UID:2229][283708] Reached max children process limit: 6, extra: 2, current: 8, busy: 8, please increase LSAPI_CHILDREN.
[UID:2229][283708] Reached max children process limit: 6, extra: 2, current: 8, busy: 7, please increase LSAPI_CHILDREN.
[UID:2229][283708] Reached max children process limit: 6, extra: 2, current: 8, busy: 7, please increase LSAPI_CHILDREN.
[UID:2229][283708] Reached max children process limit: 6, extra: 2, current: 8, busy: 8, please increase LSAPI_CHILDREN.
[UID:2229][283708] Reached max children process limit: 6, extra: 2, current: 8, busy: 8, please increase LSAPI_CHILDREN.
[UID:2229][283708] Reached max children process limit: 6, extra: 2, current: 8, busy: 8, please increase LSAPI_CHILDREN.
[UID:2229][283708] Reached max children process limit: 6, extra: 2, current: 8, busy: 8, please increase LSAPI_CHILDREN.
[UID:2229][283708] Reached max children process limit: 6, extra: 2, current: 8, busy: 8, please increase LSAPI_CHILDREN.
[UID:2229][283708] Reached max children process limit: 6, extra: 2, current: 8, busy: 7, please increase LSAPI_CHILDREN.
[UID:2229][283708] Reached max children process limit: 6, extra: 2, current: 8, busy: 8, please increase LSAPI_CHILDREN.
[UID:2229][283708] Reached max children process limit: 6, extra: 2, current: 8, busy: 8, please increase LSAPI_CHILDREN.
[UID:2229][283708] Reached max children process limit: 6, extra: 2, current: 8, busy: 8, please increase LSAPI_CHILDREN.
[UID:2229][283708] Reached max children process limit: 6, extra: 2, current: 8, busy: 8, please increase LSAPI_CHILDREN.
[UID:2229][283708] Reached max children process limit: 6, extra: 2, current: 8, busy: 8, please increase LSAPI_CHILDREN.
Not Found: /favicon.ico
[UID:2229][283708] Reached max children process limit: 6, extra: 2, current: 8, busy: 8, please increase LSAPI_CHILDREN.
[UID:2229][283708] Reached max children process limit: 6, extra: 2, current: 8, busy: 8, please increase LSAPI_CHILDREN.
[UID:2229][283708] Reached max children process limit: 6, extra: 2, current: 8, busy: 7, please increase LSAPI_CHILDREN.
[UID:2229][283708] Reached max children process limit: 6, extra: 2, current: 8, busy: 8, please increase LSAPI_CHILDREN.
[UID:2229][283708] Reached max children process limit: 6, extra: 2, current: 8, busy: 8, please increase LSAPI_CHILDREN.
[UID:2229][283708] Reached max children process limit: 6, extra: 2, current: 8, busy: 7, please increase LSAPI_CHILDREN.
[UID:2229][283708] Reached max children process limit: 6, extra: 2, current: 8, busy: 8, please increase LSAPI_CHILDREN.
[UID:2229][283708] Reached max children process limit: 6, extra: 2, current: 8, busy: 8, please increase LSAPI_CHILDREN.
[UID:2229][283708] Reached max children process limit: 6, extra: 2, current: 8, busy: 8, please increase LSAPI_CHILDREN.
[UID:2229][283708] Reached max children process limit: 6, extra: 2, current: 8, busy: 8, please increase LSAPI_CHILDREN.
[UID:2229][283708] Reached max children process limit: 6, extra: 2, current: 8, busy: 7, please increase LSAPI_CHILDREN.
[UID:2229][283708] Reached max children process limit: 6, extra: 2, current: 8, busy: 8, please increase LSAPI_CHILDREN.
[UID:2229][283708] Reached max children process limit: 6, extra: 2, current: 8, busy: 7, please increase LSAPI_CHILDREN.
[UID:2229][283708] Reached max children process limit: 6, extra: 2, current: 8, busy: 8, please increase LSAPI_CHILDREN.
[UID:2229][283708] Reached max children process limit: 6, extra: 2, current: 8, busy: 7, please increase LSAPI_CHILDREN.
[UID:2229][283708] Reached max children process limit: 6, extra: 2, current: 8, busy: 8, please increase LSAPI_CHILDREN.
[UID:2229][283708] Reached max children process limit: 6, extra: 2, current: 8, busy: 8, please increase LSAPI_CHILDREN.
[UID:2229][283708] Reached max children process limit: 6, extra: 2, current: 8, busy: 8, please increase LSAPI_CHILDREN.
[UID:2229][283708] Reached max children process limit: 6, extra: 2, current: 8, busy: 8, please increase LSAPI_CHILDREN.
[UID:2229][283708] Reached max children process limit: 6, extra: 2, current: 8, busy: 8, please increase LSAPI_CHILDREN.
[UID:2229][283708] Reached max children process limit: 6, extra: 2, current: 8, busy: 8, please increase LSAPI_CHILDREN.
[UID:2229][283708] Reached max children process limit: 6, extra: 2, current: 8, busy: 8, please increase LSAPI_CHILDREN.
[UID:2229][283708] Reached max children process limit: 6, extra: 2, current: 8, busy: 8, please increase LSAPI_CHILDREN.
[UID:2229][283708] Reached max children process limit: 6, extra: 2, current: 8, busy: 8, please increase LSAPI_CHILDREN.
[UID:2229][283708] Reached max children process limit: 6, extra: 2, current: 8, busy: 7, please increase LSAPI_CHILDREN.
Not Found: /static/images/interstate_moves.jpeg
[UID:2229][283708] Reached max children process limit: 6, extra: 2, current: 8, busy: 8, please increase LSAPI_CHILDREN.
[UID:2229][283708] Reached max children process limit: 6, extra: 2, current: 8, busy: 8, please increase LSAPI_CHILDREN.
[UID:2229][283708] Reached max children process limit: 6, extra: 2, current: 8, busy: 7, please increase LSAPI_CHILDREN.
[UID:2229][283708] Reached max children process limit: 6, extra: 2, current: 8, busy: 8, please increase LSAPI_CHILDREN.
[UID:2229][283708] Child process with pid: 318405 was killed by signal: 15, core dumped: no
[UID:2229][283708] Reached max children process limit: 6, extra: 2, current: 8, busy: 7, please increase LSAPI_CHILDREN.
OSError: LSAPI: File error
Not Found: /favicon.ico
Not Found: /favicon.ico
Not Found: /ads.txt
Not Found: /sellers.json
Not Found: /app-ads.txt
Not Found: /app-ads.txt
Not Found: /ads.txt
Not Found: /sellers.json
Not Found: /favicon.ico
[UID:2229][283708] Reached max children process limit: 6, extra: 2, current: 8, busy: 8, please increase LSAPI_CHILDREN.
Not Found: /ads.txt
[UID:2229][283708] Reached max children process limit: 6, extra: 2, current: 8, busy: 7, please increase LSAPI_CHILDREN.
Not Found: /app-ads.txt
[UID:2229][283708] Reached max children process limit: 6, extra: 2, current: 8, busy: 8, please increase LSAPI_CHILDREN.
Not Found: /sellers.json
Not Found: /sellers.json
Not Found: /app-ads.txt
Not Found: /ads.txt
Invalid HTTP_HOST header: 'www.chitwanremoval.com.au.studiorishav.com'. You may need to add 'www.chitwanremoval.com.au.studiorishav.com' to ALLOWED_HOSTS.
Traceback (most recent call last):
  File "/home1/studiori/virtualenv/chitwanremoval.com.au/chitwan_removal/3.10/lib/python3.10/site-packages/django/core/handlers/exception.py", line 55, in inner
    response = get_response(request)
  File "/home1/studiori/virtualenv/chitwanremoval.com.au/chitwan_removal/3.10/lib/python3.10/site-packages/django/utils/deprecation.py", line 119, in __call__
    response = self.process_request(request)
  File "/home1/studiori/virtualenv/chitwanremoval.com.au/chitwan_removal/3.10/lib/python3.10/site-packages/django/middleware/common.py", line 48, in process_request
    host = request.get_host()
  File "/home1/studiori/virtualenv/chitwanremoval.com.au/chitwan_removal/3.10/lib/python3.10/site-packages/django/http/request.py", line 203, in get_host
    raise DisallowedHost(msg)
django.core.exceptions.DisallowedHost: Invalid HTTP_HOST header: 'www.chitwanremoval.com.au.studiorishav.com'. You may need to add 'www.chitwanremoval.com.au.studiorishav.com' to ALLOWED_HOSTS.
Invalid HTTP_HOST header: 'chitwanremoval.com.au.studiorishav.com'. You may need to add 'chitwanremoval.com.au.studiorishav.com' to ALLOWED_HOSTS.
Traceback (most recent call last):
  File "/home1/studiori/virtualenv/chitwanremoval.com.au/chitwan_removal/3.10/lib/python3.10/site-packages/django/core/handlers/exception.py", line 55, in inner
    response = get_response(request)
  File "/home1/studiori/virtualenv/chitwanremoval.com.au/chitwan_removal/3.10/lib/python3.10/site-packages/django/utils/deprecation.py", line 119, in __call__
    response = self.process_request(request)
  File "/home1/studiori/virtualenv/chitwanremoval.com.au/chitwan_removal/3.10/lib/python3.10/site-packages/django/middleware/common.py", line 48, in process_request
    host = request.get_host()
  File "/home1/studiori/virtualenv/chitwanremoval.com.au/chitwan_removal/3.10/lib/python3.10/site-packages/django/http/request.py", line 203, in get_host
    raise DisallowedHost(msg)
django.core.exceptions.DisallowedHost: Invalid HTTP_HOST header: 'chitwanremoval.com.au.studiorishav.com'. You may need to add 'chitwanremoval.com.au.studiorishav.com' to ALLOWED_HOSTS.
Not Found: /wp-json/
Not Found: /wp-json/
Invalid HTTP_HOST header: 'chitwanremoval.com.au.studiorishav.com'. You may need to add 'chitwanremoval.com.au.studiorishav.com' to ALLOWED_HOSTS.
Traceback (most recent call last):
  File "/home1/studiori/virtualenv/chitwanremoval.com.au/chitwan_removal/3.10/lib/python3.10/site-packages/django/core/handlers/exception.py", line 55, in inner
    response = get_response(request)
  File "/home1/studiori/virtualenv/chitwanremoval.com.au/chitwan_removal/3.10/lib/python3.10/site-packages/django/utils/deprecation.py", line 119, in __call__
    response = self.process_request(request)
  File "/home1/studiori/virtualenv/chitwanremoval.com.au/chitwan_removal/3.10/lib/python3.10/site-packages/django/middleware/common.py", line 48, in process_request
    host = request.get_host()
  File "/home1/studiori/virtualenv/chitwanremoval.com.au/chitwan_removal/3.10/lib/python3.10/site-packages/django/http/request.py", line 203, in get_host
    raise DisallowedHost(msg)
django.core.exceptions.DisallowedHost: Invalid HTTP_HOST header: 'chitwanremoval.com.au.studiorishav.com'. You may need to add 'chitwanremoval.com.au.studiorishav.com' to ALLOWED_HOSTS.
Invalid HTTP_HOST header: 'chitwanremoval.com.au.studiorishav.com'. You may need to add 'chitwanremoval.com.au.studiorishav.com' to ALLOWED_HOSTS.
Traceback (most recent call last):
  File "/home1/studiori/virtualenv/chitwanremoval.com.au/chitwan_removal/3.10/lib/python3.10/site-packages/django/core/handlers/exception.py", line 55, in inner
    response = get_response(request)
  File "/home1/studiori/virtualenv/chitwanremoval.com.au/chitwan_removal/3.10/lib/python3.10/site-packages/django/utils/deprecation.py", line 119, in __call__
    response = self.process_request(request)
  File "/home1/studiori/virtualenv/chitwanremoval.com.au/chitwan_removal/3.10/lib/python3.10/site-packages/django/middleware/common.py", line 48, in process_request
    host = request.get_host()
  File "/home1/studiori/virtualenv/chitwanremoval.com.au/chitwan_removal/3.10/lib/python3.10/site-packages/django/http/request.py", line 203, in get_host
    raise DisallowedHost(msg)
django.core.exceptions.DisallowedHost: Invalid HTTP_HOST header: 'chitwanremoval.com.au.studiorishav.com'. You may need to add 'chitwanremoval.com.au.studiorishav.com' to ALLOWED_HOSTS.
Not Found: /static/images/interstate_moves.jpeg
Not Found: /zz-nonexistent-test-8492.html
Not Found: /zz-nonexistent-test-8492.html
Not Found: /.env
Not Found: /.env
[UID:2229][283708] Reached max children process limit: 6, extra: 2, current: 8, busy: 8, please increase LSAPI_CHILDREN.
Not Found: /.aws/credentials
Not Found: /.env.production
Not Found: /.env.local
Not Found: /config.env
Not Found: /.env/./.env
Not Found: /api/.env
Not Found: /.aws/credentials
Not Found: /backend/.env
Not Found: /.DS_Store
Not Found: /app/.env
Not Found: /.env.swp
Not Found: /config.env
Not Found: /.env.bak
Not Found: /.env.production
[UID:2229][283708] Reached max children process limit: 6, extra: 2, current: 8, busy: 8, please increase LSAPI_CHILDREN.
[UID:2229][283708] Reached max children process limit: 6, extra: 2, current: 8, busy: 8, please increase LSAPI_CHILDREN.
[UID:2229][283708] Reached max children process limit: 6, extra: 2, current: 8, busy: 8, please increase LSAPI_CHILDREN.
[UID:2229][283708] Reached max children process limit: 6, extra: 2, current: 8, busy: 8, please increase LSAPI_CHILDREN.
[UID:2229][283708] Reached max children process limit: 6, extra: 2, current: 8, busy: 8, please increase LSAPI_CHILDREN.
[UID:2229][283708] Reached max children process limit: 6, extra: 2, current: 8, busy: 8, please increase LSAPI_CHILDREN.
[UID:2229][283708] Reached max children process limit: 6, extra: 2, current: 8, busy: 8, please increase LSAPI_CHILDREN.
[UID:2229][283708] Reached max children process limit: 6, extra: 2, current: 8, busy: 8, please increase LSAPI_CHILDREN.
[UID:2229][283708] Reached max children process limit: 6, extra: 2, current: 8, busy: 8, please increase LSAPI_CHILDREN.
[UID:2229][283708] Reached max children process limit: 6, extra: 2, current: 8, busy: 8, please increase LSAPI_CHILDREN.
[UID:2229][283708] Reached max children process limit: 6, extra: 2, current: 8, busy: 8, please increase LSAPI_CHILDREN.
[UID:2229][283708] Reached max children process limit: 6, extra: 2, current: 8, busy: 8, please increase LSAPI_CHILDREN.
[UID:2229][283708] Reached max children process limit: 6, extra: 2, current: 8, busy: 8, please increase LSAPI_CHILDREN.
[UID:2229][283708] Reached max children process limit: 6, extra: 2, current: 8, busy: 8, please increase LSAPI_CHILDREN.
[UID:2229][283708] Reached max children process limit: 6, extra: 2, current: 8, busy: 8, please increase LSAPI_CHILDREN.
[UID:2229][283708] Reached max children process limit: 6, extra: 2, current: 8, busy: 7, please increase LSAPI_CHILDREN.
[UID:2229][283708] Reached max children process limit: 6, extra: 2, current: 8, busy: 7, please increase LSAPI_CHILDREN.
Not Found: /.DS_Store
Not Found: /.env
[UID:2229][283708] Reached max children process limit: 6, extra: 2, current: 8, busy: 8, please increase LSAPI_CHILDREN.
[UID:2229][283708] Reached max children process limit: 6, extra: 2, current: 8, busy: 8, please increase LSAPI_CHILDREN.
[UID:2229][283708] Reached max children process limit: 6, extra: 2, current: 8, busy: 8, please increase LSAPI_CHILDREN.
[UID:2229][283708] Reached max children process limit: 6, extra: 2, current: 8, busy: 8, please increase LSAPI_CHILDREN.
[UID:2229][283708] Reached max children process limit: 6, extra: 2, current: 8, busy: 7, please increase LSAPI_CHILDREN.
Not Found: /.env.bak
[UID:2229][283708] Reached max children process limit: 6, extra: 2, current: 8, busy: 8, please increase LSAPI_CHILDREN.
[UID:2229][283708] Reached max children process limit: 6, extra: 2, current: 8, busy: 8, please increase LSAPI_CHILDREN.
[UID:2229][283708] Reached max children process limit: 6, extra: 2, current: 8, busy: 7, please increase LSAPI_CHILDREN.
[UID:2229][283708] Reached max children process limit: 6, extra: 2, current: 8, busy: 7, please increase LSAPI_CHILDREN.
[UID:2229][283708] Reached max children process limit: 6, extra: 2, current: 8, busy: 7, please increase LSAPI_CHILDREN.
Not Found: /backend/.env
Not Found: /.env/./.env
[UID:2229][283708] Reached max children process limit: 6, extra: 2, current: 8, busy: 7, please increase LSAPI_CHILDREN.
Not Found: /api/.env
[UID:2229][283708] Reached max children process limit: 6, extra: 2, current: 8, busy: 7, please increase LSAPI_CHILDREN.
Not Found: /.env
Not Found: /.env.local
[UID:2229][283708] Reached max children process limit: 6, extra: 2, current: 8, busy: 8, please increase LSAPI_CHILDREN.
[UID:2229][283708] Reached max children process limit: 6, extra: 2, current: 8, busy: 8, please increase LSAPI_CHILDREN.
[UID:2229][283708] Reached max children process limit: 6, extra: 2, current: 8, busy: 8, please increase LSAPI_CHILDREN.
[UID:2229][283708] Reached max children process limit: 6, extra: 2, current: 8, busy: 8, please increase LSAPI_CHILDREN.
[UID:2229][283708] Reached max children process limit: 6, extra: 2, current: 8, busy: 8, please increase LSAPI_CHILDREN.
[UID:2229][283708] Reached max children process limit: 6, extra: 2, current: 8, busy: 8, please increase LSAPI_CHILDREN.
Not Found: /static/js/main.js
[UID:2229][283708] Reached max children process limit: 6, extra: 2, current: 8, busy: 8, please increase LSAPI_CHILDREN.
[UID:2229][283708] Reached max children process limit: 6, extra: 2, current: 8, busy: 8, please increase LSAPI_CHILDREN.
Not Found: /mailto:cnsgroup30@gmail.com
[UID:2229][283708] Reached max children process limit: 6, extra: 2, current: 8, busy: 8, please increase LSAPI_CHILDREN.
[UID:2229][283708] Reached max children process limit: 6, extra: 2, current: 8, busy: 8, please increase LSAPI_CHILDREN.
[UID:2229][283708] Reached max children process limit: 6, extra: 2, current: 8, busy: 8, please increase LSAPI_CHILDREN.
[UID:2229][283708] Reached max children process limit: 6, extra: 2, current: 8, busy: 8, please increase LSAPI_CHILDREN.
[UID:2229][283708] Reached max children process limit: 6, extra: 2, current: 8, busy: 7, please increase LSAPI_CHILDREN.
Not Found: /tel:0470266582
[UID:2229][283708] Reached max children process limit: 6, extra: 2, current: 8, busy: 7, please increase LSAPI_CHILDREN.
Not Found: /app/.env
Not Found: /.env.swp
Not Found: /tel:0470266582
[UID:2229][283708] Reached max children process limit: 6, extra: 2, current: 8, busy: 8, please increase LSAPI_CHILDREN.
Not Found: /settings.py
Not Found: /pip.conf
[UID:2229][283708] Reached max children process limit: 6, extra: 2, current: 8, busy: 8, please increase LSAPI_CHILDREN.
[UID:2229][283708] Reached max children process limit: 6, extra: 2, current: 8, busy: 7, please increase LSAPI_CHILDREN.
Not Found: /mailto:cnsgroup30@gmail.com
[UID:2229][283708] Reached max children process limit: 6, extra: 2, current: 8, busy: 8, please increase LSAPI_CHILDREN.
[UID:2229][283708] Reached max children process limit: 6, extra: 2, current: 8, busy: 8, please increase LSAPI_CHILDREN.
[UID:2229][283708] Reached max children process limit: 6, extra: 2, current: 8, busy: 7, please increase LSAPI_CHILDREN.
Not Found: /api/docs/
[UID:2229][283708] Reached max children process limit: 6, extra: 2, current: 8, busy: 8, please increase LSAPI_CHILDREN.
[UID:2229][283708] Reached max children process limit: 6, extra: 2, current: 8, busy: 8, please increase LSAPI_CHILDREN.
Not Found: /api/docs/
Not Found: /api/schema/
Not Found: /.pypirc
[UID:2229][283708] Reached max children process limit: 6, extra: 2, current: 8, busy: 8, please increase LSAPI_CHILDREN.
[UID:2229][283708] Reached max children process limit: 6, extra: 2, current: 8, busy: 8, please increase LSAPI_CHILDREN.
[UID:2229][283708] Reached max children process limit: 6, extra: 2, current: 8, busy: 8, please increase LSAPI_CHILDREN.
[UID:2229][283708] Reached max children process limit: 6, extra: 2, current: 8, busy: 8, please increase LSAPI_CHILDREN.
[UID:2229][283708] Reached max children process limit: 6, extra: 2, current: 8, busy: 7, please increase LSAPI_CHILDREN.
Not Found: /api/schema/
[UID:2229][283708] Reached max children process limit: 6, extra: 2, current: 8, busy: 8, please increase LSAPI_CHILDREN.
[UID:2229][283708] Reached max children process limit: 6, extra: 2, current: 8, busy: 8, please increase LSAPI_CHILDREN.
[UID:2229][283708] Reached max children process limit: 6, extra: 2, current: 8, busy: 8, please increase LSAPI_CHILDREN.
[UID:2229][283708] Reached max children process limit: 6, extra: 2, current: 8, busy: 8, please increase LSAPI_CHILDREN.
[UID:2229][283708] Reached max children process limit: 6, extra: 2, current: 8, busy: 8, please increase LSAPI_CHILDREN.
[UID:2229][283708] Reached max children process limit: 6, extra: 2, current: 8, busy: 8, please increase LSAPI_CHILDREN.
[UID:2229][283708] Reached max children process limit: 6, extra: 2, current: 8, busy: 7, please increase LSAPI_CHILDREN.
[UID:2229][283708] Reached max children process limit: 6, extra: 2, current: 8, busy: 8, please increase LSAPI_CHILDREN.
[UID:2229][283708] Reached max children process limit: 6, extra: 2, current: 8, busy: 8, please increase LSAPI_CHILDREN.
[UID:2229][283708] Reached max children process limit: 6, extra: 2, current: 8, busy: 8, please increase LSAPI_CHILDREN.
[UID:2229][283708] Reached max children process limit: 6, extra: 2, current: 8, busy: 8, please increase LSAPI_CHILDREN.
[UID:2229][283708] Reached max children process limit: 6, extra: 2, current: 8, busy: 8, please increase LSAPI_CHILDREN.
[UID:2229][283708] Reached max children process limit: 6, extra: 2, current: 8, busy: 7, please increase LSAPI_CHILDREN.
Not Found: /__debug__/
[UID:2229][283708] Reached max children process limit: 6, extra: 2, current: 8, busy: 8, please increase LSAPI_CHILDREN.
[UID:2229][283708] Reached max children process limit: 6, extra: 2, current: 8, busy: 8, please increase LSAPI_CHILDREN.
[UID:2229][283708] Reached max children process limit: 6, extra: 2, current: 8, busy: 8, please increase LSAPI_CHILDREN.
[UID:2229][283708] Reached max children process limit: 6, extra: 2, current: 8, busy: 7, please increase LSAPI_CHILDREN.
Not Found: /.pypirc
[UID:2229][283708] Reached max children process limit: 6, extra: 2, current: 8, busy: 8, please increase LSAPI_CHILDREN.
[UID:2229][283708] Reached max children process limit: 6, extra: 2, current: 8, busy: 8, please increase LSAPI_CHILDREN.
Not Found: /id_ed25519
Not Found: /core/.env
[UID:2229][283708] Reached max children process limit: 6, extra: 2, current: 8, busy: 8, please increase LSAPI_CHILDREN.
[UID:2229][283708] Reached max children process limit: 6, extra: 2, current: 8, busy: 7, please increase LSAPI_CHILDREN.
Not Found: /settings.py
[UID:2229][283708] Reached max children process limit: 6, extra: 2, current: 8, busy: 8, please increase LSAPI_CHILDREN.
[UID:2229][283708] Reached max children process limit: 6, extra: 2, current: 8, busy: 7, please increase LSAPI_CHILDREN.
Not Found: /server.pem
[UID:2229][283708] Reached max children process limit: 6, extra: 2, current: 8, busy: 7, please increase LSAPI_CHILDREN.
[UID:2229][283708] Reached max children process limit: 6, extra: 2, current: 8, busy: 7, please increase LSAPI_CHILDREN.
Not Found: /__debug__/
Not Found: /pip.conf
[UID:2229][283708] Reached max children process limit: 6, extra: 2, current: 8, busy: 8, please increase LSAPI_CHILDREN.
[UID:2229][283708] Reached max children process limit: 6, extra: 2, current: 8, busy: 7, please increase LSAPI_CHILDREN.
[UID:2229][283708] Reached max children process limit: 6, extra: 2, current: 8, busy: 7, please increase LSAPI_CHILDREN.
Not Found: /.ssh/id_ed25519
Not Found: /.ssh/id_dsa
Not Found: /localhost.pem
[UID:2229][283708] Reached max children process limit: 6, extra: 2, current: 8, busy: 8, please increase LSAPI_CHILDREN.
Not Found: /deploy/.env
Not Found: /.ssh/id_dsa
Not Found: /server.key
Not Found: /private.key
Not Found: /private_key.pem
[UID:2229][283708] Reached max children process limit: 6, extra: 2, current: 8, busy: 8, please increase LSAPI_CHILDREN.
Not Found: /robots.txt
Not Found: /id_rsa
Not Found: /build/.env
Not Found: /.ssh/id_rsa
Not Found: /aws/credentials
Not Found: /.ssh/id_ecdsa
Not Found: /id_ed25519
Not Found: /certs/private.key
Not Found: /ssl/private.key
Not Found: /.pem
[UID:2229][283708] Reached max children process limit: 6, extra: 2, current: 8, busy: 8, please increase LSAPI_CHILDREN.
Not Found: /localhost.key
[UID:2229][283708] Reached max children process limit: 6, extra: 2, current: 8, busy: 8, please increase LSAPI_CHILDREN.
Not Found: /.pem
Not Found: /certs/private.key
Not Found: /fullchain.pem
Not Found: /ssl/private.key
Not Found: /.ssh/id_ed25519
Not Found: /privkey.pem
Not Found: /privkey.pem
Not Found: /fullchain.pem
[UID:2229][283708] Reached max children process limit: 6, extra: 2, current: 8, busy: 8, please increase LSAPI_CHILDREN.
[UID:2229][283708] Reached max children process limit: 6, extra: 2, current: 8, busy: 8, please increase LSAPI_CHILDREN.
Not Found: /.env.backup
Not Found: /.env.dev
Not Found: /.env.prod
Not Found: /.env.example
Not Found: /server/.env
Not Found: /web/.env
[UID:2229][283708] Reached max children process limit: 6, extra: 2, current: 8, busy: 8, please increase LSAPI_CHILDREN.
Not Found: /public/.env
[UID:2229][283708] Reached max children process limit: 6, extra: 2, current: 8, busy: 8, please increase LSAPI_CHILDREN.
Not Found: /src/.env
Not Found: /.vscode/sftp.json
Not Found: /Procfile
Not Found: /Dockerfile
Not Found: /serverless.yml
[UID:2229][283708] Reached max children process limit: 6, extra: 2, current: 8, busy: 8, please increase LSAPI_CHILDREN.
Not Found: /serverless.yaml
[UID:2229][283708] Reached max children process limit: 6, extra: 2, current: 8, busy: 8, please increase LSAPI_CHILDREN.
Not Found: /functions/.runtimeconfig.json
Not Found: /firebase-debug.log
Not Found: /.env.backup
Not Found: /.env.old
[UID:2229][283708] Reached max children process limit: 6, extra: 2, current: 8, busy: 8, please increase LSAPI_CHILDREN.
[UID:2229][283708] Reached max children process limit: 6, extra: 2, current: 8, busy: 8, please increase LSAPI_CHILDREN.
Not Found: /.env.production.local
Not Found: /.env_sample
Not Found: /.env_1
[UID:2229][283708] Reached max children process limit: 6, extra: 2, current: 8, busy: 8, please increase LSAPI_CHILDREN.
[UID:2229][283708] Reached max children process limit: 6, extra: 2, current: 8, busy: 8, please increase LSAPI_CHILDREN.
Not Found: /.envrc
Not Found: /api/shared/config.env
[UID:2229][283708] Reached max children process limit: 6, extra: 2, current: 8, busy: 8, please increase LSAPI_CHILDREN.
[UID:2229][283708] Reached max children process limit: 6, extra: 2, current: 8, busy: 8, please increase LSAPI_CHILDREN.
[UID:2229][283708] Reached max children process limit: 6, extra: 2, current: 8, busy: 8, please increase LSAPI_CHILDREN.
[UID:2229][283708] Reached max children process limit: 6, extra: 2, current: 8, busy: 8, please increase LSAPI_CHILDREN.
[UID:2229][283708] Reached max children process limit: 6, extra: 2, current: 8, busy: 8, please increase LSAPI_CHILDREN.
[UID:2229][283708] Reached max children process limit: 6, extra: 2, current: 8, busy: 8, please increase LSAPI_CHILDREN.
[UID:2229][283708] Reached max children process limit: 6, extra: 2, current: 8, busy: 8, please increase LSAPI_CHILDREN.
[UID:2229][283708] Reached max children process limit: 6, extra: 2, current: 8, busy: 8, please increase LSAPI_CHILDREN.
[UID:2229][283708] Reached max children process limit: 6, extra: 2, current: 8, busy: 7, please increase LSAPI_CHILDREN.
Not Found: /web/.env
[UID:2229][283708] Reached max children process limit: 6, extra: 2, current: 8, busy: 8, please increase LSAPI_CHILDREN.
[UID:2229][283708] Reached max children process limit: 6, extra: 2, current: 8, busy: 8, please increase LSAPI_CHILDREN.
[UID:2229][283708] Reached max children process limit: 6, extra: 2, current: 8, busy: 8, please increase LSAPI_CHILDREN.
[UID:2229][283708] Reached max children process limit: 6, extra: 2, current: 8, busy: 8, please increase LSAPI_CHILDREN.
[UID:2229][283708] Reached max children process limit: 6, extra: 2, current: 8, busy: 7, please increase LSAPI_CHILDREN.
Not Found: /src/.env
[UID:2229][283708] Reached max children process limit: 6, extra: 2, current: 8, busy: 8, please increase LSAPI_CHILDREN.
[UID:2229][283708] Reached max children process limit: 6, extra: 2, current: 8, busy: 8, please increase LSAPI_CHILDREN.
[UID:2229][283708] Reached max children process limit: 6, extra: 2, current: 8, busy: 7, please increase LSAPI_CHILDREN.
Not Found: /debug/pprof/cmdline
[UID:2229][283708] Reached max children process limit: 6, extra: 2, current: 8, busy: 8, please increase LSAPI_CHILDREN.
[UID:2229][283708] Reached max children process limit: 6, extra: 2, current: 8, busy: 7, please increase LSAPI_CHILDREN.
Not Found: /private.key
[UID:2229][283708] Reached max children process limit: 6, extra: 2, current: 8, busy: 7, please increase LSAPI_CHILDREN.
Not Found: /.ssh/id_ecdsa
Not Found: /config/.env
[UID:2229][283708] Reached max children process limit: 6, extra: 2, current: 8, busy: 8, please increase LSAPI_CHILDREN.
Not Found: /.env.dev.local
[UID:2229][283708] Reached max children process limit: 6, extra: 2, current: 8, busy: 8, please increase LSAPI_CHILDREN.
Not Found: /dist/.env
Not Found: /.env.docker
[UID:2229][283708] Reached max children process limit: 6, extra: 2, current: 8, busy: 7, please increase LSAPI_CHILDREN.
Not Found: /.ssh/id_rsa
Not Found: /sendgrid.env
[UID:2229][283708] Reached max children process limit: 6, extra: 2, current: 8, busy: 8, please increase LSAPI_CHILDREN.
[UID:2229][283708] Reached max children process limit: 6, extra: 2, current: 8, busy: 7, please increase LSAPI_CHILDREN.
[UID:2229][283708] Reached max children process limit: 6, extra: 2, current: 8, busy: 7, please increase LSAPI_CHILDREN.
Not Found: /server.key
Not Found: /.env.old
Not Found: /.env.stage
Not Found: /core/.env
Not Found: /private_key.pem
Not Found: /.env.live
Not Found: /.env.dev
Not Found: /.env.live
Not Found: /.env.staging
Not Found: /api/shared/config.env
Not Found: /firebase-debug.log
[UID:2229][283708] Reached max children process limit: 6, extra: 2, current: 8, busy: 8, please increase LSAPI_CHILDREN.
Not Found: /robots.txt
[UID:2229][283708] Reached max children process limit: 6, extra: 2, current: 8, busy: 8, please increase LSAPI_CHILDREN.
Not Found: /.vscode/sftp.json
Not Found: /Procfile
[UID:2229][283708] Reached max children process limit: 6, extra: 2, current: 8, busy: 8, please increase LSAPI_CHILDREN.
[UID:2229][283708] Reached max children process limit: 6, extra: 2, current: 8, busy: 8, please increase LSAPI_CHILDREN.
[UID:2229][283708] Reached max children process limit: 6, extra: 2, current: 8, busy: 8, please increase LSAPI_CHILDREN.
[UID:2229][283708] Reached max children process limit: 6, extra: 2, current: 8, busy: 8, please increase LSAPI_CHILDREN.
[UID:2229][283708] Reached max children process limit: 6, extra: 2, current: 8, busy: 8, please increase LSAPI_CHILDREN.
[UID:2229][283708] Reached max children process limit: 6, extra: 2, current: 8, busy: 8, please increase LSAPI_CHILDREN.
[UID:2229][283708] Reached max children process limit: 6, extra: 2, current: 8, busy: 7, please increase LSAPI_CHILDREN.
Not Found: /server/.env
Not Found: /.env.staging
[UID:2229][283708] Reached max children process limit: 6, extra: 2, current: 8, busy: 8, please increase LSAPI_CHILDREN.
[UID:2229][283708] Reached max children process limit: 6, extra: 2, current: 8, busy: 8, please increase LSAPI_CHILDREN.
[UID:2229][283708] Reached max children process limit: 6, extra: 2, current: 8, busy: 8, please increase LSAPI_CHILDREN.
[UID:2229][283708] Reached max children process limit: 6, extra: 2, current: 8, busy: 8, please increase LSAPI_CHILDREN.
[UID:2229][283708] Reached max children process limit: 6, extra: 2, current: 8, busy: 8, please increase LSAPI_CHILDREN.
[UID:2229][283708] Reached max children process limit: 6, extra: 2, current: 8, busy: 8, please increase LSAPI_CHILDREN.
[UID:2229][283708] Reached max children process limit: 6, extra: 2, current: 8, busy: 8, please increase LSAPI_CHILDREN.
[UID:2229][283708] Reached max children process limit: 6, extra: 2, current: 8, busy: 8, please increase LSAPI_CHILDREN.
Not Found: /swagger-ui.html
Not Found: /app/kibana
[UID:2229][283708] Reached max children process limit: 6, extra: 2, current: 8, busy: 8, please increase LSAPI_CHILDREN.
[UID:2229][283708] Reached max children process limit: 6, extra: 2, current: 8, busy: 8, please increase LSAPI_CHILDREN.
[UID:2229][283708] Reached max children process limit: 6, extra: 2, current: 8, busy: 7, please increase LSAPI_CHILDREN.
Not Found: /.env.example
[UID:2229][283708] Reached max children process limit: 6, extra: 2, current: 8, busy: 8, please increase LSAPI_CHILDREN.
[UID:2229][283708] Reached max children process limit: 6, extra: 2, current: 8, busy: 8, please increase LSAPI_CHILDREN.
[UID:2229][283708] Reached max children process limit: 6, extra: 2, current: 8, busy: 7, please increase LSAPI_CHILDREN.
Not Found: /.env.prod
Not Found: /server-status
[UID:2229][283708] Reached max children process limit: 6, extra: 2, current: 8, busy: 7, please increase LSAPI_CHILDREN.
Not Found: /.env.production.local
[UID:2229][283708] Reached max children process limit: 6, extra: 2, current: 8, busy: 7, please increase LSAPI_CHILDREN.
Not Found: /serverless.yaml
[UID:2229][283708] Reached max children process limit: 6, extra: 2, current: 8, busy: 8, please increase LSAPI_CHILDREN.
[UID:2229][283708] Reached max children process limit: 6, extra: 2, current: 8, busy: 8, please increase LSAPI_CHILDREN.
[UID:2229][283708] Reached max children process limit: 6, extra: 2, current: 8, busy: 8, please increase LSAPI_CHILDREN.
[UID:2229][283708] Reached max children process limit: 6, extra: 2, current: 8, busy: 8, please increase LSAPI_CHILDREN.
[UID:2229][283708] Reached max children process limit: 6, extra: 2, current: 8, busy: 8, please increase LSAPI_CHILDREN.
Invalid HTTP_HOST header: 'www.chitwanremoval.com.au.studiorishav.com'. You may need to add 'www.chitwanremoval.com.au.studiorishav.com' to ALLOWED_HOSTS.
Traceback (most recent call last):
  File "/home1/studiori/virtualenv/chitwanremoval.com.au/chitwan_removal/3.10/lib/python3.10/site-packages/django/core/handlers/exception.py", line 55, in inner
    response = get_response(request)
  File "/home1/studiori/virtualenv/chitwanremoval.com.au/chitwan_removal/3.10/lib/python3.10/site-packages/django/utils/deprecation.py", line 119, in __call__
    response = self.process_request(request)
  File "/home1/studiori/virtualenv/chitwanremoval.com.au/chitwan_removal/3.10/lib/python3.10/site-packages/django/middleware/common.py", line 48, in process_request
    host = request.get_host()
  File "/home1/studiori/virtualenv/chitwanremoval.com.au/chitwan_removal/3.10/lib/python3.10/site-packages/django/http/request.py", line 203, in get_host
    raise DisallowedHost(msg)
django.core.exceptions.DisallowedHost: Invalid HTTP_HOST header: 'www.chitwanremoval.com.au.studiorishav.com'. You may need to add 'www.chitwanremoval.com.au.studiorishav.com' to ALLOWED_HOSTS.
Invalid HTTP_HOST header: 'chitwanremoval.com.au.studiorishav.com'. You may need to add 'chitwanremoval.com.au.studiorishav.com' to ALLOWED_HOSTS.
Traceback (most recent call last):
  File "/home1/studiori/virtualenv/chitwanremoval.com.au/chitwan_removal/3.10/lib/python3.10/site-packages/django/core/handlers/exception.py", line 55, in inner
    response = get_response(request)
  File "/home1/studiori/virtualenv/chitwanremoval.com.au/chitwan_removal/3.10/lib/python3.10/site-packages/django/utils/deprecation.py", line 119, in __call__
    response = self.process_request(request)
  File "/home1/studiori/virtualenv/chitwanremoval.com.au/chitwan_removal/3.10/lib/python3.10/site-packages/django/middleware/common.py", line 48, in process_request
    host = request.get_host()
  File "/home1/studiori/virtualenv/chitwanremoval.com.au/chitwan_removal/3.10/lib/python3.10/site-packages/django/http/request.py", line 203, in get_host
    raise DisallowedHost(msg)
django.core.exceptions.DisallowedHost: Invalid HTTP_HOST header: 'chitwanremoval.com.au.studiorishav.com'. You may need to add 'chitwanremoval.com.au.studiorishav.com' to ALLOWED_HOSTS.
[UID:2229][283708] Reached max children process limit: 6, extra: 2, current: 8, busy: 8, please increase LSAPI_CHILDREN.
[UID:2229][283708] Reached max children process limit: 6, extra: 2, current: 8, busy: 8, please increase LSAPI_CHILDREN.
[UID:2229][283708] Reached max children process limit: 6, extra: 2, current: 8, busy: 7, please increase LSAPI_CHILDREN.
Not Found: /functions/.runtimeconfig.json
[UID:2229][283708] Reached max children process limit: 6, extra: 2, current: 8, busy: 8, please increase LSAPI_CHILDREN.
[UID:2229][283708] Reached max children process limit: 6, extra: 2, current: 8, busy: 7, please increase LSAPI_CHILDREN.
Not Found: /config/.env
Not Found: /api/shared/.env
[UID:2229][283708] Reached max children process limit: 6, extra: 2, current: 8, busy: 8, please increase LSAPI_CHILDREN.
[UID:2229][283708] Reached max children process limit: 6, extra: 2, current: 8, busy: 8, please increase LSAPI_CHILDREN.
[UID:2229][283708] Reached max children process limit: 6, extra: 2, current: 8, busy: 8, please increase LSAPI_CHILDREN.
[UID:2229][283708] Reached max children process limit: 6, extra: 2, current: 8, busy: 8, please increase LSAPI_CHILDREN.
[UID:2229][283708] Reached max children process limit: 6, extra: 2, current: 8, busy: 8, please increase LSAPI_CHILDREN.
[UID:2229][283708] Reached max children process limit: 6, extra: 2, current: 8, busy: 8, please increase LSAPI_CHILDREN.
[UID:2229][283708] Reached max children process limit: 6, extra: 2, current: 8, busy: 7, please increase LSAPI_CHILDREN.
[UID:2229][283708] Reached max children process limit: 6, extra: 2, current: 8, busy: 7, please increase LSAPI_CHILDREN.
Not Found: /aws/credentials
Not Found: /serverless.yml
[UID:2229][283708] Reached max children process limit: 6, extra: 2, current: 8, busy: 8, please increase LSAPI_CHILDREN.
[UID:2229][283708] Reached max children process limit: 6, extra: 2, current: 8, busy: 8, please increase LSAPI_CHILDREN.
Not Found: /v2/api-docs
Not Found: /server-status
Not Found: /api/graphql
Not Found: /graphiql
[UID:2229][283708] Reached max children process limit: 6, extra: 2, current: 8, busy: 7, please increase LSAPI_CHILDREN.
Not Found: /Dockerfile
Not Found: /_cat/indices
[UID:2229][283708] Reached max children process limit: 6, extra: 2, current: 8, busy: 8, please increase LSAPI_CHILDREN.
[UID:2229][283708] Reached max children process limit: 6, extra: 2, current: 8, busy: 7, please increase LSAPI_CHILDREN.
[UID:2229][283708] Reached max children process limit: 6, extra: 2, current: 8, busy: 7, please increase LSAPI_CHILDREN.
Not Found: /.well-known/openid-configuration
Not Found: /v2/api-docs
[UID:2229][283708] Reached max children process limit: 6, extra: 2, current: 8, busy: 7, please increase LSAPI_CHILDREN.
Not Found: /api/swagger.json
[UID:2229][283708] Reached max children process limit: 6, extra: 2, current: 8, busy: 8, please increase LSAPI_CHILDREN.
[UID:2229][283708] Reached max children process limit: 6, extra: 2, current: 8, busy: 8, please increase LSAPI_CHILDREN.
[UID:2229][283708] Reached max children process limit: 6, extra: 2, current: 8, busy: 8, please increase LSAPI_CHILDREN.
[UID:2229][283708] Reached max children process limit: 6, extra: 2, current: 8, busy: 8, please increase LSAPI_CHILDREN.
[UID:2229][283708] Reached max children process limit: 6, extra: 2, current: 8, busy: 8, please increase LSAPI_CHILDREN.
[UID:2229][283708] Reached max children process limit: 6, extra: 2, current: 8, busy: 8, please increase LSAPI_CHILDREN.
[UID:2229][283708] Reached max children process limit: 6, extra: 2, current: 8, busy: 8, please increase LSAPI_CHILDREN.
[UID:2229][283708] Reached max children process limit: 6, extra: 2, current: 8, busy: 8, please increase LSAPI_CHILDREN.
[UID:2229][283708] Reached max children process limit: 6, extra: 2, current: 8, busy: 8, please increase LSAPI_CHILDREN.
[UID:2229][283708] Reached max children process limit: 6, extra: 2, current: 8, busy: 8, please increase LSAPI_CHILDREN.
[UID:2229][283708] Reached max children process limit: 6, extra: 2, current: 8, busy: 8, please increase LSAPI_CHILDREN.
[UID:2229][283708] Reached max children process limit: 6, extra: 2, current: 8, busy: 8, please increase LSAPI_CHILDREN.
[UID:2229][283708] Reached max children process limit: 6, extra: 2, current: 8, busy: 8, please increase LSAPI_CHILDREN.
[UID:2229][283708] Reached max children process limit: 6, extra: 2, current: 8, busy: 8, please increase LSAPI_CHILDREN.
[UID:2229][283708] Reached max children process limit: 6, extra: 2, current: 8, busy: 8, please increase LSAPI_CHILDREN.
[UID:2229][283708] Reached max children process limit: 6, extra: 2, current: 8, busy: 8, please increase LSAPI_CHILDREN.
[UID:2229][283708] Reached max children process limit: 6, extra: 2, current: 8, busy: 8, please increase LSAPI_CHILDREN.
[UID:2229][283708] Reached max children process limit: 6, extra: 2, current: 8, busy: 8, please increase LSAPI_CHILDREN.
[UID:2229][283708] Reached max children process limit: 6, extra: 2, current: 8, busy: 8, please increase LSAPI_CHILDREN.
[UID:2229][283708] Reached max children process limit: 6, extra: 2, current: 8, busy: 7, please increase LSAPI_CHILDREN.
[UID:2229][283708] Reached max children process limit: 6, extra: 2, current: 8, busy: 7, please increase LSAPI_CHILDREN.
Not Found: /graphql
Not Found: /graphiql
Not Found: /_cat/indices
Not Found: /.well-known/openid-configuration
[UID:2229][283708] Reached max children process limit: 6, extra: 2, current: 8, busy: 7, please increase LSAPI_CHILDREN.
Not Found: /openapi.json
Not Found: /graphql
Not Found: /openapi.json
[UID:2229][283708] Reached max children process limit: 6, extra: 2, current: 8, busy: 8, please increase LSAPI_CHILDREN.
[UID:2229][283708] Reached max children process limit: 6, extra: 2, current: 8, busy: 7, please increase LSAPI_CHILDREN.
[UID:2229][283708] Reached max children process limit: 6, extra: 2, current: 8, busy: 7, please increase LSAPI_CHILDREN.
Not Found: /api/swagger.json
Not Found: /swagger-ui.html
[UID:2229][283708] Reached max children process limit: 6, extra: 2, current: 8, busy: 7, please increase LSAPI_CHILDREN.
Not Found: /api/v1/config
[UID:2229][283708] Reached max children process limit: 6, extra: 2, current: 8, busy: 8, please increase LSAPI_CHILDREN.
[UID:2229][283708] Reached max children process limit: 6, extra: 2, current: 8, busy: 8, please increase LSAPI_CHILDREN.
[UID:2229][283708] Reached max children process limit: 6, extra: 2, current: 8, busy: 8, please increase LSAPI_CHILDREN.
[UID:2229][283708] Reached max children process limit: 6, extra: 2, current: 8, busy: 8, please increase LSAPI_CHILDREN.
[UID:2229][283708] Reached max children process limit: 6, extra: 2, current: 8, busy: 8, please increase LSAPI_CHILDREN.
[UID:2229][283708] Reached max children process limit: 6, extra: 2, current: 8, busy: 8, please increase LSAPI_CHILDREN.
[UID:2229][283708] Reached max children process limit: 6, extra: 2, current: 8, busy: 8, please increase LSAPI_CHILDREN.
[UID:2229][283708] Reached max children process limit: 6, extra: 2, current: 8, busy: 8, please increase LSAPI_CHILDREN.
[UID:2229][283708] Reached max children process limit: 6, extra: 2, current: 8, busy: 8, please increase LSAPI_CHILDREN.
[UID:2229][283708] Reached max children process limit: 6, extra: 2, current: 8, busy: 8, please increase LSAPI_CHILDREN.
[UID:2229][283708] Reached max children process limit: 6, extra: 2, current: 8, busy: 8, please increase LSAPI_CHILDREN.
[UID:2229][283708] Reached max children process limit: 6, extra: 2, current: 8, busy: 8, please increase LSAPI_CHILDREN.
[UID:2229][283708] Reached max children process limit: 6, extra: 2, current: 8, busy: 8, please increase LSAPI_CHILDREN.
[UID:2229][283708] Reached max children process limit: 6, extra: 2, current: 8, busy: 7, please increase LSAPI_CHILDREN.
Not Found: /server-info
[UID:2229][283708] Reached max children process limit: 6, extra: 2, current: 8, busy: 8, please increase LSAPI_CHILDREN.
[UID:2229][283708] Reached max children process limit: 6, extra: 2, current: 8, busy: 8, please increase LSAPI_CHILDREN.
[UID:2229][283708] Reached max children process limit: 6, extra: 2, current: 8, busy: 8, please increase LSAPI_CHILDREN.
[UID:2229][283708] Reached max children process limit: 6, extra: 2, current: 8, busy: 7, please increase LSAPI_CHILDREN.
Not Found: /app/kibana
[UID:2229][283708] Reached max children process limit: 6, extra: 2, current: 8, busy: 7, please increase LSAPI_CHILDREN.
Not Found: /tel:0470266582
[UID:2229][283708] Reached max children process limit: 6, extra: 2, current: 8, busy: 8, please increase LSAPI_CHILDREN.
[UID:2229][283708] Reached max children process limit: 6, extra: 2, current: 8, busy: 7, please increase LSAPI_CHILDREN.
[UID:2229][283708] Reached max children process limit: 6, extra: 2, current: 8, busy: 7, please increase LSAPI_CHILDREN.
Not Found: /mailto:cnsgroup30@gmail.com
[UID:2229][283708] Reached max children process limit: 6, extra: 2, current: 8, busy: 7, please increase LSAPI_CHILDREN.
[UID:2229][283708] Reached max children process limit: 6, extra: 2, current: 8, busy: 8, please increase LSAPI_CHILDREN.
[UID:2229][283708] Reached max children process limit: 6, extra: 2, current: 8, busy: 7, please increase LSAPI_CHILDREN.
[UID:2229][283708] Reached max children process limit: 6, extra: 2, current: 8, busy: 7, please increase LSAPI_CHILDREN.
[UID:2229][283708] Reached max children process limit: 6, extra: 2, current: 8, busy: 8, please increase LSAPI_CHILDREN.
[UID:2229][283708] Reached max children process limit: 6, extra: 2, current: 8, busy: 8, please increase LSAPI_CHILDREN.
Not Found: /.vercel/project.json
Not Found: /azure-pipelines.yml
Not Found: /buildspec.yaml
Not Found: /.docker/config.json
Not Found: /.circleci/config.yml
Not Found: /api/http/routers
Not Found: /buildspec.yml
Not Found: /v1/kv/
[UID:2229][283708] Reached max children process limit: 6, extra: 2, current: 8, busy: 8, please increase LSAPI_CHILDREN.
[UID:2229][283708] Reached max children process limit: 6, extra: 2, current: 8, busy: 8, please increase LSAPI_CHILDREN.
Not Found: /api/v1/me
Not Found: /.bash_history
Not Found: /metrics
Not Found: /.vercel/output/config.json
Not Found: /.netlify/state.json
[UID:2229][283708] Reached max children process limit: 6, extra: 2, current: 8, busy: 8, please increase LSAPI_CHILDREN.
[UID:2229][283708] Reached max children process limit: 6, extra: 2, current: 8, busy: 8, please increase LSAPI_CHILDREN.
Not Found: /.env.vault
Not Found: /config/credentials.yml.enc
Not Found: /.env.production.enc
Not Found: /.pip/pip.conf
[UID:2229][283708] Reached max children process limit: 6, extra: 2, current: 8, busy: 8, please increase LSAPI_CHILDREN.
[UID:2229][283708] Reached max children process limit: 6, extra: 2, current: 8, busy: 8, please increase LSAPI_CHILDREN.
Not Found: /.env.enc
Not Found: /config/database.yml
[UID:2229][283708] Reached max children process limit: 6, extra: 2, current: 8, busy: 8, please increase LSAPI_CHILDREN.
[UID:2229][283708] Reached max children process limit: 6, extra: 2, current: 8, busy: 8, please increase LSAPI_CHILDREN.
[UID:2229][283708] Reached max children process limit: 6, extra: 2, current: 8, busy: 8, please increase LSAPI_CHILDREN.
[UID:2229][283708] Reached max children process limit: 6, extra: 2, current: 8, busy: 8, please increase LSAPI_CHILDREN.
[UID:2229][283708] Reached max children process limit: 6, extra: 2, current: 8, busy: 8, please increase LSAPI_CHILDREN.
[UID:2229][283708] Reached max children process limit: 6, extra: 2, current: 8, busy: 8, please increase LSAPI_CHILDREN.
[UID:2229][283708] Reached max children process limit: 6, extra: 2, current: 8, busy: 8, please increase LSAPI_CHILDREN.
[UID:2229][283708] Reached max children process limit: 6, extra: 2, current: 8, busy: 8, please increase LSAPI_CHILDREN.
[UID:2229][283708] Reached max children process limit: 6, extra: 2, current: 8, busy: 8, please increase LSAPI_CHILDREN.
[UID:2229][283708] Reached max children process limit: 6, extra: 2, current: 8, busy: 8, please increase LSAPI_CHILDREN.
[UID:2229][283708] Reached max children process limit: 6, extra: 2, current: 8, busy: 8, please increase LSAPI_CHILDREN.
[UID:2229][283708] Reached max children process limit: 6, extra: 2, current: 8, busy: 7, please increase LSAPI_CHILDREN.
[UID:2229][283708] Reached max children process limit: 6, extra: 2, current: 8, busy: 8, please increase LSAPI_CHILDREN.
[UID:2229][283708] Reached max children process limit: 6, extra: 2, current: 8, busy: 8, please increase LSAPI_CHILDREN.
[UID:2229][283708] Reached max children process limit: 6, extra: 2, current: 8, busy: 8, please increase LSAPI_CHILDREN.
[UID:2229][283708] Reached max children process limit: 6, extra: 2, current: 8, busy: 8, please increase LSAPI_CHILDREN.
[UID:2229][283708] Reached max children process limit: 6, extra: 2, current: 8, busy: 7, please increase LSAPI_CHILDREN.
Not Found: /mailto:cnsgroup30@gmail.com
Not Found: /config/master.key
[UID:2229][283708] Reached max children process limit: 6, extra: 2, current: 8, busy: 8, please increase LSAPI_CHILDREN.
[UID:2229][283708] Reached max children process limit: 6, extra: 2, current: 8, busy: 8, please increase LSAPI_CHILDREN.
[UID:2229][283708] Reached max children process limit: 6, extra: 2, current: 8, busy: 8, please increase LSAPI_CHILDREN.
[UID:2229][283708] Reached max children process limit: 6, extra: 2, current: 8, busy: 8, please increase LSAPI_CHILDREN.
[UID:2229][283708] Reached max children process limit: 6, extra: 2, current: 8, busy: 7, please increase LSAPI_CHILDREN.
[UID:2229][283708] Reached max children process limit: 6, extra: 2, current: 8, busy: 7, please increase LSAPI_CHILDREN.
Not Found: /tel:0470266582
[UID:2229][283708] Reached max children process limit: 6, extra: 2, current: 8, busy: 8, please increase LSAPI_CHILDREN.
[UID:2229][283708] Reached max children process limit: 6, extra: 2, current: 8, busy: 7, please increase LSAPI_CHILDREN.
[UID:2229][283708] Reached max children process limit: 6, extra: 2, current: 8, busy: 7, please increase LSAPI_CHILDREN.
Not Found: /cloudbuild.yaml
Not Found: /cloudbuild.json
Not Found: /Jenkinsfile
Not Found: /debug/pprof
Not Found: /.netrc
Not Found: /geoserver/web/
Not Found: /api/users/admin/check
Not Found: /api/v1/status/config
Not Found: /.bash_history
Not Found: /v1/kv/
Not Found: /debug/pprof
Not Found: /api/version
Not Found: /config/master.key
Not Found: /.pip/pip.conf
Not Found: /.vercel/output/config.json
Not Found: /server/info
[UID:2229][283708] Reached max children process limit: 6, extra: 2, current: 8, busy: 8, please increase LSAPI_CHILDREN.
[UID:2229][283708] Reached max children process limit: 6, extra: 2, current: 8, busy: 7, please increase LSAPI_CHILDREN.
[UID:2229][283708] Reached max children process limit: 6, extra: 2, current: 8, busy: 7, please increase LSAPI_CHILDREN.
Not Found: /.env.encrypted
Not Found: /.sh_history
Not Found: /netlify.toml
Not Found: /api/http/routers
Not Found: /config/database.yml
Not Found: /geoserver/web/
Not Found: /.zsh_history
[UID:2229][283708] Reached max children process limit: 6, extra: 2, current: 8, busy: 8, please increase LSAPI_CHILDREN.
[UID:2229][283708] Reached max children process limit: 6, extra: 2, current: 8, busy: 8, please increase LSAPI_CHILDREN.
Not Found: /.circleci/config.yml
Not Found: /.sh_history
[UID:2229][283708] Reached max children process limit: 6, extra: 2, current: 8, busy: 8, please increase LSAPI_CHILDREN.
Not Found: /cloudbuild.json
[UID:2229][283708] Reached max children process limit: 6, extra: 2, current: 8, busy: 8, please increase LSAPI_CHILDREN.
[UID:2229][283708] Reached max children process limit: 6, extra: 2, current: 8, busy: 8, please increase LSAPI_CHILDREN.
Not Found: /Jenkinsfile
[UID:2229][283708] Reached max children process limit: 6, extra: 2, current: 8, busy: 8, please increase LSAPI_CHILDREN.
[UID:2229][283708] Reached max children process limit: 6, extra: 2, current: 8, busy: 8, please increase LSAPI_CHILDREN.
[UID:2229][283708] Reached max children process limit: 6, extra: 2, current: 8, busy: 8, please increase LSAPI_CHILDREN.
[UID:2229][283708] Reached max children process limit: 6, extra: 2, current: 8, busy: 8, please increase LSAPI_CHILDREN.
[UID:2229][283708] Reached max children process limit: 6, extra: 2, current: 8, busy: 8, please increase LSAPI_CHILDREN.
[UID:2229][283708] Reached max children process limit: 6, extra: 2, current: 8, busy: 8, please increase LSAPI_CHILDREN.
[UID:2229][283708] Reached max children process limit: 6, extra: 2, current: 8, busy: 8, please increase LSAPI_CHILDREN.
[UID:2229][283708] Reached max children process limit: 6, extra: 2, current: 8, busy: 8, please increase LSAPI_CHILDREN.
[UID:2229][283708] Reached max children process limit: 6, extra: 2, current: 8, busy: 8, please increase LSAPI_CHILDREN.
[UID:2229][283708] Reached max children process limit: 6, extra: 2, current: 8, busy: 8, please increase LSAPI_CHILDREN.
[UID:2229][283708] Reached max children process limit: 6, extra: 2, current: 8, busy: 8, please increase LSAPI_CHILDREN.
[UID:2229][283708] Reached max children process limit: 6, extra: 2, current: 8, busy: 8, please increase LSAPI_CHILDREN.
[UID:2229][283708] Reached max children process limit: 6, extra: 2, current: 8, busy: 8, please increase LSAPI_CHILDREN.
[UID:2229][283708] Reached max children process limit: 6, extra: 2, current: 8, busy: 8, please increase LSAPI_CHILDREN.
[UID:2229][283708] Reached max children process limit: 6, extra: 2, current: 8, busy: 8, please increase LSAPI_CHILDREN.
[UID:2229][283708] Reached max children process limit: 6, extra: 2, current: 8, busy: 7, please increase LSAPI_CHILDREN.
[UID:2229][283708] Reached max children process limit: 6, extra: 2, current: 8, busy: 7, please increase LSAPI_CHILDREN.
[UID:2229][283708] Reached max children process limit: 6, extra: 2, current: 8, busy: 7, please increase LSAPI_CHILDREN.
Not Found: /.zsh_history
Not Found: /bitbucket-pipelines.yml
Not Found: /.env.vault
Not Found: /cloudbuild.yaml
Not Found: /.netrc
Not Found: /buildspec.yml
Not Found: /bitbucket-pipelines.yml
Not Found: /minio/health/live
Not Found: /config/credentials.yml.enc
[UID:2229][283708] Reached max children process limit: 6, extra: 2, current: 8, busy: 8, please increase LSAPI_CHILDREN.
[UID:2229][283708] Reached max children process limit: 6, extra: 2, current: 8, busy: 7, please increase LSAPI_CHILDREN.
Not Found: /.docker/config.json
[UID:2229][283708] Reached max children process limit: 6, extra: 2, current: 8, busy: 7, please increase LSAPI_CHILDREN.
Not Found: /.vercel/project.json
[UID:2229][283708] Reached max children process limit: 6, extra: 2, current: 8, busy: 8, please increase LSAPI_CHILDREN.
[UID:2229][283708] Reached max children process limit: 6, extra: 2, current: 8, busy: 7, please increase LSAPI_CHILDREN.
Not Found: /.env.production.enc
[UID:2229][283708] Reached max children process limit: 6, extra: 2, current: 8, busy: 8, please increase LSAPI_CHILDREN.
[UID:2229][283708] Reached max children process limit: 6, extra: 2, current: 8, busy: 8, please increase LSAPI_CHILDREN.
[UID:2229][283708] Reached max children process limit: 6, extra: 2, current: 8, busy: 7, please increase LSAPI_CHILDREN.
Not Found: /azure-pipelines.yml
[UID:2229][283708] Reached max children process limit: 6, extra: 2, current: 8, busy: 8, please increase LSAPI_CHILDREN.
[UID:2229][283708] Reached max children process limit: 6, extra: 2, current: 8, busy: 8, please increase LSAPI_CHILDREN.
[UID:2229][283708] Reached max children process limit: 6, extra: 2, current: 8, busy: 8, please increase LSAPI_CHILDREN.
[UID:2229][283708] Reached max children process limit: 6, extra: 2, current: 8, busy: 8, please increase LSAPI_CHILDREN.
[UID:2229][283708] Reached max children process limit: 6, extra: 2, current: 8, busy: 8, please increase LSAPI_CHILDREN.
[UID:2229][283708] Reached max children process limit: 6, extra: 2, current: 8, busy: 8, please increase LSAPI_CHILDREN.
[UID:2229][283708] Reached max children process limit: 6, extra: 2, current: 8, busy: 8, please increase LSAPI_CHILDREN.
[UID:2229][283708] Reached max children process limit: 6, extra: 2, current: 8, busy: 7, please increase LSAPI_CHILDREN.
Not Found: /metrics
[UID:2229][283708] Reached max children process limit: 6, extra: 2, current: 8, busy: 8, please increase LSAPI_CHILDREN.
[UID:2229][283708] Reached max children process limit: 6, extra: 2, current: 8, busy: 8, please increase LSAPI_CHILDREN.
[UID:2229][283708] Reached max children process limit: 6, extra: 2, current: 8, busy: 8, please increase LSAPI_CHILDREN.
[UID:2229][283708] Reached max children process limit: 6, extra: 2, current: 8, busy: 8, please increase LSAPI_CHILDREN.
[UID:2229][283708] Reached max children process limit: 6, extra: 2, current: 8, busy: 8, please increase LSAPI_CHILDREN.
[UID:2229][283708] Reached max children process limit: 6, extra: 2, current: 8, busy: 8, please increase LSAPI_CHILDREN.
[UID:2229][283708] Reached max children process limit: 6, extra: 2, current: 8, busy: 8, please increase LSAPI_CHILDREN.
[UID:2229][283708] Reached max children process limit: 6, extra: 2, current: 8, busy: 7, please increase LSAPI_CHILDREN.
[UID:2229][283708] Reached max children process limit: 6, extra: 2, current: 8, busy: 7, please increase LSAPI_CHILDREN.
Not Found: /.terraform/terraform.tfstate
Not Found: /buildspec.yaml
Not Found: /.env.enc
[UID:2229][283708] Reached max children process limit: 6, extra: 2, current: 8, busy: 7, please increase LSAPI_CHILDREN.
[UID:2229][283708] Reached max children process limit: 6, extra: 2, current: 8, busy: 8, please increase LSAPI_CHILDREN.
[UID:2229][283708] Reached max children process limit: 6, extra: 2, current: 8, busy: 7, please increase LSAPI_CHILDREN.
Not Found: /tel:0470266582
Not Found: /mailto:cnsgroup30@gmail.com
[UID:2229][283708] Reached max children process limit: 6, extra: 2, current: 8, busy: 8, please increase LSAPI_CHILDREN.
[UID:2229][283708] Reached max children process limit: 6, extra: 2, current: 8, busy: 7, please increase LSAPI_CHILDREN.
Not Found: /mailto:cnsgroup30@gmail.com
[UID:2229][283708] Reached max children process limit: 6, extra: 2, current: 8, busy: 8, please increase LSAPI_CHILDREN.
[UID:2229][283708] Reached max children process limit: 6, extra: 2, current: 8, busy: 7, please increase LSAPI_CHILDREN.
[UID:2229][283708] Reached max children process limit: 6, extra: 2, current: 8, busy: 8, please increase LSAPI_CHILDREN.
[UID:2229][283708] Reached max children process limit: 6, extra: 2, current: 8, busy: 8, please increase LSAPI_CHILDREN.
[UID:2229][283708] Reached max children process limit: 6, extra: 2, current: 8, busy: 8, please increase LSAPI_CHILDREN.
Not Found: /nonexistent-debug-probe/
[UID:2229][283708] Reached max children process limit: 6, extra: 2, current: 8, busy: 8, please increase LSAPI_CHILDREN.
[UID:2229][283708] Reached max children process limit: 6, extra: 2, current: 8, busy: 8, please increase LSAPI_CHILDREN.
[UID:2229][283708] Reached max children process limit: 6, extra: 2, current: 8, busy: 8, please increase LSAPI_CHILDREN.
[UID:2229][283708] Reached max children process limit: 6, extra: 2, current: 8, busy: 8, please increase LSAPI_CHILDREN.
[UID:2229][283708] Reached max children process limit: 6, extra: 2, current: 8, busy: 7, please increase LSAPI_CHILDREN.
Not Found: /tel:0470266582
[UID:2229][283708] Reached max children process limit: 6, extra: 2, current: 8, busy: 8, please increase LSAPI_CHILDREN.
Not Found: /trigger-error/
[UID:2229][283708] Reached max children process limit: 6, extra: 2, current: 8, busy: 8, please increase LSAPI_CHILDREN.
[UID:2229][283708] Reached max children process limit: 6, extra: 2, current: 8, busy: 8, please increase LSAPI_CHILDREN.
[UID:2229][283708] Reached max children process limit: 6, extra: 2, current: 8, busy: 8, please increase LSAPI_CHILDREN.
[UID:2229][283708] Reached max children process limit: 6, extra: 2, current: 8, busy: 8, please increase LSAPI_CHILDREN.
[UID:2229][283708] Reached max children process limit: 6, extra: 2, current: 8, busy: 8, please increase LSAPI_CHILDREN.
Not Found: /nonexistent-debug-probe/
[UID:2229][283708] Reached max children process limit: 6, extra: 2, current: 8, busy: 8, please increase LSAPI_CHILDREN.
Not Found: /debug-error/
[UID:2229][283708] Reached max children process limit: 6, extra: 2, current: 8, busy: 8, please increase LSAPI_CHILDREN.
Not Found: /trigger-error/
Not Found: /trigger-error/
Not Found: /error/
Not Found: /trigger-error/
Not Found: /nonexistent-path-probe/
Not Found: /debug-error/
Not Found: /health/crash/
Not Found: /nonexistent-path-probe/
Not Found: /__debug__/
Not Found: /__debug_trigger__/
Not Found: /error/
Not Found: /__debug__/
Not Found: /api/nonexistent-probe/
Not Found: /api/debug/crash/
Not Found: /health/crash/
Not Found: /api/nonexistent-probe/
Not Found: /test-error/
Not Found: /__debug_trigger__/
Not Found: /api/debug/crash/
Not Found: /test-error/
[UID:2229][283708] Reached max children process limit: 6, extra: 2, current: 8, busy: 8, please increase LSAPI_CHILDREN.
[UID:2229][283708] Reached max children process limit: 6, extra: 2, current: 8, busy: 8, please increase LSAPI_CHILDREN.
Invalid HTTP_HOST header: 'www.chitwanremoval.com.au.studiorishav.com'. You may need to add 'www.chitwanremoval.com.au.studiorishav.com' to ALLOWED_HOSTS.
Traceback (most recent call last):
  File "/home1/studiori/virtualenv/chitwanremoval.com.au/chitwan_removal/3.10/lib/python3.10/site-packages/django/core/handlers/exception.py", line 55, in inner
    response = get_response(request)
  File "/home1/studiori/virtualenv/chitwanremoval.com.au/chitwan_removal/3.10/lib/python3.10/site-packages/django/utils/deprecation.py", line 119, in __call__
    response = self.process_request(request)
  File "/home1/studiori/virtualenv/chitwanremoval.com.au/chitwan_removal/3.10/lib/python3.10/site-packages/django/middleware/common.py", line 48, in process_request
    host = request.get_host()
  File "/home1/studiori/virtualenv/chitwanremoval.com.au/chitwan_removal/3.10/lib/python3.10/site-packages/django/http/request.py", line 203, in get_host
    raise DisallowedHost(msg)
django.core.exceptions.DisallowedHost: Invalid HTTP_HOST header: 'www.chitwanremoval.com.au.studiorishav.com'. You may need to add 'www.chitwanremoval.com.au.studiorishav.com' to ALLOWED_HOSTS.
[UID:2229][283708] Reached max children process limit: 6, extra: 2, current: 8, busy: 8, please increase LSAPI_CHILDREN.
[UID:2229][283708] Reached max children process limit: 6, extra: 2, current: 8, busy: 8, please increase LSAPI_CHILDREN.
Invalid HTTP_HOST header: 'www.chitwanremoval.com.au.studiorishav.com'. You may need to add 'www.chitwanremoval.com.au.studiorishav.com' to ALLOWED_HOSTS.
Traceback (most recent call last):
  File "/home1/studiori/virtualenv/chitwanremoval.com.au/chitwan_removal/3.10/lib/python3.10/site-packages/django/core/handlers/exception.py", line 55, in inner
    response = get_response(request)
  File "/home1/studiori/virtualenv/chitwanremoval.com.au/chitwan_removal/3.10/lib/python3.10/site-packages/django/utils/deprecation.py", line 119, in __call__
    response = self.process_request(request)
  File "/home1/studiori/virtualenv/chitwanremoval.com.au/chitwan_removal/3.10/lib/python3.10/site-packages/django/middleware/common.py", line 48, in process_request
    host = request.get_host()
  File "/home1/studiori/virtualenv/chitwanremoval.com.au/chitwan_removal/3.10/lib/python3.10/site-packages/django/http/request.py", line 203, in get_host
    raise DisallowedHost(msg)
django.core.exceptions.DisallowedHost: Invalid HTTP_HOST header: 'www.chitwanremoval.com.au.studiorishav.com'. You may need to add 'www.chitwanremoval.com.au.studiorishav.com' to ALLOWED_HOSTS.
Invalid HTTP_HOST header: 'chitwanremoval.com.au.studiorishav.com'. You may need to add 'chitwanremoval.com.au.studiorishav.com' to ALLOWED_HOSTS.
Traceback (most recent call last):
  File "/home1/studiori/virtualenv/chitwanremoval.com.au/chitwan_removal/3.10/lib/python3.10/site-packages/django/core/handlers/exception.py", line 55, in inner
    response = get_response(request)
  File "/home1/studiori/virtualenv/chitwanremoval.com.au/chitwan_removal/3.10/lib/python3.10/site-packages/django/utils/deprecation.py", line 119, in __call__
    response = self.process_request(request)
  File "/home1/studiori/virtualenv/chitwanremoval.com.au/chitwan_removal/3.10/lib/python3.10/site-packages/django/middleware/common.py", line 48, in process_request
    host = request.get_host()
  File "/home1/studiori/virtualenv/chitwanremoval.com.au/chitwan_removal/3.10/lib/python3.10/site-packages/django/http/request.py", line 203, in get_host
    raise DisallowedHost(msg)
django.core.exceptions.DisallowedHost: Invalid HTTP_HOST header: 'chitwanremoval.com.au.studiorishav.com'. You may need to add 'chitwanremoval.com.au.studiorishav.com' to ALLOWED_HOSTS.
Invalid HTTP_HOST header: 'chitwanremoval.com.au.studiorishav.com'. You may need to add 'chitwanremoval.com.au.studiorishav.com' to ALLOWED_HOSTS.
Traceback (most recent call last):
  File "/home1/studiori/virtualenv/chitwanremoval.com.au/chitwan_removal/3.10/lib/python3.10/site-packages/django/core/handlers/exception.py", line 55, in inner
    response = get_response(request)
  File "/home1/studiori/virtualenv/chitwanremoval.com.au/chitwan_removal/3.10/lib/python3.10/site-packages/django/utils/deprecation.py", line 119, in __call__
    response = self.process_request(request)
  File "/home1/studiori/virtualenv/chitwanremoval.com.au/chitwan_removal/3.10/lib/python3.10/site-packages/django/middleware/common.py", line 48, in process_request
    host = request.get_host()
  File "/home1/studiori/virtualenv/chitwanremoval.com.au/chitwan_removal/3.10/lib/python3.10/site-packages/django/http/request.py", line 203, in get_host
    raise DisallowedHost(msg)
django.core.exceptions.DisallowedHost: Invalid HTTP_HOST header: 'chitwanremoval.com.au.studiorishav.com'. You may need to add 'chitwanremoval.com.au.studiorishav.com' to ALLOWED_HOSTS.
[UID:2229][283708] Reached max children process limit: 6, extra: 2, current: 8, busy: 8, please increase LSAPI_CHILDREN.
[UID:2229][283708] Reached max children process limit: 6, extra: 2, current: 8, busy: 8, please increase LSAPI_CHILDREN.
[UID:2229][283708] Reached max children process limit: 6, extra: 2, current: 8, busy: 8, please increase LSAPI_CHILDREN.
[UID:2229][283708] Reached max children process limit: 6, extra: 2, current: 8, busy: 8, please increase LSAPI_CHILDREN.
[UID:2229][283708] Reached max children process limit: 6, extra: 2, current: 8, busy: 8, please increase LSAPI_CHILDREN.
[UID:2229][283708] Reached max children process limit: 6, extra: 2, current: 8, busy: 8, please increase LSAPI_CHILDREN.
[UID:2229][283708] Reached max children process limit: 6, extra: 2, current: 8, busy: 8, please increase LSAPI_CHILDREN.
[UID:2229][283708] Reached max children process limit: 6, extra: 2, current: 8, busy: 8, please increase LSAPI_CHILDREN.
[UID:2229][283708] Reached max children process limit: 6, extra: 2, current: 8, busy: 8, please increase LSAPI_CHILDREN.
[UID:2229][283708] Reached max children process limit: 6, extra: 2, current: 8, busy: 8, please increase LSAPI_CHILDREN.
[UID:2229][283708] Reached max children process limit: 6, extra: 2, current: 8, busy: 8, please increase LSAPI_CHILDREN.
[UID:2229][283708] Reached max children process limit: 6, extra: 2, current: 8, busy: 8, please increase LSAPI_CHILDREN.
[UID:2229][283708] Reached max children process limit: 6, extra: 2, current: 8, busy: 8, please increase LSAPI_CHILDREN.
[UID:2229][283708] Reached max children process limit: 6, extra: 2, current: 8, busy: 8, please increase LSAPI_CHILDREN.
[UID:2229][283708] Reached max children process limit: 6, extra: 2, current: 8, busy: 8, please increase LSAPI_CHILDREN.
[UID:2229][283708] Reached max children process limit: 6, extra: 2, current: 8, busy: 8, please increase LSAPI_CHILDREN.
[UID:2229][283708] Reached max children process limit: 6, extra: 2, current: 8, busy: 8, please increase LSAPI_CHILDREN.
[UID:2229][283708] Reached max children process limit: 6, extra: 2, current: 8, busy: 8, please increase LSAPI_CHILDREN.
[UID:2229][283708] Reached max children process limit: 6, extra: 2, current: 8, busy: 7, please increase LSAPI_CHILDREN.
[UID:2229][283708] Reached max children process limit: 6, extra: 2, current: 8, busy: 8, please increase LSAPI_CHILDREN.
[UID:2229][283708] Reached max children process limit: 6, extra: 2, current: 8, busy: 8, please increase LSAPI_CHILDREN.
[UID:2229][283708] Reached max children process limit: 6, extra: 2, current: 8, busy: 8, please increase LSAPI_CHILDREN.
[UID:2229][283708] Reached max children process limit: 6, extra: 2, current: 8, busy: 8, please increase LSAPI_CHILDREN.
[UID:2229][283708] Reached max children process limit: 6, extra: 2, current: 8, busy: 7, please increase LSAPI_CHILDREN.
[UID:2229][283708] Reached max children process limit: 6, extra: 2, current: 8, busy: 8, please increase LSAPI_CHILDREN.
[UID:2229][283708] Reached max children process limit: 6, extra: 2, current: 8, busy: 8, please increase LSAPI_CHILDREN.
[UID:2229][283708] Reached max children process limit: 6, extra: 2, current: 8, busy: 8, please increase LSAPI_CHILDREN.
[UID:2229][283708] Reached max children process limit: 6, extra: 2, current: 8, busy: 8, please increase LSAPI_CHILDREN.
[UID:2229][283708] Reached max children process limit: 6, extra: 2, current: 8, busy: 8, please increase LSAPI_CHILDREN.
[UID:2229][283708] Reached max children process limit: 6, extra: 2, current: 8, busy: 8, please increase LSAPI_CHILDREN.
[UID:2229][283708] Reached max children process limit: 6, extra: 2, current: 8, busy: 8, please increase LSAPI_CHILDREN.
Invalid HTTP_HOST header: 'chitwanremoval.com.au.studiorishav.com'. You may need to add 'chitwanremoval.com.au.studiorishav.com' to ALLOWED_HOSTS.
Traceback (most recent call last):
  File "/home1/studiori/virtualenv/chitwanremoval.com.au/chitwan_removal/3.10/lib/python3.10/site-packages/django/core/handlers/exception.py", line 55, in inner
    response = get_response(request)
  File "/home1/studiori/virtualenv/chitwanremoval.com.au/chitwan_removal/3.10/lib/python3.10/site-packages/django/utils/deprecation.py", line 119, in __call__
    response = self.process_request(request)
  File "/home1/studiori/virtualenv/chitwanremoval.com.au/chitwan_removal/3.10/lib/python3.10/site-packages/django/middleware/common.py", line 48, in process_request
    host = request.get_host()
  File "/home1/studiori/virtualenv/chitwanremoval.com.au/chitwan_removal/3.10/lib/python3.10/site-packages/django/http/request.py", line 203, in get_host
    raise DisallowedHost(msg)
django.core.exceptions.DisallowedHost: Invalid HTTP_HOST header: 'chitwanremoval.com.au.studiorishav.com'. You may need to add 'chitwanremoval.com.au.studiorishav.com' to ALLOWED_HOSTS.
Not Found: /robots.txt
Invalid HTTP_HOST header: 'www.chitwanremoval.com.au.studiorishav.com'. You may need to add 'www.chitwanremoval.com.au.studiorishav.com' to ALLOWED_HOSTS.
Traceback (most recent call last):
  File "/home1/studiori/virtualenv/chitwanremoval.com.au/chitwan_removal/3.10/lib/python3.10/site-packages/django/core/handlers/exception.py", line 55, in inner
    response = get_response(request)
  File "/home1/studiori/virtualenv/chitwanremoval.com.au/chitwan_removal/3.10/lib/python3.10/site-packages/django/utils/deprecation.py", line 119, in __call__
    response = self.process_request(request)
  File "/home1/studiori/virtualenv/chitwanremoval.com.au/chitwan_removal/3.10/lib/python3.10/site-packages/django/middleware/common.py", line 48, in process_request
    host = request.get_host()
  File "/home1/studiori/virtualenv/chitwanremoval.com.au/chitwan_removal/3.10/lib/python3.10/site-packages/django/http/request.py", line 203, in get_host
    raise DisallowedHost(msg)
django.core.exceptions.DisallowedHost: Invalid HTTP_HOST header: 'www.chitwanremoval.com.au.studiorishav.com'. You may need to add 'www.chitwanremoval.com.au.studiorishav.com' to ALLOWED_HOSTS.
Not Found: /robots.txt
Invalid HTTP_HOST header: 'www.chitwanremoval.com.au.studiorishav.com'. You may need to add 'www.chitwanremoval.com.au.studiorishav.com' to ALLOWED_HOSTS.
Traceback (most recent call last):
  File "/home1/studiori/virtualenv/chitwanremoval.com.au/chitwan_removal/3.10/lib/python3.10/site-packages/django/core/handlers/exception.py", line 55, in inner
    response = get_response(request)
  File "/home1/studiori/virtualenv/chitwanremoval.com.au/chitwan_removal/3.10/lib/python3.10/site-packages/django/utils/deprecation.py", line 119, in __call__
    response = self.process_request(request)
  File "/home1/studiori/virtualenv/chitwanremoval.com.au/chitwan_removal/3.10/lib/python3.10/site-packages/django/middleware/common.py", line 48, in process_request
    host = request.get_host()
  File "/home1/studiori/virtualenv/chitwanremoval.com.au/chitwan_removal/3.10/lib/python3.10/site-packages/django/http/request.py", line 203, in get_host
    raise DisallowedHost(msg)
django.core.exceptions.DisallowedHost: Invalid HTTP_HOST header: 'www.chitwanremoval.com.au.studiorishav.com'. You may need to add 'www.chitwanremoval.com.au.studiorishav.com' to ALLOWED_HOSTS.
Invalid HTTP_HOST header: 'chitwanremoval.com.au.studiorishav.com'. You may need to add 'chitwanremoval.com.au.studiorishav.com' to ALLOWED_HOSTS.
Traceback (most recent call last):
  File "/home1/studiori/virtualenv/chitwanremoval.com.au/chitwan_removal/3.10/lib/python3.10/site-packages/django/core/handlers/exception.py", line 55, in inner
    response = get_response(request)
  File "/home1/studiori/virtualenv/chitwanremoval.com.au/chitwan_removal/3.10/lib/python3.10/site-packages/django/utils/deprecation.py", line 119, in __call__
    response = self.process_request(request)
  File "/home1/studiori/virtualenv/chitwanremoval.com.au/chitwan_removal/3.10/lib/python3.10/site-packages/django/middleware/common.py", line 48, in process_request
    host = request.get_host()
  File "/home1/studiori/virtualenv/chitwanremoval.com.au/chitwan_removal/3.10/lib/python3.10/site-packages/django/http/request.py", line 203, in get_host
    raise DisallowedHost(msg)
django.core.exceptions.DisallowedHost: Invalid HTTP_HOST header: 'chitwanremoval.com.au.studiorishav.com'. You may need to add 'chitwanremoval.com.au.studiorishav.com' to ALLOWED_HOSTS.
Invalid HTTP_HOST header: 'www.chitwanremoval.com.au.studiorishav.com'. You may need to add 'www.chitwanremoval.com.au.studiorishav.com' to ALLOWED_HOSTS.
Traceback (most recent call last):
  File "/home1/studiori/virtualenv/chitwanremoval.com.au/chitwan_removal/3.10/lib/python3.10/site-packages/django/core/handlers/exception.py", line 55, in inner
    response = get_response(request)
  File "/home1/studiori/virtualenv/chitwanremoval.com.au/chitwan_removal/3.10/lib/python3.10/site-packages/django/utils/deprecation.py", line 119, in __call__
    response = self.process_request(request)
  File "/home1/studiori/virtualenv/chitwanremoval.com.au/chitwan_removal/3.10/lib/python3.10/site-packages/django/middleware/common.py", line 48, in process_request
    host = request.get_host()
  File "/home1/studiori/virtualenv/chitwanremoval.com.au/chitwan_removal/3.10/lib/python3.10/site-packages/django/http/request.py", line 203, in get_host
    raise DisallowedHost(msg)
django.core.exceptions.DisallowedHost: Invalid HTTP_HOST header: 'www.chitwanremoval.com.au.studiorishav.com'. You may need to add 'www.chitwanremoval.com.au.studiorishav.com' to ALLOWED_HOSTS.
Invalid HTTP_HOST header: 'chitwanremoval.com.au.studiorishav.com'. You may need to add 'chitwanremoval.com.au.studiorishav.com' to ALLOWED_HOSTS.
Traceback (most recent call last):
  File "/home1/studiori/virtualenv/chitwanremoval.com.au/chitwan_removal/3.10/lib/python3.10/site-packages/django/core/handlers/exception.py", line 55, in inner
    response = get_response(request)
  File "/home1/studiori/virtualenv/chitwanremoval.com.au/chitwan_removal/3.10/lib/python3.10/site-packages/django/utils/deprecation.py", line 119, in __call__
    response = self.process_request(request)
  File "/home1/studiori/virtualenv/chitwanremoval.com.au/chitwan_removal/3.10/lib/python3.10/site-packages/django/middleware/common.py", line 48, in process_request
    host = request.get_host()
  File "/home1/studiori/virtualenv/chitwanremoval.com.au/chitwan_removal/3.10/lib/python3.10/site-packages/django/http/request.py", line 203, in get_host
    raise DisallowedHost(msg)
django.core.exceptions.DisallowedHost: Invalid HTTP_HOST header: 'chitwanremoval.com.au.studiorishav.com'. You may need to add 'chitwanremoval.com.au.studiorishav.com' to ALLOWED_HOSTS.
Invalid HTTP_HOST header: 'chitwanremoval.com.au.studiorishav.com'. You may need to add 'chitwanremoval.com.au.studiorishav.com' to ALLOWED_HOSTS.
Traceback (most recent call last):
  File "/home1/studiori/virtualenv/chitwanremoval.com.au/chitwan_removal/3.10/lib/python3.10/site-packages/django/core/handlers/exception.py", line 55, in inner
    response = get_response(request)
  File "/home1/studiori/virtualenv/chitwanremoval.com.au/chitwan_removal/3.10/lib/python3.10/site-packages/django/utils/deprecation.py", line 119, in __call__
    response = self.process_request(request)
  File "/home1/studiori/virtualenv/chitwanremoval.com.au/chitwan_removal/3.10/lib/python3.10/site-packages/django/middleware/common.py", line 48, in process_request
    host = request.get_host()
  File "/home1/studiori/virtualenv/chitwanremoval.com.au/chitwan_removal/3.10/lib/python3.10/site-packages/django/http/request.py", line 203, in get_host
    raise DisallowedHost(msg)
django.core.exceptions.DisallowedHost: Invalid HTTP_HOST header: 'chitwanremoval.com.au.studiorishav.com'. You may need to add 'chitwanremoval.com.au.studiorishav.com' to ALLOWED_HOSTS.
Invalid HTTP_HOST header: 'www.chitwanremoval.com.au.studiorishav.com'. You may need to add 'www.chitwanremoval.com.au.studiorishav.com' to ALLOWED_HOSTS.
Traceback (most recent call last):
  File "/home1/studiori/virtualenv/chitwanremoval.com.au/chitwan_removal/3.10/lib/python3.10/site-packages/django/core/handlers/exception.py", line 55, in inner
    response = get_response(request)
  File "/home1/studiori/virtualenv/chitwanremoval.com.au/chitwan_removal/3.10/lib/python3.10/site-packages/django/utils/deprecation.py", line 119, in __call__
    response = self.process_request(request)
  File "/home1/studiori/virtualenv/chitwanremoval.com.au/chitwan_removal/3.10/lib/python3.10/site-packages/django/middleware/common.py", line 48, in process_request
    host = request.get_host()
  File "/home1/studiori/virtualenv/chitwanremoval.com.au/chitwan_removal/3.10/lib/python3.10/site-packages/django/http/request.py", line 203, in get_host
    raise DisallowedHost(msg)
django.core.exceptions.DisallowedHost: Invalid HTTP_HOST header: 'www.chitwanremoval.com.au.studiorishav.com'. You may need to add 'www.chitwanremoval.com.au.studiorishav.com' to ALLOWED_HOSTS.
Invalid HTTP_HOST header: 'www.chitwanremoval.com.au.studiorishav.com'. You may need to add 'www.chitwanremoval.com.au.studiorishav.com' to ALLOWED_HOSTS.
Traceback (most recent call last):
  File "/home1/studiori/virtualenv/chitwanremoval.com.au/chitwan_removal/3.10/lib/python3.10/site-packages/django/core/handlers/exception.py", line 55, in inner
    response = get_response(request)
  File "/home1/studiori/virtualenv/chitwanremoval.com.au/chitwan_removal/3.10/lib/python3.10/site-packages/django/utils/deprecation.py", line 119, in __call__
    response = self.process_request(request)
  File "/home1/studiori/virtualenv/chitwanremoval.com.au/chitwan_removal/3.10/lib/python3.10/site-packages/django/middleware/common.py", line 48, in process_request
    host = request.get_host()
  File "/home1/studiori/virtualenv/chitwanremoval.com.au/chitwan_removal/3.10/lib/python3.10/site-packages/django/http/request.py", line 203, in get_host
    raise DisallowedHost(msg)
django.core.exceptions.DisallowedHost: Invalid HTTP_HOST header: 'www.chitwanremoval.com.au.studiorishav.com'. You may need to add 'www.chitwanremoval.com.au.studiorishav.com' to ALLOWED_HOSTS.
Invalid HTTP_HOST header: 'chitwanremoval.com.au.studiorishav.com'. You may need to add 'chitwanremoval.com.au.studiorishav.com' to ALLOWED_HOSTS.
Traceback (most recent call last):
  File "/home1/studiori/virtualenv/chitwanremoval.com.au/chitwan_removal/3.10/lib/python3.10/site-packages/django/core/handlers/exception.py", line 55, in inner
    response = get_response(request)
  File "/home1/studiori/virtualenv/chitwanremoval.com.au/chitwan_removal/3.10/lib/python3.10/site-packages/django/utils/deprecation.py", line 119, in __call__
    response = self.process_request(request)
  File "/home1/studiori/virtualenv/chitwanremoval.com.au/chitwan_removal/3.10/lib/python3.10/site-packages/django/middleware/common.py", line 48, in process_request
    host = request.get_host()
  File "/home1/studiori/virtualenv/chitwanremoval.com.au/chitwan_removal/3.10/lib/python3.10/site-packages/django/http/request.py", line 203, in get_host
    raise DisallowedHost(msg)
django.core.exceptions.DisallowedHost: Invalid HTTP_HOST header: 'chitwanremoval.com.au.studiorishav.com'. You may need to add 'chitwanremoval.com.au.studiorishav.com' to ALLOWED_HOSTS.
Not Found: /wp-json/
Not Found: /wp-json/
Invalid HTTP_HOST header: 'chitwanremoval.com.au.studiorishav.com'. You may need to add 'chitwanremoval.com.au.studiorishav.com' to ALLOWED_HOSTS.
Traceback (most recent call last):
  File "/home1/studiori/virtualenv/chitwanremoval.com.au/chitwan_removal/3.10/lib/python3.10/site-packages/django/core/handlers/exception.py", line 55, in inner
    response = get_response(request)
  File "/home1/studiori/virtualenv/chitwanremoval.com.au/chitwan_removal/3.10/lib/python3.10/site-packages/django/utils/deprecation.py", line 119, in __call__
    response = self.process_request(request)
  File "/home1/studiori/virtualenv/chitwanremoval.com.au/chitwan_removal/3.10/lib/python3.10/site-packages/django/middleware/common.py", line 48, in process_request
    host = request.get_host()
  File "/home1/studiori/virtualenv/chitwanremoval.com.au/chitwan_removal/3.10/lib/python3.10/site-packages/django/http/request.py", line 203, in get_host
    raise DisallowedHost(msg)
django.core.exceptions.DisallowedHost: Invalid HTTP_HOST header: 'chitwanremoval.com.au.studiorishav.com'. You may need to add 'chitwanremoval.com.au.studiorishav.com' to ALLOWED_HOSTS.
Invalid HTTP_HOST header: 'chitwanremoval.com.au.studiorishav.com'. You may need to add 'chitwanremoval.com.au.studiorishav.com' to ALLOWED_HOSTS.
Traceback (most recent call last):
  File "/home1/studiori/virtualenv/chitwanremoval.com.au/chitwan_removal/3.10/lib/python3.10/site-packages/django/core/handlers/exception.py", line 55, in inner
    response = get_response(request)
  File "/home1/studiori/virtualenv/chitwanremoval.com.au/chitwan_removal/3.10/lib/python3.10/site-packages/django/utils/deprecation.py", line 119, in __call__
    response = self.process_request(request)
  File "/home1/studiori/virtualenv/chitwanremoval.com.au/chitwan_removal/3.10/lib/python3.10/site-packages/django/middleware/common.py", line 48, in process_request
    host = request.get_host()
  File "/home1/studiori/virtualenv/chitwanremoval.com.au/chitwan_removal/3.10/lib/python3.10/site-packages/django/http/request.py", line 203, in get_host
    raise DisallowedHost(msg)
django.core.exceptions.DisallowedHost: Invalid HTTP_HOST header: 'chitwanremoval.com.au.studiorishav.com'. You may need to add 'chitwanremoval.com.au.studiorishav.com' to ALLOWED_HOSTS.
Invalid HTTP_HOST header: 'chitwanremoval.com.au.studiorishav.com'. You may need to add 'chitwanremoval.com.au.studiorishav.com' to ALLOWED_HOSTS.
Traceback (most recent call last):
  File "/home1/studiori/virtualenv/chitwanremoval.com.au/chitwan_removal/3.10/lib/python3.10/site-packages/django/core/handlers/exception.py", line 55, in inner
    response = get_response(request)
  File "/home1/studiori/virtualenv/chitwanremoval.com.au/chitwan_removal/3.10/lib/python3.10/site-packages/django/utils/deprecation.py", line 119, in __call__
    response = self.process_request(request)
  File "/home1/studiori/virtualenv/chitwanremoval.com.au/chitwan_removal/3.10/lib/python3.10/site-packages/django/middleware/common.py", line 48, in process_request
    host = request.get_host()
  File "/home1/studiori/virtualenv/chitwanremoval.com.au/chitwan_removal/3.10/lib/python3.10/site-packages/django/http/request.py", line 203, in get_host
    raise DisallowedHost(msg)
django.core.exceptions.DisallowedHost: Invalid HTTP_HOST header: 'chitwanremoval.com.au.studiorishav.com'. You may need to add 'chitwanremoval.com.au.studiorishav.com' to ALLOWED_HOSTS.
Invalid HTTP_HOST header: 'chitwanremoval.com.au.studiorishav.com'. You may need to add 'chitwanremoval.com.au.studiorishav.com' to ALLOWED_HOSTS.
Traceback (most recent call last):
  File "/home1/studiori/virtualenv/chitwanremoval.com.au/chitwan_removal/3.10/lib/python3.10/site-packages/django/core/handlers/exception.py", line 55, in inner
    response = get_response(request)
  File "/home1/studiori/virtualenv/chitwanremoval.com.au/chitwan_removal/3.10/lib/python3.10/site-packages/django/utils/deprecation.py", line 119, in __call__
    response = self.process_request(request)
  File "/home1/studiori/virtualenv/chitwanremoval.com.au/chitwan_removal/3.10/lib/python3.10/site-packages/django/middleware/common.py", line 48, in process_request
    host = request.get_host()
  File "/home1/studiori/virtualenv/chitwanremoval.com.au/chitwan_removal/3.10/lib/python3.10/site-packages/django/http/request.py", line 203, in get_host
    raise DisallowedHost(msg)
django.core.exceptions.DisallowedHost: Invalid HTTP_HOST header: 'chitwanremoval.com.au.studiorishav.com'. You may need to add 'chitwanremoval.com.au.studiorishav.com' to ALLOWED_HOSTS.
Invalid HTTP_HOST header: 'chitwanremoval.com.au.studiorishav.com'. You may need to add 'chitwanremoval.com.au.studiorishav.com' to ALLOWED_HOSTS.
Traceback (most recent call last):
  File "/home1/studiori/virtualenv/chitwanremoval.com.au/chitwan_removal/3.10/lib/python3.10/site-packages/django/core/handlers/exception.py", line 55, in inner
    response = get_response(request)
  File "/home1/studiori/virtualenv/chitwanremoval.com.au/chitwan_removal/3.10/lib/python3.10/site-packages/django/utils/deprecation.py", line 119, in __call__
    response = self.process_request(request)
  File "/home1/studiori/virtualenv/chitwanremoval.com.au/chitwan_removal/3.10/lib/python3.10/site-packages/django/middleware/common.py", line 48, in process_request
    host = request.get_host()
  File "/home1/studiori/virtualenv/chitwanremoval.com.au/chitwan_removal/3.10/lib/python3.10/site-packages/django/http/request.py", line 203, in get_host
    raise DisallowedHost(msg)
django.core.exceptions.DisallowedHost: Invalid HTTP_HOST header: 'chitwanremoval.com.au.studiorishav.com'. You may need to add 'chitwanremoval.com.au.studiorishav.com' to ALLOWED_HOSTS.
Invalid HTTP_HOST header: 'chitwanremoval.com.au.studiorishav.com'. You may need to add 'chitwanremoval.com.au.studiorishav.com' to ALLOWED_HOSTS.
Traceback (most recent call last):
  File "/home1/studiori/virtualenv/chitwanremoval.com.au/chitwan_removal/3.10/lib/python3.10/site-packages/django/core/handlers/exception.py", line 55, in inner
    response = get_response(request)
  File "/home1/studiori/virtualenv/chitwanremoval.com.au/chitwan_removal/3.10/lib/python3.10/site-packages/django/utils/deprecation.py", line 119, in __call__
    response = self.process_request(request)
  File "/home1/studiori/virtualenv/chitwanremoval.com.au/chitwan_removal/3.10/lib/python3.10/site-packages/django/middleware/common.py", line 48, in process_request
    host = request.get_host()
  File "/home1/studiori/virtualenv/chitwanremoval.com.au/chitwan_removal/3.10/lib/python3.10/site-packages/django/http/request.py", line 203, in get_host
    raise DisallowedHost(msg)
django.core.exceptions.DisallowedHost: Invalid HTTP_HOST header: 'chitwanremoval.com.au.studiorishav.com'. You may need to add 'chitwanremoval.com.au.studiorishav.com' to ALLOWED_HOSTS.
Invalid HTTP_HOST header: 'chitwanremoval.com.au.studiorishav.com'. You may need to add 'chitwanremoval.com.au.studiorishav.com' to ALLOWED_HOSTS.
Traceback (most recent call last):
  File "/home1/studiori/virtualenv/chitwanremoval.com.au/chitwan_removal/3.10/lib/python3.10/site-packages/django/core/handlers/exception.py", line 55, in inner
    response = get_response(request)
  File "/home1/studiori/virtualenv/chitwanremoval.com.au/chitwan_removal/3.10/lib/python3.10/site-packages/django/utils/deprecation.py", line 119, in __call__
    response = self.process_request(request)
  File "/home1/studiori/virtualenv/chitwanremoval.com.au/chitwan_removal/3.10/lib/python3.10/site-packages/django/middleware/common.py", line 48, in process_request
    host = request.get_host()
  File "/home1/studiori/virtualenv/chitwanremoval.com.au/chitwan_removal/3.10/lib/python3.10/site-packages/django/http/request.py", line 203, in get_host
    raise DisallowedHost(msg)
django.core.exceptions.DisallowedHost: Invalid HTTP_HOST header: 'chitwanremoval.com.au.studiorishav.com'. You may need to add 'chitwanremoval.com.au.studiorishav.com' to ALLOWED_HOSTS.
Invalid HTTP_HOST header: 'chitwanremoval.com.au.studiorishav.com'. You may need to add 'chitwanremoval.com.au.studiorishav.com' to ALLOWED_HOSTS.
Traceback (most recent call last):
  File "/home1/studiori/virtualenv/chitwanremoval.com.au/chitwan_removal/3.10/lib/python3.10/site-packages/django/core/handlers/exception.py", line 55, in inner
    response = get_response(request)
  File "/home1/studiori/virtualenv/chitwanremoval.com.au/chitwan_removal/3.10/lib/python3.10/site-packages/django/utils/deprecation.py", line 119, in __call__
    response = self.process_request(request)
  File "/home1/studiori/virtualenv/chitwanremoval.com.au/chitwan_removal/3.10/lib/python3.10/site-packages/django/middleware/common.py", line 48, in process_request
    host = request.get_host()
  File "/home1/studiori/virtualenv/chitwanremoval.com.au/chitwan_removal/3.10/lib/python3.10/site-packages/django/http/request.py", line 203, in get_host
    raise DisallowedHost(msg)
django.core.exceptions.DisallowedHost: Invalid HTTP_HOST header: 'chitwanremoval.com.au.studiorishav.com'. You may need to add 'chitwanremoval.com.au.studiorishav.com' to ALLOWED_HOSTS.
Invalid HTTP_HOST header: 'chitwanremoval.com.au.studiorishav.com'. You may need to add 'chitwanremoval.com.au.studiorishav.com' to ALLOWED_HOSTS.
Traceback (most recent call last):
  File "/home1/studiori/virtualenv/chitwanremoval.com.au/chitwan_removal/3.10/lib/python3.10/site-packages/django/core/handlers/exception.py", line 55, in inner
    response = get_response(request)
  File "/home1/studiori/virtualenv/chitwanremoval.com.au/chitwan_removal/3.10/lib/python3.10/site-packages/django/utils/deprecation.py", line 119, in __call__
    response = self.process_request(request)
  File "/home1/studiori/virtualenv/chitwanremoval.com.au/chitwan_removal/3.10/lib/python3.10/site-packages/django/middleware/common.py", line 48, in process_request
    host = request.get_host()
  File "/home1/studiori/virtualenv/chitwanremoval.com.au/chitwan_removal/3.10/lib/python3.10/site-packages/django/http/request.py", line 203, in get_host
    raise DisallowedHost(msg)
django.core.exceptions.DisallowedHost: Invalid HTTP_HOST header: 'chitwanremoval.com.au.studiorishav.com'. You may need to add 'chitwanremoval.com.au.studiorishav.com' to ALLOWED_HOSTS.
Invalid HTTP_HOST header: 'chitwanremoval.com.au.studiorishav.com'. You may need to add 'chitwanremoval.com.au.studiorishav.com' to ALLOWED_HOSTS.
Traceback (most recent call last):
  File "/home1/studiori/virtualenv/chitwanremoval.com.au/chitwan_removal/3.10/lib/python3.10/site-packages/django/core/handlers/exception.py", line 55, in inner
    response = get_response(request)
  File "/home1/studiori/virtualenv/chitwanremoval.com.au/chitwan_removal/3.10/lib/python3.10/site-packages/django/utils/deprecation.py", line 119, in __call__
    response = self.process_request(request)
  File "/home1/studiori/virtualenv/chitwanremoval.com.au/chitwan_removal/3.10/lib/python3.10/site-packages/django/middleware/common.py", line 48, in process_request
    host = request.get_host()
  File "/home1/studiori/virtualenv/chitwanremoval.com.au/chitwan_removal/3.10/lib/python3.10/site-packages/django/http/request.py", line 203, in get_host
    raise DisallowedHost(msg)
django.core.exceptions.DisallowedHost: Invalid HTTP_HOST header: 'chitwanremoval.com.au.studiorishav.com'. You may need to add 'chitwanremoval.com.au.studiorishav.com' to ALLOWED_HOSTS.
Invalid HTTP_HOST header: 'chitwanremoval.com.au.studiorishav.com'. You may need to add 'chitwanremoval.com.au.studiorishav.com' to ALLOWED_HOSTS.
Traceback (most recent call last):
  File "/home1/studiori/virtualenv/chitwanremoval.com.au/chitwan_removal/3.10/lib/python3.10/site-packages/django/core/handlers/exception.py", line 55, in inner
    response = get_response(request)
  File "/home1/studiori/virtualenv/chitwanremoval.com.au/chitwan_removal/3.10/lib/python3.10/site-packages/django/utils/deprecation.py", line 119, in __call__
    response = self.process_request(request)
  File "/home1/studiori/virtualenv/chitwanremoval.com.au/chitwan_removal/3.10/lib/python3.10/site-packages/django/middleware/common.py", line 48, in process_request
    host = request.get_host()
  File "/home1/studiori/virtualenv/chitwanremoval.com.au/chitwan_removal/3.10/lib/python3.10/site-packages/django/http/request.py", line 203, in get_host
    raise DisallowedHost(msg)
django.core.exceptions.DisallowedHost: Invalid HTTP_HOST header: 'chitwanremoval.com.au.studiorishav.com'. You may need to add 'chitwanremoval.com.au.studiorishav.com' to ALLOWED_HOSTS.
Invalid HTTP_HOST header: 'chitwanremoval.com.au.studiorishav.com'. You may need to add 'chitwanremoval.com.au.studiorishav.com' to ALLOWED_HOSTS.
Traceback (most recent call last):
  File "/home1/studiori/virtualenv/chitwanremoval.com.au/chitwan_removal/3.10/lib/python3.10/site-packages/django/core/handlers/exception.py", line 55, in inner
    response = get_response(request)
  File "/home1/studiori/virtualenv/chitwanremoval.com.au/chitwan_removal/3.10/lib/python3.10/site-packages/django/utils/deprecation.py", line 119, in __call__
    response = self.process_request(request)
  File "/home1/studiori/virtualenv/chitwanremoval.com.au/chitwan_removal/3.10/lib/python3.10/site-packages/django/middleware/common.py", line 48, in process_request
    host = request.get_host()
  File "/home1/studiori/virtualenv/chitwanremoval.com.au/chitwan_removal/3.10/lib/python3.10/site-packages/django/http/request.py", line 203, in get_host
    raise DisallowedHost(msg)
django.core.exceptions.DisallowedHost: Invalid HTTP_HOST header: 'chitwanremoval.com.au.studiorishav.com'. You may need to add 'chitwanremoval.com.au.studiorishav.com' to ALLOWED_HOSTS.
Invalid HTTP_HOST header: 'chitwanremoval.com.au.studiorishav.com'. You may need to add 'chitwanremoval.com.au.studiorishav.com' to ALLOWED_HOSTS.
Traceback (most recent call last):
  File "/home1/studiori/virtualenv/chitwanremoval.com.au/chitwan_removal/3.10/lib/python3.10/site-packages/django/core/handlers/exception.py", line 55, in inner
    response = get_response(request)
  File "/home1/studiori/virtualenv/chitwanremoval.com.au/chitwan_removal/3.10/lib/python3.10/site-packages/django/utils/deprecation.py", line 119, in __call__
    response = self.process_request(request)
  File "/home1/studiori/virtualenv/chitwanremoval.com.au/chitwan_removal/3.10/lib/python3.10/site-packages/django/middleware/common.py", line 48, in process_request
    host = request.get_host()
  File "/home1/studiori/virtualenv/chitwanremoval.com.au/chitwan_removal/3.10/lib/python3.10/site-packages/django/http/request.py", line 203, in get_host
    raise DisallowedHost(msg)
django.core.exceptions.DisallowedHost: Invalid HTTP_HOST header: 'chitwanremoval.com.au.studiorishav.com'. You may need to add 'chitwanremoval.com.au.studiorishav.com' to ALLOWED_HOSTS.
Invalid HTTP_HOST header: 'chitwanremoval.com.au.studiorishav.com'. You may need to add 'chitwanremoval.com.au.studiorishav.com' to ALLOWED_HOSTS.
Traceback (most recent call last):
  File "/home1/studiori/virtualenv/chitwanremoval.com.au/chitwan_removal/3.10/lib/python3.10/site-packages/django/core/handlers/exception.py", line 55, in inner
    response = get_response(request)
  File "/home1/studiori/virtualenv/chitwanremoval.com.au/chitwan_removal/3.10/lib/python3.10/site-packages/django/utils/deprecation.py", line 119, in __call__
    response = self.process_request(request)
  File "/home1/studiori/virtualenv/chitwanremoval.com.au/chitwan_removal/3.10/lib/python3.10/site-packages/django/middleware/common.py", line 48, in process_request
    host = request.get_host()
  File "/home1/studiori/virtualenv/chitwanremoval.com.au/chitwan_removal/3.10/lib/python3.10/site-packages/django/http/request.py", line 203, in get_host
    raise DisallowedHost(msg)
django.core.exceptions.DisallowedHost: Invalid HTTP_HOST header: 'chitwanremoval.com.au.studiorishav.com'. You may need to add 'chitwanremoval.com.au.studiorishav.com' to ALLOWED_HOSTS.
Invalid HTTP_HOST header: 'chitwanremoval.com.au.studiorishav.com'. You may need to add 'chitwanremoval.com.au.studiorishav.com' to ALLOWED_HOSTS.
Traceback (most recent call last):
  File "/home1/studiori/virtualenv/chitwanremoval.com.au/chitwan_removal/3.10/lib/python3.10/site-packages/django/core/handlers/exception.py", line 55, in inner
    response = get_response(request)
  File "/home1/studiori/virtualenv/chitwanremoval.com.au/chitwan_removal/3.10/lib/python3.10/site-packages/django/utils/deprecation.py", line 119, in __call__
    response = self.process_request(request)
  File "/home1/studiori/virtualenv/chitwanremoval.com.au/chitwan_removal/3.10/lib/python3.10/site-packages/django/middleware/common.py", line 48, in process_request
    host = request.get_host()
  File "/home1/studiori/virtualenv/chitwanremoval.com.au/chitwan_removal/3.10/lib/python3.10/site-packages/django/http/request.py", line 203, in get_host
    raise DisallowedHost(msg)
django.core.exceptions.DisallowedHost: Invalid HTTP_HOST header: 'chitwanremoval.com.au.studiorishav.com'. You may need to add 'chitwanremoval.com.au.studiorishav.com' to ALLOWED_HOSTS.
Invalid HTTP_HOST header: 'chitwanremoval.com.au.studiorishav.com'. You may need to add 'chitwanremoval.com.au.studiorishav.com' to ALLOWED_HOSTS.
Traceback (most recent call last):
  File "/home1/studiori/virtualenv/chitwanremoval.com.au/chitwan_removal/3.10/lib/python3.10/site-packages/django/core/handlers/exception.py", line 55, in inner
    response = get_response(request)
  File "/home1/studiori/virtualenv/chitwanremoval.com.au/chitwan_removal/3.10/lib/python3.10/site-packages/django/utils/deprecation.py", line 119, in __call__
    response = self.process_request(request)
  File "/home1/studiori/virtualenv/chitwanremoval.com.au/chitwan_removal/3.10/lib/python3.10/site-packages/django/middleware/common.py", line 48, in process_request
    host = request.get_host()
  File "/home1/studiori/virtualenv/chitwanremoval.com.au/chitwan_removal/3.10/lib/python3.10/site-packages/django/http/request.py", line 203, in get_host
    raise DisallowedHost(msg)
django.core.exceptions.DisallowedHost: Invalid HTTP_HOST header: 'chitwanremoval.com.au.studiorishav.com'. You may need to add 'chitwanremoval.com.au.studiorishav.com' to ALLOWED_HOSTS.
Invalid HTTP_HOST header: 'chitwanremoval.com.au.studiorishav.com'. You may need to add 'chitwanremoval.com.au.studiorishav.com' to ALLOWED_HOSTS.
Traceback (most recent call last):
  File "/home1/studiori/virtualenv/chitwanremoval.com.au/chitwan_removal/3.10/lib/python3.10/site-packages/django/core/handlers/exception.py", line 55, in inner
    response = get_response(request)
  File "/home1/studiori/virtualenv/chitwanremoval.com.au/chitwan_removal/3.10/lib/python3.10/site-packages/django/utils/deprecation.py", line 119, in __call__
    response = self.process_request(request)
  File "/home1/studiori/virtualenv/chitwanremoval.com.au/chitwan_removal/3.10/lib/python3.10/site-packages/django/middleware/common.py", line 48, in process_request
    host = request.get_host()
  File "/home1/studiori/virtualenv/chitwanremoval.com.au/chitwan_removal/3.10/lib/python3.10/site-packages/django/http/request.py", line 203, in get_host
    raise DisallowedHost(msg)
django.core.exceptions.DisallowedHost: Invalid HTTP_HOST header: 'chitwanremoval.com.au.studiorishav.com'. You may need to add 'chitwanremoval.com.au.studiorishav.com' to ALLOWED_HOSTS.
Invalid HTTP_HOST header: 'chitwanremoval.com.au.studiorishav.com'. You may need to add 'chitwanremoval.com.au.studiorishav.com' to ALLOWED_HOSTS.
Traceback (most recent call last):
  File "/home1/studiori/virtualenv/chitwanremoval.com.au/chitwan_removal/3.10/lib/python3.10/site-packages/django/core/handlers/exception.py", line 55, in inner
    response = get_response(request)
  File "/home1/studiori/virtualenv/chitwanremoval.com.au/chitwan_removal/3.10/lib/python3.10/site-packages/django/utils/deprecation.py", line 119, in __call__
    response = self.process_request(request)
  File "/home1/studiori/virtualenv/chitwanremoval.com.au/chitwan_removal/3.10/lib/python3.10/site-packages/django/middleware/common.py", line 48, in process_request
    host = request.get_host()
  File "/home1/studiori/virtualenv/chitwanremoval.com.au/chitwan_removal/3.10/lib/python3.10/site-packages/django/http/request.py", line 203, in get_host
    raise DisallowedHost(msg)
django.core.exceptions.DisallowedHost: Invalid HTTP_HOST header: 'chitwanremoval.com.au.studiorishav.com'. You may need to add 'chitwanremoval.com.au.studiorishav.com' to ALLOWED_HOSTS.
Not Found: /static/images/interstate_moves.jpeg
[UID:2229][283708] Reached max children process limit: 6, extra: 2, current: 8, busy: 7, please increase LSAPI_CHILDREN.
[UID:2229][283708] Reached max children process limit: 6, extra: 2, current: 8, busy: 8, please increase LSAPI_CHILDREN.
[UID:2229][283708] Reached max children process limit: 6, extra: 2, current: 8, busy: 8, please increase LSAPI_CHILDREN.
[UID:2229][283708] Reached max children process limit: 6, extra: 2, current: 8, busy: 8, please increase LSAPI_CHILDREN.
[UID:2229][283708] Reached max children process limit: 6, extra: 2, current: 8, busy: 8, please increase LSAPI_CHILDREN.
[UID:2229][283708] Reached max children process limit: 6, extra: 2, current: 8, busy: 8, please increase LSAPI_CHILDREN.
[UID:2229][283708] Reached max children process limit: 6, extra: 2, current: 8, busy: 8, please increase LSAPI_CHILDREN.
[UID:2229][283708] Reached max children process limit: 6, extra: 2, current: 8, busy: 8, please increase LSAPI_CHILDREN.
[UID:2229][283708] Reached max children process limit: 6, extra: 2, current: 8, busy: 8, please increase LSAPI_CHILDREN.
[UID:2229][283708] Reached max children process limit: 6, extra: 2, current: 8, busy: 8, please increase LSAPI_CHILDREN.
[UID:2229][283708] Reached max children process limit: 6, extra: 2, current: 8, busy: 8, please increase LSAPI_CHILDREN.
[UID:2229][283708] Reached max children process limit: 6, extra: 2, current: 8, busy: 8, please increase LSAPI_CHILDREN.
[UID:2229][283708] Reached max children process limit: 6, extra: 2, current: 8, busy: 8, please increase LSAPI_CHILDREN.
[UID:2229][283708] Reached max children process limit: 6, extra: 2, current: 8, busy: 8, please increase LSAPI_CHILDREN.
[UID:2229][283708] Reached max children process limit: 6, extra: 2, current: 8, busy: 8, please increase LSAPI_CHILDREN.
[UID:2229][283708] Reached max children process limit: 6, extra: 2, current: 8, busy: 8, please increase LSAPI_CHILDREN.
[UID:2229][283708] Reached max children process limit: 6, extra: 2, current: 8, busy: 8, please increase LSAPI_CHILDREN.
[UID:2229][283708] Reached max children process limit: 6, extra: 2, current: 8, busy: 8, please increase LSAPI_CHILDREN.
[UID:2229][283708] Reached max children process limit: 6, extra: 2, current: 8, busy: 7, please increase LSAPI_CHILDREN.
Not Found: /static/images/hero-banner.jpg
Not Found: /static/images/hero-banner.jpg
Not Found: /static/images/hero-banner.jpg
Not Found: /static/images/hero-banner.jpg
Invalid HTTP_HOST header: 'chitwanremoval.com.au.studiorishav.com'. You may need to add 'chitwanremoval.com.au.studiorishav.com' to ALLOWED_HOSTS.
Traceback (most recent call last):
  File "/home1/studiori/virtualenv/chitwanremoval.com.au/chitwan_removal/3.10/lib/python3.10/site-packages/django/core/handlers/exception.py", line 55, in inner
    response = get_response(request)
  File "/home1/studiori/virtualenv/chitwanremoval.com.au/chitwan_removal/3.10/lib/python3.10/site-packages/django/utils/deprecation.py", line 119, in __call__
    response = self.process_request(request)
  File "/home1/studiori/virtualenv/chitwanremoval.com.au/chitwan_removal/3.10/lib/python3.10/site-packages/django/middleware/common.py", line 48, in process_request
    host = request.get_host()
  File "/home1/studiori/virtualenv/chitwanremoval.com.au/chitwan_removal/3.10/lib/python3.10/site-packages/django/http/request.py", line 203, in get_host
    raise DisallowedHost(msg)
django.core.exceptions.DisallowedHost: Invalid HTTP_HOST header: 'chitwanremoval.com.au.studiorishav.com'. You may need to add 'chitwanremoval.com.au.studiorishav.com' to ALLOWED_HOSTS.
Invalid HTTP_HOST header: 'chitwanremoval.com.au.studiorishav.com'. You may need to add 'chitwanremoval.com.au.studiorishav.com' to ALLOWED_HOSTS.
Traceback (most recent call last):
  File "/home1/studiori/virtualenv/chitwanremoval.com.au/chitwan_removal/3.10/lib/python3.10/site-packages/django/core/handlers/exception.py", line 55, in inner
    response = get_response(request)
  File "/home1/studiori/virtualenv/chitwanremoval.com.au/chitwan_removal/3.10/lib/python3.10/site-packages/django/utils/deprecation.py", line 119, in __call__
    response = self.process_request(request)
  File "/home1/studiori/virtualenv/chitwanremoval.com.au/chitwan_removal/3.10/lib/python3.10/site-packages/django/middleware/common.py", line 48, in process_request
    host = request.get_host()
  File "/home1/studiori/virtualenv/chitwanremoval.com.au/chitwan_removal/3.10/lib/python3.10/site-packages/django/http/request.py", line 203, in get_host
    raise DisallowedHost(msg)
django.core.exceptions.DisallowedHost: Invalid HTTP_HOST header: 'chitwanremoval.com.au.studiorishav.com'. You may need to add 'chitwanremoval.com.au.studiorishav.com' to ALLOWED_HOSTS.
Invalid HTTP_HOST header: 'www.chitwanremoval.com.au.studiorishav.com'. You may need to add 'www.chitwanremoval.com.au.studiorishav.com' to ALLOWED_HOSTS.
Traceback (most recent call last):
  File "/home1/studiori/virtualenv/chitwanremoval.com.au/chitwan_removal/3.10/lib/python3.10/site-packages/django/core/handlers/exception.py", line 55, in inner
    response = get_response(request)
  File "/home1/studiori/virtualenv/chitwanremoval.com.au/chitwan_removal/3.10/lib/python3.10/site-packages/django/utils/deprecation.py", line 119, in __call__
    response = self.process_request(request)
  File "/home1/studiori/virtualenv/chitwanremoval.com.au/chitwan_removal/3.10/lib/python3.10/site-packages/django/middleware/common.py", line 48, in process_request
    host = request.get_host()
  File "/home1/studiori/virtualenv/chitwanremoval.com.au/chitwan_removal/3.10/lib/python3.10/site-packages/django/http/request.py", line 203, in get_host
    raise DisallowedHost(msg)
django.core.exceptions.DisallowedHost: Invalid HTTP_HOST header: 'www.chitwanremoval.com.au.studiorishav.com'. You may need to add 'www.chitwanremoval.com.au.studiorishav.com' to ALLOWED_HOSTS.
Invalid HTTP_HOST header: 'www.chitwanremoval.com.au.studiorishav.com'. You may need to add 'www.chitwanremoval.com.au.studiorishav.com' to ALLOWED_HOSTS.
Traceback (most recent call last):
  File "/home1/studiori/virtualenv/chitwanremoval.com.au/chitwan_removal/3.10/lib/python3.10/site-packages/django/core/handlers/exception.py", line 55, in inner
    response = get_response(request)
  File "/home1/studiori/virtualenv/chitwanremoval.com.au/chitwan_removal/3.10/lib/python3.10/site-packages/django/utils/deprecation.py", line 119, in __call__
    response = self.process_request(request)
  File "/home1/studiori/virtualenv/chitwanremoval.com.au/chitwan_removal/3.10/lib/python3.10/site-packages/django/middleware/common.py", line 48, in process_request
    host = request.get_host()
  File "/home1/studiori/virtualenv/chitwanremoval.com.au/chitwan_removal/3.10/lib/python3.10/site-packages/django/http/request.py", line 203, in get_host
    raise DisallowedHost(msg)
django.core.exceptions.DisallowedHost: Invalid HTTP_HOST header: 'www.chitwanremoval.com.au.studiorishav.com'. You may need to add 'www.chitwanremoval.com.au.studiorishav.com' to ALLOWED_HOSTS.
Invalid HTTP_HOST header: 'www.chitwanremoval.com.au.studiorishav.com'. You may need to add 'www.chitwanremoval.com.au.studiorishav.com' to ALLOWED_HOSTS.
Traceback (most recent call last):
  File "/home1/studiori/virtualenv/chitwanremoval.com.au/chitwan_removal/3.10/lib/python3.10/site-packages/django/core/handlers/exception.py", line 55, in inner
    response = get_response(request)
  File "/home1/studiori/virtualenv/chitwanremoval.com.au/chitwan_removal/3.10/lib/python3.10/site-packages/django/utils/deprecation.py", line 119, in __call__
    response = self.process_request(request)
  File "/home1/studiori/virtualenv/chitwanremoval.com.au/chitwan_removal/3.10/lib/python3.10/site-packages/django/middleware/common.py", line 48, in process_request
    host = request.get_host()
  File "/home1/studiori/virtualenv/chitwanremoval.com.au/chitwan_removal/3.10/lib/python3.10/site-packages/django/http/request.py", line 203, in get_host
    raise DisallowedHost(msg)
django.core.exceptions.DisallowedHost: Invalid HTTP_HOST header: 'www.chitwanremoval.com.au.studiorishav.com'. You may need to add 'www.chitwanremoval.com.au.studiorishav.com' to ALLOWED_HOSTS.
Not Found: /static/images/interstate_moves.jpeg
Not Found: /static/images/hero-banner.jpg
Not Found: /robots.txt
Invalid HTTP_HOST header: 'www.chitwanremoval.com.au.studiorishav.com'. You may need to add 'www.chitwanremoval.com.au.studiorishav.com' to ALLOWED_HOSTS.
Traceback (most recent call last):
  File "/home1/studiori/virtualenv/chitwanremoval.com.au/chitwan_removal/3.10/lib/python3.10/site-packages/django/core/handlers/exception.py", line 55, in inner
    response = get_response(request)
  File "/home1/studiori/virtualenv/chitwanremoval.com.au/chitwan_removal/3.10/lib/python3.10/site-packages/django/utils/deprecation.py", line 119, in __call__
    response = self.process_request(request)
  File "/home1/studiori/virtualenv/chitwanremoval.com.au/chitwan_removal/3.10/lib/python3.10/site-packages/django/middleware/common.py", line 48, in process_request
    host = request.get_host()
  File "/home1/studiori/virtualenv/chitwanremoval.com.au/chitwan_removal/3.10/lib/python3.10/site-packages/django/http/request.py", line 203, in get_host
    raise DisallowedHost(msg)
django.core.exceptions.DisallowedHost: Invalid HTTP_HOST header: 'www.chitwanremoval.com.au.studiorishav.com'. You may need to add 'www.chitwanremoval.com.au.studiorishav.com' to ALLOWED_HOSTS.
Invalid HTTP_HOST header: 'www.chitwanremoval.com.au.studiorishav.com'. You may need to add 'www.chitwanremoval.com.au.studiorishav.com' to ALLOWED_HOSTS.
Traceback (most recent call last):
  File "/home1/studiori/virtualenv/chitwanremoval.com.au/chitwan_removal/3.10/lib/python3.10/site-packages/django/core/handlers/exception.py", line 55, in inner
    response = get_response(request)
  File "/home1/studiori/virtualenv/chitwanremoval.com.au/chitwan_removal/3.10/lib/python3.10/site-packages/django/utils/deprecation.py", line 119, in __call__
    response = self.process_request(request)
  File "/home1/studiori/virtualenv/chitwanremoval.com.au/chitwan_removal/3.10/lib/python3.10/site-packages/django/middleware/common.py", line 48, in process_request
    host = request.get_host()
  File "/home1/studiori/virtualenv/chitwanremoval.com.au/chitwan_removal/3.10/lib/python3.10/site-packages/django/http/request.py", line 203, in get_host
    raise DisallowedHost(msg)
django.core.exceptions.DisallowedHost: Invalid HTTP_HOST header: 'www.chitwanremoval.com.au.studiorishav.com'. You may need to add 'www.chitwanremoval.com.au.studiorishav.com' to ALLOWED_HOSTS.
Invalid HTTP_HOST header: 'www.chitwanremoval.com.au.studiorishav.com'. You may need to add 'www.chitwanremoval.com.au.studiorishav.com' to ALLOWED_HOSTS.
Traceback (most recent call last):
  File "/home1/studiori/virtualenv/chitwanremoval.com.au/chitwan_removal/3.10/lib/python3.10/site-packages/django/core/handlers/exception.py", line 55, in inner
    response = get_response(request)
  File "/home1/studiori/virtualenv/chitwanremoval.com.au/chitwan_removal/3.10/lib/python3.10/site-packages/django/utils/deprecation.py", line 119, in __call__
    response = self.process_request(request)
  File "/home1/studiori/virtualenv/chitwanremoval.com.au/chitwan_removal/3.10/lib/python3.10/site-packages/django/middleware/common.py", line 48, in process_request
    host = request.get_host()
  File "/home1/studiori/virtualenv/chitwanremoval.com.au/chitwan_removal/3.10/lib/python3.10/site-packages/django/http/request.py", line 203, in get_host
    raise DisallowedHost(msg)
django.core.exceptions.DisallowedHost: Invalid HTTP_HOST header: 'www.chitwanremoval.com.au.studiorishav.com'. You may need to add 'www.chitwanremoval.com.au.studiorishav.com' to ALLOWED_HOSTS.
Invalid HTTP_HOST header: 'www.chitwanremoval.com.au.studiorishav.com'. You may need to add 'www.chitwanremoval.com.au.studiorishav.com' to ALLOWED_HOSTS.
Traceback (most recent call last):
  File "/home1/studiori/virtualenv/chitwanremoval.com.au/chitwan_removal/3.10/lib/python3.10/site-packages/django/core/handlers/exception.py", line 55, in inner
    response = get_response(request)
  File "/home1/studiori/virtualenv/chitwanremoval.com.au/chitwan_removal/3.10/lib/python3.10/site-packages/django/utils/deprecation.py", line 119, in __call__
    response = self.process_request(request)
  File "/home1/studiori/virtualenv/chitwanremoval.com.au/chitwan_removal/3.10/lib/python3.10/site-packages/django/middleware/common.py", line 48, in process_request
    host = request.get_host()
  File "/home1/studiori/virtualenv/chitwanremoval.com.au/chitwan_removal/3.10/lib/python3.10/site-packages/django/http/request.py", line 203, in get_host
    raise DisallowedHost(msg)
django.core.exceptions.DisallowedHost: Invalid HTTP_HOST header: 'www.chitwanremoval.com.au.studiorishav.com'. You may need to add 'www.chitwanremoval.com.au.studiorishav.com' to ALLOWED_HOSTS.
Invalid HTTP_HOST header: 'www.chitwanremoval.com.au.studiorishav.com'. You may need to add 'www.chitwanremoval.com.au.studiorishav.com' to ALLOWED_HOSTS.
Traceback (most recent call last):
  File "/home1/studiori/virtualenv/chitwanremoval.com.au/chitwan_removal/3.10/lib/python3.10/site-packages/django/core/handlers/exception.py", line 55, in inner
    response = get_response(request)
  File "/home1/studiori/virtualenv/chitwanremoval.com.au/chitwan_removal/3.10/lib/python3.10/site-packages/django/utils/deprecation.py", line 119, in __call__
    response = self.process_request(request)
  File "/home1/studiori/virtualenv/chitwanremoval.com.au/chitwan_removal/3.10/lib/python3.10/site-packages/django/middleware/common.py", line 48, in process_request
    host = request.get_host()
  File "/home1/studiori/virtualenv/chitwanremoval.com.au/chitwan_removal/3.10/lib/python3.10/site-packages/django/http/request.py", line 203, in get_host
    raise DisallowedHost(msg)
django.core.exceptions.DisallowedHost: Invalid HTTP_HOST header: 'www.chitwanremoval.com.au.studiorishav.com'. You may need to add 'www.chitwanremoval.com.au.studiorishav.com' to ALLOWED_HOSTS.
Invalid HTTP_HOST header: 'www.chitwanremoval.com.au.studiorishav.com'. You may need to add 'www.chitwanremoval.com.au.studiorishav.com' to ALLOWED_HOSTS.
Traceback (most recent call last):
  File "/home1/studiori/virtualenv/chitwanremoval.com.au/chitwan_removal/3.10/lib/python3.10/site-packages/django/core/handlers/exception.py", line 55, in inner
    response = get_response(request)
  File "/home1/studiori/virtualenv/chitwanremoval.com.au/chitwan_removal/3.10/lib/python3.10/site-packages/django/utils/deprecation.py", line 119, in __call__
    response = self.process_request(request)
  File "/home1/studiori/virtualenv/chitwanremoval.com.au/chitwan_removal/3.10/lib/python3.10/site-packages/django/middleware/common.py", line 48, in process_request
    host = request.get_host()
  File "/home1/studiori/virtualenv/chitwanremoval.com.au/chitwan_removal/3.10/lib/python3.10/site-packages/django/http/request.py", line 203, in get_host
    raise DisallowedHost(msg)
django.core.exceptions.DisallowedHost: Invalid HTTP_HOST header: 'www.chitwanremoval.com.au.studiorishav.com'. You may need to add 'www.chitwanremoval.com.au.studiorishav.com' to ALLOWED_HOSTS.
Not Found: /wp-json/
Not Found: /wp-json/
Invalid HTTP_HOST header: 'chitwanremoval.com.au.studiorishav.com'. You may need to add 'chitwanremoval.com.au.studiorishav.com' to ALLOWED_HOSTS.
Traceback (most recent call last):
  File "/home1/studiori/virtualenv/chitwanremoval.com.au/chitwan_removal/3.10/lib/python3.10/site-packages/django/core/handlers/exception.py", line 55, in inner
    response = get_response(request)
  File "/home1/studiori/virtualenv/chitwanremoval.com.au/chitwan_removal/3.10/lib/python3.10/site-packages/django/utils/deprecation.py", line 119, in __call__
    response = self.process_request(request)
  File "/home1/studiori/virtualenv/chitwanremoval.com.au/chitwan_removal/3.10/lib/python3.10/site-packages/django/middleware/common.py", line 48, in process_request
    host = request.get_host()
  File "/home1/studiori/virtualenv/chitwanremoval.com.au/chitwan_removal/3.10/lib/python3.10/site-packages/django/http/request.py", line 203, in get_host
    raise DisallowedHost(msg)
django.core.exceptions.DisallowedHost: Invalid HTTP_HOST header: 'chitwanremoval.com.au.studiorishav.com'. You may need to add 'chitwanremoval.com.au.studiorishav.com' to ALLOWED_HOSTS.
Invalid HTTP_HOST header: 'chitwanremoval.com.au.studiorishav.com'. You may need to add 'chitwanremoval.com.au.studiorishav.com' to ALLOWED_HOSTS.
Traceback (most recent call last):
  File "/home1/studiori/virtualenv/chitwanremoval.com.au/chitwan_removal/3.10/lib/python3.10/site-packages/django/core/handlers/exception.py", line 55, in inner
    response = get_response(request)
  File "/home1/studiori/virtualenv/chitwanremoval.com.au/chitwan_removal/3.10/lib/python3.10/site-packages/django/utils/deprecation.py", line 119, in __call__
    response = self.process_request(request)
  File "/home1/studiori/virtualenv/chitwanremoval.com.au/chitwan_removal/3.10/lib/python3.10/site-packages/django/middleware/common.py", line 48, in process_request
    host = request.get_host()
  File "/home1/studiori/virtualenv/chitwanremoval.com.au/chitwan_removal/3.10/lib/python3.10/site-packages/django/http/request.py", line 203, in get_host
    raise DisallowedHost(msg)
django.core.exceptions.DisallowedHost: Invalid HTTP_HOST header: 'chitwanremoval.com.au.studiorishav.com'. You may need to add 'chitwanremoval.com.au.studiorishav.com' to ALLOWED_HOSTS.
Invalid HTTP_HOST header: 'chitwanremoval.com.au.studiorishav.com'. You may need to add 'chitwanremoval.com.au.studiorishav.com' to ALLOWED_HOSTS.
Traceback (most recent call last):
  File "/home1/studiori/virtualenv/chitwanremoval.com.au/chitwan_removal/3.10/lib/python3.10/site-packages/django/core/handlers/exception.py", line 55, in inner
    response = get_response(request)
  File "/home1/studiori/virtualenv/chitwanremoval.com.au/chitwan_removal/3.10/lib/python3.10/site-packages/django/utils/deprecation.py", line 119, in __call__
    response = self.process_request(request)
  File "/home1/studiori/virtualenv/chitwanremoval.com.au/chitwan_removal/3.10/lib/python3.10/site-packages/django/middleware/common.py", line 48, in process_request
    host = request.get_host()
  File "/home1/studiori/virtualenv/chitwanremoval.com.au/chitwan_removal/3.10/lib/python3.10/site-packages/django/http/request.py", line 203, in get_host
    raise DisallowedHost(msg)
django.core.exceptions.DisallowedHost: Invalid HTTP_HOST header: 'chitwanremoval.com.au.studiorishav.com'. You may need to add 'chitwanremoval.com.au.studiorishav.com' to ALLOWED_HOSTS.
Invalid HTTP_HOST header: 'www.chitwanremoval.com.au.studiorishav.com'. You may need to add 'www.chitwanremoval.com.au.studiorishav.com' to ALLOWED_HOSTS.
Traceback (most recent call last):
  File "/home1/studiori/virtualenv/chitwanremoval.com.au/chitwan_removal/3.10/lib/python3.10/site-packages/django/core/handlers/exception.py", line 55, in inner
    response = get_response(request)
  File "/home1/studiori/virtualenv/chitwanremoval.com.au/chitwan_removal/3.10/lib/python3.10/site-packages/django/utils/deprecation.py", line 119, in __call__
    response = self.process_request(request)
  File "/home1/studiori/virtualenv/chitwanremoval.com.au/chitwan_removal/3.10/lib/python3.10/site-packages/django/middleware/common.py", line 48, in process_request
    host = request.get_host()
  File "/home1/studiori/virtualenv/chitwanremoval.com.au/chitwan_removal/3.10/lib/python3.10/site-packages/django/http/request.py", line 203, in get_host
    raise DisallowedHost(msg)
django.core.exceptions.DisallowedHost: Invalid HTTP_HOST header: 'www.chitwanremoval.com.au.studiorishav.com'. You may need to add 'www.chitwanremoval.com.au.studiorishav.com' to ALLOWED_HOSTS.
Not Found: /robots.txt
Invalid HTTP_HOST header: 'chitwanremoval.com.au.studiorishav.com'. You may need to add 'chitwanremoval.com.au.studiorishav.com' to ALLOWED_HOSTS.
Traceback (most recent call last):
  File "/home1/studiori/virtualenv/chitwanremoval.com.au/chitwan_removal/3.10/lib/python3.10/site-packages/django/core/handlers/exception.py", line 55, in inner
    response = get_response(request)
  File "/home1/studiori/virtualenv/chitwanremoval.com.au/chitwan_removal/3.10/lib/python3.10/site-packages/django/utils/deprecation.py", line 119, in __call__
    response = self.process_request(request)
  File "/home1/studiori/virtualenv/chitwanremoval.com.au/chitwan_removal/3.10/lib/python3.10/site-packages/django/middleware/common.py", line 48, in process_request
    host = request.get_host()
  File "/home1/studiori/virtualenv/chitwanremoval.com.au/chitwan_removal/3.10/lib/python3.10/site-packages/django/http/request.py", line 203, in get_host
    raise DisallowedHost(msg)
django.core.exceptions.DisallowedHost: Invalid HTTP_HOST header: 'chitwanremoval.com.au.studiorishav.com'. You may need to add 'chitwanremoval.com.au.studiorishav.com' to ALLOWED_HOSTS.
Invalid HTTP_HOST header: 'www.chitwanremoval.com.au.studiorishav.com'. You may need to add 'www.chitwanremoval.com.au.studiorishav.com' to ALLOWED_HOSTS.
Traceback (most recent call last):
  File "/home1/studiori/virtualenv/chitwanremoval.com.au/chitwan_removal/3.10/lib/python3.10/site-packages/django/core/handlers/exception.py", line 55, in inner
    response = get_response(request)
  File "/home1/studiori/virtualenv/chitwanremoval.com.au/chitwan_removal/3.10/lib/python3.10/site-packages/django/utils/deprecation.py", line 119, in __call__
    response = self.process_request(request)
  File "/home1/studiori/virtualenv/chitwanremoval.com.au/chitwan_removal/3.10/lib/python3.10/site-packages/django/middleware/common.py", line 48, in process_request
    host = request.get_host()
  File "/home1/studiori/virtualenv/chitwanremoval.com.au/chitwan_removal/3.10/lib/python3.10/site-packages/django/http/request.py", line 203, in get_host
    raise DisallowedHost(msg)
django.core.exceptions.DisallowedHost: Invalid HTTP_HOST header: 'www.chitwanremoval.com.au.studiorishav.com'. You may need to add 'www.chitwanremoval.com.au.studiorishav.com' to ALLOWED_HOSTS.
Not Found: /plugins/editors/jce/jce.xml
Not Found: /administrator/components/com_jce/
Not Found: /media/system/js/core.js
Not Found: /media/jui/js/bootstrap.min.js
Not Found: /media/vendor/jquery/js/jquery.min.js
Not Found: /wp-admin/admin-ajax.php
[UID:2229][1833649] packetLen < 0
Not Found: /wp-content/plugins/wp_xwapysf/wp_xwapysf.php
Not Found: /wp-content/plugins/wp_xwapysf/wp_xwapysf.php
Not Found: /wp-content/plugins/wp_xwapysf/wp_xwapysf.php
Not Found: /wp-content/plugins/wp_xwapysf/wp_xwapysf.php
Not Found: /wp-content/plugins/wp_xwapysf/wp_xwapysf.php
Invalid HTTP_HOST header: 'www.chitwanremoval.com.au.studiorishav.com'. You may need to add 'www.chitwanremoval.com.au.studiorishav.com' to ALLOWED_HOSTS.
Traceback (most recent call last):
  File "/home1/studiori/virtualenv/chitwanremoval.com.au/chitwan_removal/3.10/lib/python3.10/site-packages/django/core/handlers/exception.py", line 55, in inner
    response = get_response(request)
  File "/home1/studiori/virtualenv/chitwanremoval.com.au/chitwan_removal/3.10/lib/python3.10/site-packages/django/utils/deprecation.py", line 119, in __call__
    response = self.process_request(request)
  File "/home1/studiori/virtualenv/chitwanremoval.com.au/chitwan_removal/3.10/lib/python3.10/site-packages/django/middleware/common.py", line 48, in process_request
    host = request.get_host()
  File "/home1/studiori/virtualenv/chitwanremoval.com.au/chitwan_removal/3.10/lib/python3.10/site-packages/django/http/request.py", line 203, in get_host
    raise DisallowedHost(msg)
django.core.exceptions.DisallowedHost: Invalid HTTP_HOST header: 'www.chitwanremoval.com.au.studiorishav.com'. You may need to add 'www.chitwanremoval.com.au.studiorishav.com' to ALLOWED_HOSTS.
Not Found: /wp-includes/css/buttons.css
Not Found: /media/system/js/core.js
Not Found: /favicon.ico
Not Found: /wp-json/
Not Found: /wp-json/
Not Found: /auth
Invalid HTTP_HOST header: 'chitwanremoval.com.au.studiorishav.com'. You may need to add 'chitwanremoval.com.au.studiorishav.com' to ALLOWED_HOSTS.
Traceback (most recent call last):
  File "/home1/studiori/virtualenv/chitwanremoval.com.au/chitwan_removal/3.10/lib/python3.10/site-packages/django/core/handlers/exception.py", line 55, in inner
    response = get_response(request)
  File "/home1/studiori/virtualenv/chitwanremoval.com.au/chitwan_removal/3.10/lib/python3.10/site-packages/django/utils/deprecation.py", line 119, in __call__
    response = self.process_request(request)
  File "/home1/studiori/virtualenv/chitwanremoval.com.au/chitwan_removal/3.10/lib/python3.10/site-packages/django/middleware/common.py", line 48, in process_request
    host = request.get_host()
  File "/home1/studiori/virtualenv/chitwanremoval.com.au/chitwan_removal/3.10/lib/python3.10/site-packages/django/http/request.py", line 203, in get_host
    raise DisallowedHost(msg)
django.core.exceptions.DisallowedHost: Invalid HTTP_HOST header: 'chitwanremoval.com.au.studiorishav.com'. You may need to add 'chitwanremoval.com.au.studiorishav.com' to ALLOWED_HOSTS.
Not Found: /wp-login.php
Invalid HTTP_HOST header: 'chitwanremoval.com.au.studiorishav.com'. You may need to add 'chitwanremoval.com.au.studiorishav.com' to ALLOWED_HOSTS.
Traceback (most recent call last):
  File "/home1/studiori/virtualenv/chitwanremoval.com.au/chitwan_removal/3.10/lib/python3.10/site-packages/django/core/handlers/exception.py", line 55, in inner
    response = get_response(request)
  File "/home1/studiori/virtualenv/chitwanremoval.com.au/chitwan_removal/3.10/lib/python3.10/site-packages/django/utils/deprecation.py", line 119, in __call__
    response = self.process_request(request)
  File "/home1/studiori/virtualenv/chitwanremoval.com.au/chitwan_removal/3.10/lib/python3.10/site-packages/django/middleware/common.py", line 48, in process_request
    host = request.get_host()
  File "/home1/studiori/virtualenv/chitwanremoval.com.au/chitwan_removal/3.10/lib/python3.10/site-packages/django/http/request.py", line 203, in get_host
    raise DisallowedHost(msg)
django.core.exceptions.DisallowedHost: Invalid HTTP_HOST header: 'chitwanremoval.com.au.studiorishav.com'. You may need to add 'chitwanremoval.com.au.studiorishav.com' to ALLOWED_HOSTS.
Not Found: /static/images/interstate_moves.jpeg
Not Found: /static/images/interstate_moves.jpeg
Not Found: /static/images/interstate_moves.jpeg
Not Found: /static/images/interstate_moves.jpeg
Not Found: /static/images/interstate_moves.jpeg
Invalid HTTP_HOST header: 'chitwanremoval.com.au.studiorishav.com'. You may need to add 'chitwanremoval.com.au.studiorishav.com' to ALLOWED_HOSTS.
Traceback (most recent call last):
  File "/home1/studiori/virtualenv/chitwanremoval.com.au/chitwan_removal/3.10/lib/python3.10/site-packages/django/core/handlers/exception.py", line 55, in inner
    response = get_response(request)
  File "/home1/studiori/virtualenv/chitwanremoval.com.au/chitwan_removal/3.10/lib/python3.10/site-packages/django/utils/deprecation.py", line 119, in __call__
    response = self.process_request(request)
  File "/home1/studiori/virtualenv/chitwanremoval.com.au/chitwan_removal/3.10/lib/python3.10/site-packages/django/middleware/common.py", line 48, in process_request
    host = request.get_host()
  File "/home1/studiori/virtualenv/chitwanremoval.com.au/chitwan_removal/3.10/lib/python3.10/site-packages/django/http/request.py", line 203, in get_host
    raise DisallowedHost(msg)
django.core.exceptions.DisallowedHost: Invalid HTTP_HOST header: 'chitwanremoval.com.au.studiorishav.com'. You may need to add 'chitwanremoval.com.au.studiorishav.com' to ALLOWED_HOSTS.
Invalid HTTP_HOST header: 'www.chitwanremoval.com.au.studiorishav.com'. You may need to add 'www.chitwanremoval.com.au.studiorishav.com' to ALLOWED_HOSTS.
Traceback (most recent call last):
  File "/home1/studiori/virtualenv/chitwanremoval.com.au/chitwan_removal/3.10/lib/python3.10/site-packages/django/core/handlers/exception.py", line 55, in inner
    response = get_response(request)
  File "/home1/studiori/virtualenv/chitwanremoval.com.au/chitwan_removal/3.10/lib/python3.10/site-packages/django/utils/deprecation.py", line 119, in __call__
    response = self.process_request(request)
  File "/home1/studiori/virtualenv/chitwanremoval.com.au/chitwan_removal/3.10/lib/python3.10/site-packages/django/middleware/common.py", line 48, in process_request
    host = request.get_host()
  File "/home1/studiori/virtualenv/chitwanremoval.com.au/chitwan_removal/3.10/lib/python3.10/site-packages/django/http/request.py", line 203, in get_host
    raise DisallowedHost(msg)
django.core.exceptions.DisallowedHost: Invalid HTTP_HOST header: 'www.chitwanremoval.com.au.studiorishav.com'. You may need to add 'www.chitwanremoval.com.au.studiorishav.com' to ALLOWED_HOSTS.
Not Found: /static/images/interstate_moves.jpeg
Not Found: /static/images/hero-banner.jpg
Not Found: /static/images/interstate_moves.jpeg
Not Found: /static/images/interstate_moves.jpeg
Not Found: /static/images/interstate_moves.jpeg
Not Found: /static/images/interstate_moves.jpeg
Not Found: /static/images/interstate_moves.jpeg
Not Found: /static/images/interstate_moves.jpeg
[UID:2229][1243581] Child process with pid: 1243718 was killed by signal: 15, core dumped: no
OSError: LSAPI: File error
[UID:2229][1243581] Child process with pid: 1244203 was killed by signal: 15, core dumped: no
Not Found: /static/images/interstate_moves.jpeg
[UID:2229][1243581] Child process with pid: 1244145 was killed by signal: 15, core dumped: no
Not Found: /static/images/interstate_moves.jpeg
Not Found: /static/images/interstate_moves.jpeg
Not Found: /static/images/interstate_moves.jpeg
Not Found: /static/images/interstate_moves.jpeg
[UID:2229][1261343] Reached max children process limit: 6, extra: 2, current: 8, busy: 7, please increase LSAPI_CHILDREN.
OSError: LSAPI: File error
OSError: LSAPI: File error
OSError: LSAPI: File error
OSError: LSAPI: File error
OSError: LSAPI: File error
OSError: LSAPI: File error
OSError: LSAPI: File error
OSError: LSAPI: File error
Not Found: /static/images/interstate_moves.jpeg
Not Found: /static/images/interstate_moves.jpeg
Not Found: /static/images/interstate_moves.jpeg
Not Found: /static/images/interstate_moves.jpeg
Not Found: /static/images/interstate_moves.jpeg
Not Found: /static/images/interstate_moves.jpeg
Not Found: /static/images/interstate_moves.jpeg
Not Found: /static/images/interstate_moves.jpeg
[UID:2229][1360919] Child process with pid: 1362485 was killed by signal: 15, core dumped: no
Not Found: /static/images/interstate_moves.jpeg
[UID:2229][1360919] Child process with pid: 1361644 was killed by signal: 15, core dumped: no
Not Found: /static/images/interstate_moves.jpeg
[UID:2229][1360919] Child process with pid: 1361437 was killed by signal: 15, core dumped: no
Not Found: /static/images/interstate_moves.jpeg
Not Found: /static/images/interstate_moves.jpeg
Not Found: /static/images/interstate_moves.jpeg
Not Found: /static/images/interstate_moves.jpeg
Not Found: /static/images/interstate_moves.jpeg
Not Found: /static/images/interstate_moves.jpeg
Not Found: /static/images/interstate_moves.jpeg
Not Found: /static/images/interstate_moves.jpeg
Not Found: /static/images/hero-banner.jpg
Not Found: /static/images/interstate_moves.jpeg
Not Found: /static/images/interstate_moves.jpeg
Invalid HTTP_HOST header: 'chitwanremoval.com.au.studiorishav.com'. You may need to add 'chitwanremoval.com.au.studiorishav.com' to ALLOWED_HOSTS.
Traceback (most recent call last):
  File "/home1/studiori/virtualenv/chitwanremoval.com.au/chitwan_removal/3.10/lib/python3.10/site-packages/django/core/handlers/exception.py", line 55, in inner
    response = get_response(request)
  File "/home1/studiori/virtualenv/chitwanremoval.com.au/chitwan_removal/3.10/lib/python3.10/site-packages/django/utils/deprecation.py", line 119, in __call__
    response = self.process_request(request)
  File "/home1/studiori/virtualenv/chitwanremoval.com.au/chitwan_removal/3.10/lib/python3.10/site-packages/django/middleware/common.py", line 48, in process_request
    host = request.get_host()
  File "/home1/studiori/virtualenv/chitwanremoval.com.au/chitwan_removal/3.10/lib/python3.10/site-packages/django/http/request.py", line 203, in get_host
    raise DisallowedHost(msg)
django.core.exceptions.DisallowedHost: Invalid HTTP_HOST header: 'chitwanremoval.com.au.studiorishav.com'. You may need to add 'chitwanremoval.com.au.studiorishav.com' to ALLOWED_HOSTS.
Not Found: /static/images/interstate_moves.jpeg
Not Found: /static/images/interstate_moves.jpeg
[UID:2229][2798073] Reached max children process limit: 6, extra: 2, current: 8, busy: 7, please increase LSAPI_CHILDREN.
[UID:2229][2798073] Reached max children process limit: 6, extra: 2, current: 8, busy: 8, please increase LSAPI_CHILDREN.
[UID:2229][2798073] Reached max children process limit: 6, extra: 2, current: 8, busy: 8, please increase LSAPI_CHILDREN.
[UID:2229][2798073] Reached max children process limit: 6, extra: 2, current: 8, busy: 8, please increase LSAPI_CHILDREN.
[UID:2229][2798073] Reached max children process limit: 6, extra: 2, current: 8, busy: 8, please increase LSAPI_CHILDREN.
[UID:2229][2798073] Reached max children process limit: 6, extra: 2, current: 8, busy: 8, please increase LSAPI_CHILDREN.
[UID:2229][2798073] Reached max children process limit: 6, extra: 2, current: 8, busy: 8, please increase LSAPI_CHILDREN.
[UID:2229][2798073] Reached max children process limit: 6, extra: 2, current: 8, busy: 8, please increase LSAPI_CHILDREN.
[UID:2229][2798073] Reached max children process limit: 6, extra: 2, current: 8, busy: 8, please increase LSAPI_CHILDREN.
[UID:2229][2798073] Reached max children process limit: 6, extra: 2, current: 8, busy: 8, please increase LSAPI_CHILDREN.
[UID:2229][2798073] Reached max children process limit: 6, extra: 2, current: 8, busy: 8, please increase LSAPI_CHILDREN.
[UID:2229][2798073] Reached max children process limit: 6, extra: 2, current: 8, busy: 8, please increase LSAPI_CHILDREN.
[UID:2229][2798073] Reached max children process limit: 6, extra: 2, current: 8, busy: 8, please increase LSAPI_CHILDREN.
[UID:2229][2798073] Reached max children process limit: 6, extra: 2, current: 8, busy: 8, please increase LSAPI_CHILDREN.
[UID:2229][2798073] Reached max children process limit: 6, extra: 2, current: 8, busy: 8, please increase LSAPI_CHILDREN.
[UID:2229][2798073] Reached max children process limit: 6, extra: 2, current: 8, busy: 8, please increase LSAPI_CHILDREN.
[UID:2229][2798073] Reached max children process limit: 6, extra: 2, current: 8, busy: 8, please increase LSAPI_CHILDREN.
[UID:2229][2798073] Reached max children process limit: 6, extra: 2, current: 8, busy: 8, please increase LSAPI_CHILDREN.
[UID:2229][2798073] Reached max children process limit: 6, extra: 2, current: 8, busy: 8, please increase LSAPI_CHILDREN.
[UID:2229][2798073] Reached max children process limit: 6, extra: 2, current: 8, busy: 7, please increase LSAPI_CHILDREN.
Not Found: /static/images/interstate_moves.jpeg
Not Found: /static/images/interstate_moves.jpeg
Not Found: /static/images/interstate_moves.jpeg
Not Found: /static/images/interstate_moves.jpeg
Not Found: /static/images/interstate_moves.jpeg
Not Found: /static/images/interstate_moves.jpeg
Not Found: /static/images/interstate_moves.jpeg
Not Found: /static/images/interstate_moves.jpeg
Not Found: /static/images/interstate_moves.jpeg
Not Found: /static/images/interstate_moves.jpeg
Not Found: /static/images/interstate_moves.jpeg
Not Found: /static/images/interstate_moves.jpeg
[UID:2229][3325784] Child process with pid: 3325815 was killed by signal: 15, core dumped: no
[UID:2229][3325784] Child process with pid: 3325809 was killed by signal: 15, core dumped: no
Not Found: /static/images/interstate_moves.jpeg
[UID:2229][3325784] Child process with pid: 3326203 was killed by signal: 15, core dumped: no
[UID:2229][3325784] Child process with pid: 3326204 was killed by signal: 15, core dumped: no
[UID:2229][3325784] Child process with pid: 3326190 was killed by signal: 15, core dumped: no
Not Found: /static/images/interstate_moves.jpeg
[UID:2229][3325784] Child process with pid: 3326207 was killed by signal: 15, core dumped: no
Not Found: /static/images/interstate_moves.jpeg
[UID:2229][3325784] Child process with pid: 3326191 was killed by signal: 15, core dumped: no
[UID:2229][3325784] Child process with pid: 3325814 was killed by signal: 15, core dumped: no
Not Found: /static/images/interstate_moves.jpeg
[UID:2229][3325784] Child process with pid: 3326208 was killed by signal: 15, core dumped: no
Not Found: /static/images/interstate_moves.jpeg
[UID:2229][3325784] Child process with pid: 3326235 was killed by signal: 15, core dumped: no
Not Found: /static/images/interstate_moves.jpeg
[UID:2229][3325784] Child process with pid: 3326293 was killed by signal: 15, core dumped: no
Not Found: /static/images/interstate_moves.jpeg
[UID:2229][3325784] Child process with pid: 3326295 was killed by signal: 15, core dumped: no
Not Found: /static/images/interstate_moves.jpeg
Not Found: /static/images/interstate_moves.jpeg
[UID:2229][3325784] Reached max children process limit: 6, extra: 2, current: 8, busy: 8, please increase LSAPI_CHILDREN.
[UID:2229][3325784] Reached max children process limit: 6, extra: 2, current: 8, busy: 8, please increase LSAPI_CHILDREN.
[UID:2229][3325784] Reached max children process limit: 6, extra: 2, current: 8, busy: 8, please increase LSAPI_CHILDREN.
[UID:2229][3325784] Reached max children process limit: 6, extra: 2, current: 8, busy: 8, please increase LSAPI_CHILDREN.
[UID:2229][3325784] Reached max children process limit: 6, extra: 2, current: 8, busy: 8, please increase LSAPI_CHILDREN.
[UID:2229][3325784] Reached max children process limit: 6, extra: 2, current: 8, busy: 8, please increase LSAPI_CHILDREN.
[UID:2229][3325784] Reached max children process limit: 6, extra: 2, current: 8, busy: 8, please increase LSAPI_CHILDREN.
[UID:2229][3325784] Reached max children process limit: 6, extra: 2, current: 8, busy: 8, please increase LSAPI_CHILDREN.
[UID:2229][3325784] Reached max children process limit: 6, extra: 2, current: 8, busy: 8, please increase LSAPI_CHILDREN.
[UID:2229][3325784] Reached max children process limit: 6, extra: 2, current: 8, busy: 8, please increase LSAPI_CHILDREN.
[UID:2229][3325784] Reached max children process limit: 6, extra: 2, current: 8, busy: 8, please increase LSAPI_CHILDREN.
[UID:2229][3325784] Reached max children process limit: 6, extra: 2, current: 8, busy: 8, please increase LSAPI_CHILDREN.
[UID:2229][3325784] Reached max children process limit: 6, extra: 2, current: 8, busy: 8, please increase LSAPI_CHILDREN.
[UID:2229][3325784] Reached max children process limit: 6, extra: 2, current: 8, busy: 8, please increase LSAPI_CHILDREN.
[UID:2229][3325784] Reached max children process limit: 6, extra: 2, current: 8, busy: 8, please increase LSAPI_CHILDREN.
[UID:2229][3325784] Reached max children process limit: 6, extra: 2, current: 8, busy: 8, please increase LSAPI_CHILDREN.
[UID:2229][3325784] Reached max children process limit: 6, extra: 2, current: 8, busy: 8, please increase LSAPI_CHILDREN.
[UID:2229][3325784] Reached max children process limit: 6, extra: 2, current: 8, busy: 8, please increase LSAPI_CHILDREN.
[UID:2229][3325784] Reached max children process limit: 6, extra: 2, current: 8, busy: 8, please increase LSAPI_CHILDREN.
Not Found: /static/images/interstate_moves.jpeg
Not Found: /static/images/interstate_moves.jpeg
Not Found: /static/images/interstate_moves.jpeg
Not Found: /static/images/interstate_moves.jpeg
Not Found: /static/images/interstate_moves.jpeg
[UID:2229][3372059] Child process with pid: 3383041 was killed by signal: 15, core dumped: no
[UID:2229][3372059] Child process with pid: 3383039 was killed by signal: 15, core dumped: no
[UID:2229][3372059] Child process with pid: 3382771 was killed by signal: 15, core dumped: no
[UID:2229][3372059] Child process with pid: 3383083 was killed by signal: 15, core dumped: no
[UID:2229][3372059] Child process with pid: 3383085 was killed by signal: 15, core dumped: no
[UID:2229][3372059] Child process with pid: 3383086 was killed by signal: 15, core dumped: no
OSError: LSAPI: File error
Not Found: /static/images/interstate_moves.jpeg
[UID:2229][3372059] Child process with pid: 3383474 was killed by signal: 15, core dumped: no
Not Found: /static/images/interstate_moves.jpeg
[UID:2229][3372059] Child process with pid: 3382779 was killed by signal: 15, core dumped: no
Not Found: /static/images/interstate_moves.jpeg
OSError: LSAPI: File error
[UID:2229][3372059] Child process with pid: 3384282 was killed by signal: 15, core dumped: no
[UID:2229][3372059] Child process with pid: 3382780 was killed by signal: 15, core dumped: no
[UID:2229][3372059] Child process with pid: 3383468 was killed by signal: 15, core dumped: no
[UID:2229][3372059] Child process with pid: 3383563 was killed by signal: 15, core dumped: no
Not Found: /static/images/interstate_moves.jpeg
Not Found: /static/images/interstate_moves.jpeg
Not Found: /static/images/interstate_moves.jpeg
Not Found: /static/images/interstate_moves.jpeg
Not Found: /static/images/interstate_moves.jpeg
Not Found: /static/images/interstate_moves.jpeg
Not Found: /static/images/interstate_moves.jpeg
Not Found: /static/images/interstate_moves.jpeg
Not Found: /static/images/interstate_moves.jpeg
Not Found: /static/images/interstate_moves.jpeg
Not Found: /static/images/interstate_moves.jpeg
Not Found: /static/images/interstate_moves.jpeg
[UID:2229][3509958] Reached max children process limit: 6, extra: 2, current: 8, busy: 7, please increase LSAPI_CHILDREN.
Not Found: /static/images/interstate_moves.jpeg
[UID:2229][3509958] Reached max children process limit: 6, extra: 2, current: 8, busy: 8, please increase LSAPI_CHILDREN.
[UID:2229][3509958] Reached max children process limit: 6, extra: 2, current: 8, busy: 8, please increase LSAPI_CHILDREN.
[UID:2229][3509958] Reached max children process limit: 6, extra: 2, current: 8, busy: 8, please increase LSAPI_CHILDREN.
[UID:2229][3509958] Reached max children process limit: 6, extra: 2, current: 8, busy: 8, please increase LSAPI_CHILDREN.
[UID:2229][3509958] Reached max children process limit: 6, extra: 2, current: 8, busy: 8, please increase LSAPI_CHILDREN.
[UID:2229][3509958] Reached max children process limit: 6, extra: 2, current: 8, busy: 8, please increase LSAPI_CHILDREN.
[UID:2229][3509958] Reached max children process limit: 6, extra: 2, current: 8, busy: 8, please increase LSAPI_CHILDREN.
[UID:2229][3509958] Reached max children process limit: 6, extra: 2, current: 8, busy: 8, please increase LSAPI_CHILDREN.
[UID:2229][3509958] Reached max children process limit: 6, extra: 2, current: 8, busy: 8, please increase LSAPI_CHILDREN.
[UID:2229][3509958] Reached max children process limit: 6, extra: 2, current: 8, busy: 8, please increase LSAPI_CHILDREN.
[UID:2229][3509958] Reached max children process limit: 6, extra: 2, current: 8, busy: 8, please increase LSAPI_CHILDREN.
[UID:2229][3509958] Reached max children process limit: 6, extra: 2, current: 8, busy: 8, please increase LSAPI_CHILDREN.
[UID:2229][3509958] Reached max children process limit: 6, extra: 2, current: 8, busy: 8, please increase LSAPI_CHILDREN.
[UID:2229][3509958] Reached max children process limit: 6, extra: 2, current: 8, busy: 8, please increase LSAPI_CHILDREN.
[UID:2229][3509958] Reached max children process limit: 6, extra: 2, current: 8, busy: 8, please increase LSAPI_CHILDREN.
[UID:2229][3509958] Reached max children process limit: 6, extra: 2, current: 8, busy: 8, please increase LSAPI_CHILDREN.
[UID:2229][3509958] Reached max children process limit: 6, extra: 2, current: 8, busy: 8, please increase LSAPI_CHILDREN.
[UID:2229][3509958] Reached max children process limit: 6, extra: 2, current: 8, busy: 8, please increase LSAPI_CHILDREN.
[UID:2229][3509958] Reached max children process limit: 6, extra: 2, current: 8, busy: 8, please increase LSAPI_CHILDREN.
[UID:2229][3509958] Reached max children process limit: 6, extra: 2, current: 8, busy: 8, please increase LSAPI_CHILDREN.
[UID:2229][3509958] Reached max children process limit: 6, extra: 2, current: 8, busy: 8, please increase LSAPI_CHILDREN.
[UID:2229][3509958] Reached max children process limit: 6, extra: 2, current: 8, busy: 7, please increase LSAPI_CHILDREN.
[UID:2229][3509958] Reached max children process limit: 6, extra: 2, current: 8, busy: 7, please increase LSAPI_CHILDREN.
Not Found: /static/images/interstate_moves.jpeg
Not Found: /favicon.ico
Not Found: /favicon.png
Not Found: /static/images/interstate_moves.jpeg
Not Found: /static/images/interstate_moves.jpeg
[UID:2229][3548224] Reached max children process limit: 6, extra: 2, current: 8, busy: 8, please increase LSAPI_CHILDREN.
[UID:2229][3548224] Reached max children process limit: 6, extra: 2, current: 8, busy: 8, please increase LSAPI_CHILDREN.
[UID:2229][3548224] Reached max children process limit: 6, extra: 2, current: 8, busy: 8, please increase LSAPI_CHILDREN.
[UID:2229][3548224] Reached max children process limit: 6, extra: 2, current: 8, busy: 8, please increase LSAPI_CHILDREN.
[UID:2229][3548224] Reached max children process limit: 6, extra: 2, current: 8, busy: 8, please increase LSAPI_CHILDREN.
[UID:2229][3548224] Reached max children process limit: 6, extra: 2, current: 8, busy: 8, please increase LSAPI_CHILDREN.
[UID:2229][3548224] Reached max children process limit: 6, extra: 2, current: 8, busy: 8, please increase LSAPI_CHILDREN.
[UID:2229][3548224] Reached max children process limit: 6, extra: 2, current: 8, busy: 8, please increase LSAPI_CHILDREN.
[UID:2229][3548224] Reached max children process limit: 6, extra: 2, current: 8, busy: 8, please increase LSAPI_CHILDREN.
Not Found: /favicon.ico
Not Found: /static/images/interstate_moves.jpeg
Not Found: /static/images/interstate_moves.jpeg
Not Found: /static/images/interstate_moves.jpeg
Not Found: /static/images/interstate_moves.jpeg
Not Found: /static/images/interstate_moves.jpeg
Not Found: /static/images/interstate_moves.jpeg
Not Found: /static/images/interstate_moves.jpeg
Not Found: /static/images/interstate_moves.jpeg
Not Found: /static/images/interstate_moves.jpeg
Not Found: /static/images/interstate_moves.jpeg
Not Found: /static/images/interstate_moves.jpeg
Not Found: /static/images/interstate_moves.jpeg
Not Found: /static/images/interstate_moves.jpeg
Not Found: /static/images/interstate_moves.jpeg
Not Found: /static/images/interstate_moves.jpeg
Not Found: /static/images/interstate_moves.jpeg
Not Found: /static/images/interstate_moves.jpeg
Not Found: /static/images/interstate_moves.jpeg
Not Found: /static/images/interstate_moves.jpeg
Not Found: /static/images/interstate_moves.jpeg
Not Found: /static/images/interstate_moves.jpeg
Not Found: /static/images/interstate_moves.jpeg
Not Found: /static/images/interstate_moves.jpeg
Not Found: /static/images/interstate_moves.jpeg
Not Found: /static/images/hero-banner.jpg
Not Found: /static/images/interstate_moves.jpeg
Not Found: /static/images/interstate_moves.jpeg
Not Found: /static/images/interstate_moves.jpeg
Invalid HTTP_HOST header: 'www.chitwanremoval.com.au.studiorishav.com'. You may need to add 'www.chitwanremoval.com.au.studiorishav.com' to ALLOWED_HOSTS.
Traceback (most recent call last):
  File "/home1/studiori/virtualenv/chitwanremoval.com.au/chitwan_removal/3.10/lib/python3.10/site-packages/django/core/handlers/exception.py", line 55, in inner
    response = get_response(request)
  File "/home1/studiori/virtualenv/chitwanremoval.com.au/chitwan_removal/3.10/lib/python3.10/site-packages/django/utils/deprecation.py", line 119, in __call__
    response = self.process_request(request)
  File "/home1/studiori/virtualenv/chitwanremoval.com.au/chitwan_removal/3.10/lib/python3.10/site-packages/django/middleware/common.py", line 48, in process_request
    host = request.get_host()
  File "/home1/studiori/virtualenv/chitwanremoval.com.au/chitwan_removal/3.10/lib/python3.10/site-packages/django/http/request.py", line 203, in get_host
    raise DisallowedHost(msg)
django.core.exceptions.DisallowedHost: Invalid HTTP_HOST header: 'www.chitwanremoval.com.au.studiorishav.com'. You may need to add 'www.chitwanremoval.com.au.studiorishav.com' to ALLOWED_HOSTS.
Invalid HTTP_HOST header: 'www.chitwanremoval.com.au.studiorishav.com'. You may need to add 'www.chitwanremoval.com.au.studiorishav.com' to ALLOWED_HOSTS.
Traceback (most recent call last):
  File "/home1/studiori/virtualenv/chitwanremoval.com.au/chitwan_removal/3.10/lib/python3.10/site-packages/django/core/handlers/exception.py", line 55, in inner
    response = get_response(request)
  File "/home1/studiori/virtualenv/chitwanremoval.com.au/chitwan_removal/3.10/lib/python3.10/site-packages/django/utils/deprecation.py", line 119, in __call__
    response = self.process_request(request)
  File "/home1/studiori/virtualenv/chitwanremoval.com.au/chitwan_removal/3.10/lib/python3.10/site-packages/django/middleware/common.py", line 48, in process_request
    host = request.get_host()
  File "/home1/studiori/virtualenv/chitwanremoval.com.au/chitwan_removal/3.10/lib/python3.10/site-packages/django/http/request.py", line 203, in get_host
    raise DisallowedHost(msg)
django.core.exceptions.DisallowedHost: Invalid HTTP_HOST header: 'www.chitwanremoval.com.au.studiorishav.com'. You may need to add 'www.chitwanremoval.com.au.studiorishav.com' to ALLOWED_HOSTS.
Not Found: /static/images/interstate_moves.jpeg
Not Found: /static/images/interstate_moves.jpeg
Invalid HTTP_HOST header: 'chitwanremoval.com.au.studiorishav.com'. You may need to add 'chitwanremoval.com.au.studiorishav.com' to ALLOWED_HOSTS.
Traceback (most recent call last):
  File "/home1/studiori/virtualenv/chitwanremoval.com.au/chitwan_removal/3.10/lib/python3.10/site-packages/django/core/handlers/exception.py", line 55, in inner
    response = get_response(request)
  File "/home1/studiori/virtualenv/chitwanremoval.com.au/chitwan_removal/3.10/lib/python3.10/site-packages/django/utils/deprecation.py", line 119, in __call__
    response = self.process_request(request)
  File "/home1/studiori/virtualenv/chitwanremoval.com.au/chitwan_removal/3.10/lib/python3.10/site-packages/django/middleware/common.py", line 48, in process_request
    host = request.get_host()
  File "/home1/studiori/virtualenv/chitwanremoval.com.au/chitwan_removal/3.10/lib/python3.10/site-packages/django/http/request.py", line 203, in get_host
    raise DisallowedHost(msg)
django.core.exceptions.DisallowedHost: Invalid HTTP_HOST header: 'chitwanremoval.com.au.studiorishav.com'. You may need to add 'chitwanremoval.com.au.studiorishav.com' to ALLOWED_HOSTS.
Invalid HTTP_HOST header: 'chitwanremoval.com.au.studiorishav.com'. You may need to add 'chitwanremoval.com.au.studiorishav.com' to ALLOWED_HOSTS.
Traceback (most recent call last):
  File "/home1/studiori/virtualenv/chitwanremoval.com.au/chitwan_removal/3.10/lib/python3.10/site-packages/django/core/handlers/exception.py", line 55, in inner
    response = get_response(request)
  File "/home1/studiori/virtualenv/chitwanremoval.com.au/chitwan_removal/3.10/lib/python3.10/site-packages/django/utils/deprecation.py", line 119, in __call__
    response = self.process_request(request)
  File "/home1/studiori/virtualenv/chitwanremoval.com.au/chitwan_removal/3.10/lib/python3.10/site-packages/django/middleware/common.py", line 48, in process_request
    host = request.get_host()
  File "/home1/studiori/virtualenv/chitwanremoval.com.au/chitwan_removal/3.10/lib/python3.10/site-packages/django/http/request.py", line 203, in get_host
    raise DisallowedHost(msg)
django.core.exceptions.DisallowedHost: Invalid HTTP_HOST header: 'chitwanremoval.com.au.studiorishav.com'. You may need to add 'chitwanremoval.com.au.studiorishav.com' to ALLOWED_HOSTS.
Invalid HTTP_HOST header: 'chitwanremoval.com.au.studiorishav.com'. You may need to add 'chitwanremoval.com.au.studiorishav.com' to ALLOWED_HOSTS.
Traceback (most recent call last):
  File "/home1/studiori/virtualenv/chitwanremoval.com.au/chitwan_removal/3.10/lib/python3.10/site-packages/django/core/handlers/exception.py", line 55, in inner
    response = get_response(request)
  File "/home1/studiori/virtualenv/chitwanremoval.com.au/chitwan_removal/3.10/lib/python3.10/site-packages/django/utils/deprecation.py", line 119, in __call__
    response = self.process_request(request)
  File "/home1/studiori/virtualenv/chitwanremoval.com.au/chitwan_removal/3.10/lib/python3.10/site-packages/django/middleware/common.py", line 48, in process_request
    host = request.get_host()
  File "/home1/studiori/virtualenv/chitwanremoval.com.au/chitwan_removal/3.10/lib/python3.10/site-packages/django/http/request.py", line 203, in get_host
    raise DisallowedHost(msg)
django.core.exceptions.DisallowedHost: Invalid HTTP_HOST header: 'chitwanremoval.com.au.studiorishav.com'. You may need to add 'chitwanremoval.com.au.studiorishav.com' to ALLOWED_HOSTS.
Invalid HTTP_HOST header: 'chitwanremoval.com.au.studiorishav.com'. You may need to add 'chitwanremoval.com.au.studiorishav.com' to ALLOWED_HOSTS.
Traceback (most recent call last):
  File "/home1/studiori/virtualenv/chitwanremoval.com.au/chitwan_removal/3.10/lib/python3.10/site-packages/django/core/handlers/exception.py", line 55, in inner
    response = get_response(request)
  File "/home1/studiori/virtualenv/chitwanremoval.com.au/chitwan_removal/3.10/lib/python3.10/site-packages/django/utils/deprecation.py", line 119, in __call__
    response = self.process_request(request)
  File "/home1/studiori/virtualenv/chitwanremoval.com.au/chitwan_removal/3.10/lib/python3.10/site-packages/django/middleware/common.py", line 48, in process_request
    host = request.get_host()
  File "/home1/studiori/virtualenv/chitwanremoval.com.au/chitwan_removal/3.10/lib/python3.10/site-packages/django/http/request.py", line 203, in get_host
    raise DisallowedHost(msg)
django.core.exceptions.DisallowedHost: Invalid HTTP_HOST header: 'chitwanremoval.com.au.studiorishav.com'. You may need to add 'chitwanremoval.com.au.studiorishav.com' to ALLOWED_HOSTS.
Invalid HTTP_HOST header: 'chitwanremoval.com.au.studiorishav.com'. You may need to add 'chitwanremoval.com.au.studiorishav.com' to ALLOWED_HOSTS.
Traceback (most recent call last):
  File "/home1/studiori/virtualenv/chitwanremoval.com.au/chitwan_removal/3.10/lib/python3.10/site-packages/django/core/handlers/exception.py", line 55, in inner
    response = get_response(request)
  File "/home1/studiori/virtualenv/chitwanremoval.com.au/chitwan_removal/3.10/lib/python3.10/site-packages/django/utils/deprecation.py", line 119, in __call__
    response = self.process_request(request)
  File "/home1/studiori/virtualenv/chitwanremoval.com.au/chitwan_removal/3.10/lib/python3.10/site-packages/django/middleware/common.py", line 48, in process_request
    host = request.get_host()
  File "/home1/studiori/virtualenv/chitwanremoval.com.au/chitwan_removal/3.10/lib/python3.10/site-packages/django/http/request.py", line 203, in get_host
    raise DisallowedHost(msg)
django.core.exceptions.DisallowedHost: Invalid HTTP_HOST header: 'chitwanremoval.com.au.studiorishav.com'. You may need to add 'chitwanremoval.com.au.studiorishav.com' to ALLOWED_HOSTS.
Invalid HTTP_HOST header: 'chitwanremoval.com.au.studiorishav.com'. You may need to add 'chitwanremoval.com.au.studiorishav.com' to ALLOWED_HOSTS.
Traceback (most recent call last):
  File "/home1/studiori/virtualenv/chitwanremoval.com.au/chitwan_removal/3.10/lib/python3.10/site-packages/django/core/handlers/exception.py", line 55, in inner
    response = get_response(request)
  File "/home1/studiori/virtualenv/chitwanremoval.com.au/chitwan_removal/3.10/lib/python3.10/site-packages/django/utils/deprecation.py", line 119, in __call__
    response = self.process_request(request)
  File "/home1/studiori/virtualenv/chitwanremoval.com.au/chitwan_removal/3.10/lib/python3.10/site-packages/django/middleware/common.py", line 48, in process_request
    host = request.get_host()
  File "/home1/studiori/virtualenv/chitwanremoval.com.au/chitwan_removal/3.10/lib/python3.10/site-packages/django/http/request.py", line 203, in get_host
    raise DisallowedHost(msg)
django.core.exceptions.DisallowedHost: Invalid HTTP_HOST header: 'chitwanremoval.com.au.studiorishav.com'. You may need to add 'chitwanremoval.com.au.studiorishav.com' to ALLOWED_HOSTS.
Invalid HTTP_HOST header: 'chitwanremoval.com.au.studiorishav.com'. You may need to add 'chitwanremoval.com.au.studiorishav.com' to ALLOWED_HOSTS.
Traceback (most recent call last):
  File "/home1/studiori/virtualenv/chitwanremoval.com.au/chitwan_removal/3.10/lib/python3.10/site-packages/django/core/handlers/exception.py", line 55, in inner
    response = get_response(request)
  File "/home1/studiori/virtualenv/chitwanremoval.com.au/chitwan_removal/3.10/lib/python3.10/site-packages/django/utils/deprecation.py", line 119, in __call__
    response = self.process_request(request)
  File "/home1/studiori/virtualenv/chitwanremoval.com.au/chitwan_removal/3.10/lib/python3.10/site-packages/django/middleware/common.py", line 48, in process_request
    host = request.get_host()
  File "/home1/studiori/virtualenv/chitwanremoval.com.au/chitwan_removal/3.10/lib/python3.10/site-packages/django/http/request.py", line 203, in get_host
    raise DisallowedHost(msg)
django.core.exceptions.DisallowedHost: Invalid HTTP_HOST header: 'chitwanremoval.com.au.studiorishav.com'. You may need to add 'chitwanremoval.com.au.studiorishav.com' to ALLOWED_HOSTS.
Invalid HTTP_HOST header: 'chitwanremoval.com.au.studiorishav.com'. You may need to add 'chitwanremoval.com.au.studiorishav.com' to ALLOWED_HOSTS.
Traceback (most recent call last):
  File "/home1/studiori/virtualenv/chitwanremoval.com.au/chitwan_removal/3.10/lib/python3.10/site-packages/django/core/handlers/exception.py", line 55, in inner
    response = get_response(request)
  File "/home1/studiori/virtualenv/chitwanremoval.com.au/chitwan_removal/3.10/lib/python3.10/site-packages/django/utils/deprecation.py", line 119, in __call__
    response = self.process_request(request)
  File "/home1/studiori/virtualenv/chitwanremoval.com.au/chitwan_removal/3.10/lib/python3.10/site-packages/django/middleware/common.py", line 48, in process_request
    host = request.get_host()
  File "/home1/studiori/virtualenv/chitwanremoval.com.au/chitwan_removal/3.10/lib/python3.10/site-packages/django/http/request.py", line 203, in get_host
    raise DisallowedHost(msg)
django.core.exceptions.DisallowedHost: Invalid HTTP_HOST header: 'chitwanremoval.com.au.studiorishav.com'. You may need to add 'chitwanremoval.com.au.studiorishav.com' to ALLOWED_HOSTS.
Invalid HTTP_HOST header: 'chitwanremoval.com.au.studiorishav.com'. You may need to add 'chitwanremoval.com.au.studiorishav.com' to ALLOWED_HOSTS.
Traceback (most recent call last):
  File "/home1/studiori/virtualenv/chitwanremoval.com.au/chitwan_removal/3.10/lib/python3.10/site-packages/django/core/handlers/exception.py", line 55, in inner
    response = get_response(request)
  File "/home1/studiori/virtualenv/chitwanremoval.com.au/chitwan_removal/3.10/lib/python3.10/site-packages/django/utils/deprecation.py", line 119, in __call__
    response = self.process_request(request)
  File "/home1/studiori/virtualenv/chitwanremoval.com.au/chitwan_removal/3.10/lib/python3.10/site-packages/django/middleware/common.py", line 48, in process_request
    host = request.get_host()
  File "/home1/studiori/virtualenv/chitwanremoval.com.au/chitwan_removal/3.10/lib/python3.10/site-packages/django/http/request.py", line 203, in get_host
    raise DisallowedHost(msg)
django.core.exceptions.DisallowedHost: Invalid HTTP_HOST header: 'chitwanremoval.com.au.studiorishav.com'. You may need to add 'chitwanremoval.com.au.studiorishav.com' to ALLOWED_HOSTS.
Invalid HTTP_HOST header: 'chitwanremoval.com.au.studiorishav.com'. You may need to add 'chitwanremoval.com.au.studiorishav.com' to ALLOWED_HOSTS.
Traceback (most recent call last):
  File "/home1/studiori/virtualenv/chitwanremoval.com.au/chitwan_removal/3.10/lib/python3.10/site-packages/django/core/handlers/exception.py", line 55, in inner
    response = get_response(request)
  File "/home1/studiori/virtualenv/chitwanremoval.com.au/chitwan_removal/3.10/lib/python3.10/site-packages/django/utils/deprecation.py", line 119, in __call__
    response = self.process_request(request)
  File "/home1/studiori/virtualenv/chitwanremoval.com.au/chitwan_removal/3.10/lib/python3.10/site-packages/django/middleware/common.py", line 48, in process_request
    host = request.get_host()
  File "/home1/studiori/virtualenv/chitwanremoval.com.au/chitwan_removal/3.10/lib/python3.10/site-packages/django/http/request.py", line 203, in get_host
    raise DisallowedHost(msg)
django.core.exceptions.DisallowedHost: Invalid HTTP_HOST header: 'chitwanremoval.com.au.studiorishav.com'. You may need to add 'chitwanremoval.com.au.studiorishav.com' to ALLOWED_HOSTS.
Invalid HTTP_HOST header: 'chitwanremoval.com.au.studiorishav.com'. You may need to add 'chitwanremoval.com.au.studiorishav.com' to ALLOWED_HOSTS.
Traceback (most recent call last):
  File "/home1/studiori/virtualenv/chitwanremoval.com.au/chitwan_removal/3.10/lib/python3.10/site-packages/django/core/handlers/exception.py", line 55, in inner
    response = get_response(request)
  File "/home1/studiori/virtualenv/chitwanremoval.com.au/chitwan_removal/3.10/lib/python3.10/site-packages/django/utils/deprecation.py", line 119, in __call__
    response = self.process_request(request)
  File "/home1/studiori/virtualenv/chitwanremoval.com.au/chitwan_removal/3.10/lib/python3.10/site-packages/django/middleware/common.py", line 48, in process_request
    host = request.get_host()
  File "/home1/studiori/virtualenv/chitwanremoval.com.au/chitwan_removal/3.10/lib/python3.10/site-packages/django/http/request.py", line 203, in get_host
    raise DisallowedHost(msg)
django.core.exceptions.DisallowedHost: Invalid HTTP_HOST header: 'chitwanremoval.com.au.studiorishav.com'. You may need to add 'chitwanremoval.com.au.studiorishav.com' to ALLOWED_HOSTS.
Invalid HTTP_HOST header: 'chitwanremoval.com.au.studiorishav.com'. You may need to add 'chitwanremoval.com.au.studiorishav.com' to ALLOWED_HOSTS.
Traceback (most recent call last):
  File "/home1/studiori/virtualenv/chitwanremoval.com.au/chitwan_removal/3.10/lib/python3.10/site-packages/django/core/handlers/exception.py", line 55, in inner
    response = get_response(request)
  File "/home1/studiori/virtualenv/chitwanremoval.com.au/chitwan_removal/3.10/lib/python3.10/site-packages/django/utils/deprecation.py", line 119, in __call__
    response = self.process_request(request)
  File "/home1/studiori/virtualenv/chitwanremoval.com.au/chitwan_removal/3.10/lib/python3.10/site-packages/django/middleware/common.py", line 48, in process_request
    host = request.get_host()
  File "/home1/studiori/virtualenv/chitwanremoval.com.au/chitwan_removal/3.10/lib/python3.10/site-packages/django/http/request.py", line 203, in get_host
    raise DisallowedHost(msg)
django.core.exceptions.DisallowedHost: Invalid HTTP_HOST header: 'chitwanremoval.com.au.studiorishav.com'. You may need to add 'chitwanremoval.com.au.studiorishav.com' to ALLOWED_HOSTS.
Invalid HTTP_HOST header: 'chitwanremoval.com.au.studiorishav.com'. You may need to add 'chitwanremoval.com.au.studiorishav.com' to ALLOWED_HOSTS.
Traceback (most recent call last):
  File "/home1/studiori/virtualenv/chitwanremoval.com.au/chitwan_removal/3.10/lib/python3.10/site-packages/django/core/handlers/exception.py", line 55, in inner
    response = get_response(request)
  File "/home1/studiori/virtualenv/chitwanremoval.com.au/chitwan_removal/3.10/lib/python3.10/site-packages/django/utils/deprecation.py", line 119, in __call__
    response = self.process_request(request)
  File "/home1/studiori/virtualenv/chitwanremoval.com.au/chitwan_removal/3.10/lib/python3.10/site-packages/django/middleware/common.py", line 48, in process_request
    host = request.get_host()
  File "/home1/studiori/virtualenv/chitwanremoval.com.au/chitwan_removal/3.10/lib/python3.10/site-packages/django/http/request.py", line 203, in get_host
    raise DisallowedHost(msg)
django.core.exceptions.DisallowedHost: Invalid HTTP_HOST header: 'chitwanremoval.com.au.studiorishav.com'. You may need to add 'chitwanremoval.com.au.studiorishav.com' to ALLOWED_HOSTS.
Invalid HTTP_HOST header: 'chitwanremoval.com.au.studiorishav.com'. You may need to add 'chitwanremoval.com.au.studiorishav.com' to ALLOWED_HOSTS.
Traceback (most recent call last):
  File "/home1/studiori/virtualenv/chitwanremoval.com.au/chitwan_removal/3.10/lib/python3.10/site-packages/django/core/handlers/exception.py", line 55, in inner
    response = get_response(request)
  File "/home1/studiori/virtualenv/chitwanremoval.com.au/chitwan_removal/3.10/lib/python3.10/site-packages/django/utils/deprecation.py", line 119, in __call__
    response = self.process_request(request)
  File "/home1/studiori/virtualenv/chitwanremoval.com.au/chitwan_removal/3.10/lib/python3.10/site-packages/django/middleware/common.py", line 48, in process_request
    host = request.get_host()
  File "/home1/studiori/virtualenv/chitwanremoval.com.au/chitwan_removal/3.10/lib/python3.10/site-packages/django/http/request.py", line 203, in get_host
    raise DisallowedHost(msg)
django.core.exceptions.DisallowedHost: Invalid HTTP_HOST header: 'chitwanremoval.com.au.studiorishav.com'. You may need to add 'chitwanremoval.com.au.studiorishav.com' to ALLOWED_HOSTS.
Invalid HTTP_HOST header: 'chitwanremoval.com.au.studiorishav.com'. You may need to add 'chitwanremoval.com.au.studiorishav.com' to ALLOWED_HOSTS.
Traceback (most recent call last):
  File "/home1/studiori/virtualenv/chitwanremoval.com.au/chitwan_removal/3.10/lib/python3.10/site-packages/django/core/handlers/exception.py", line 55, in inner
    response = get_response(request)
  File "/home1/studiori/virtualenv/chitwanremoval.com.au/chitwan_removal/3.10/lib/python3.10/site-packages/django/utils/deprecation.py", line 119, in __call__
    response = self.process_request(request)
  File "/home1/studiori/virtualenv/chitwanremoval.com.au/chitwan_removal/3.10/lib/python3.10/site-packages/django/middleware/common.py", line 48, in process_request
    host = request.get_host()
  File "/home1/studiori/virtualenv/chitwanremoval.com.au/chitwan_removal/3.10/lib/python3.10/site-packages/django/http/request.py", line 203, in get_host
    raise DisallowedHost(msg)
django.core.exceptions.DisallowedHost: Invalid HTTP_HOST header: 'chitwanremoval.com.au.studiorishav.com'. You may need to add 'chitwanremoval.com.au.studiorishav.com' to ALLOWED_HOSTS.
Invalid HTTP_HOST header: 'chitwanremoval.com.au.studiorishav.com'. You may need to add 'chitwanremoval.com.au.studiorishav.com' to ALLOWED_HOSTS.
Traceback (most recent call last):
  File "/home1/studiori/virtualenv/chitwanremoval.com.au/chitwan_removal/3.10/lib/python3.10/site-packages/django/core/handlers/exception.py", line 55, in inner
    response = get_response(request)
  File "/home1/studiori/virtualenv/chitwanremoval.com.au/chitwan_removal/3.10/lib/python3.10/site-packages/django/utils/deprecation.py", line 119, in __call__
    response = self.process_request(request)
  File "/home1/studiori/virtualenv/chitwanremoval.com.au/chitwan_removal/3.10/lib/python3.10/site-packages/django/middleware/common.py", line 48, in process_request
    host = request.get_host()
  File "/home1/studiori/virtualenv/chitwanremoval.com.au/chitwan_removal/3.10/lib/python3.10/site-packages/django/http/request.py", line 203, in get_host
    raise DisallowedHost(msg)
django.core.exceptions.DisallowedHost: Invalid HTTP_HOST header: 'chitwanremoval.com.au.studiorishav.com'. You may need to add 'chitwanremoval.com.au.studiorishav.com' to ALLOWED_HOSTS.
Not Found: /static/images/interstate_moves.jpeg
Not Found: /static/images/interstate_moves.jpeg
[UID:2229][689680] Reached max children process limit: 6, extra: 2, current: 8, busy: 8, please increase LSAPI_CHILDREN.
[UID:2229][689680] Reached max children process limit: 6, extra: 2, current: 8, busy: 8, please increase LSAPI_CHILDREN.
[UID:2229][689680] Reached max children process limit: 6, extra: 2, current: 8, busy: 8, please increase LSAPI_CHILDREN.
[UID:2229][689680] Reached max children process limit: 6, extra: 2, current: 8, busy: 8, please increase LSAPI_CHILDREN.
[UID:2229][689680] Reached max children process limit: 6, extra: 2, current: 8, busy: 8, please increase LSAPI_CHILDREN.
[UID:2229][689680] Reached max children process limit: 6, extra: 2, current: 8, busy: 8, please increase LSAPI_CHILDREN.
[UID:2229][689680] Reached max children process limit: 6, extra: 2, current: 8, busy: 8, please increase LSAPI_CHILDREN.
Not Found: /static/images/interstate_moves.jpeg
[UID:2229][689680] Reached max children process limit: 6, extra: 2, current: 8, busy: 8, please increase LSAPI_CHILDREN.
[UID:2229][689680] Reached max children process limit: 6, extra: 2, current: 8, busy: 8, please increase LSAPI_CHILDREN.
[UID:2229][689680] Reached max children process limit: 6, extra: 2, current: 8, busy: 8, please increase LSAPI_CHILDREN.
[UID:2229][689680] Reached max children process limit: 6, extra: 2, current: 8, busy: 8, please increase LSAPI_CHILDREN.
[UID:2229][689680] Reached max children process limit: 6, extra: 2, current: 8, busy: 8, please increase LSAPI_CHILDREN.
[UID:2229][689680] Reached max children process limit: 6, extra: 2, current: 8, busy: 8, please increase LSAPI_CHILDREN.
[UID:2229][689680] Reached max children process limit: 6, extra: 2, current: 8, busy: 8, please increase LSAPI_CHILDREN.
[UID:2229][689680] Reached max children process limit: 6, extra: 2, current: 8, busy: 8, please increase LSAPI_CHILDREN.
[UID:2229][689680] Reached max children process limit: 6, extra: 2, current: 8, busy: 8, please increase LSAPI_CHILDREN.
[UID:2229][689680] Reached max children process limit: 6, extra: 2, current: 8, busy: 8, please increase LSAPI_CHILDREN.
[UID:2229][689680] Reached max children process limit: 6, extra: 2, current: 8, busy: 8, please increase LSAPI_CHILDREN.
[UID:2229][689680] Reached max children process limit: 6, extra: 2, current: 8, busy: 8, please increase LSAPI_CHILDREN.
[UID:2229][689680] Reached max children process limit: 6, extra: 2, current: 8, busy: 8, please increase LSAPI_CHILDREN.
[UID:2229][689680] Reached max children process limit: 6, extra: 2, current: 8, busy: 8, please increase LSAPI_CHILDREN.
[UID:2229][689680] Reached max children process limit: 6, extra: 2, current: 8, busy: 7, please increase LSAPI_CHILDREN.
[UID:2229][689680] Reached max children process limit: 6, extra: 2, current: 8, busy: 8, please increase LSAPI_CHILDREN.
[UID:2229][689680] Reached max children process limit: 6, extra: 2, current: 8, busy: 8, please increase LSAPI_CHILDREN.
[UID:2229][689680] Reached max children process limit: 6, extra: 2, current: 8, busy: 7, please increase LSAPI_CHILDREN.
[UID:2229][689680] Reached max children process limit: 6, extra: 2, current: 8, busy: 7, please increase LSAPI_CHILDREN.
[UID:2229][689680] Reached max children process limit: 6, extra: 2, current: 8, busy: 8, please increase LSAPI_CHILDREN.
[UID:2229][689680] Reached max children process limit: 6, extra: 2, current: 8, busy: 7, please increase LSAPI_CHILDREN.
Not Found: /static/images/interstate_moves.jpeg
[UID:2229][689680] Reached max children process limit: 6, extra: 2, current: 8, busy: 8, please increase LSAPI_CHILDREN.
[UID:2229][689680] Reached max children process limit: 6, extra: 2, current: 8, busy: 7, please increase LSAPI_CHILDREN.
[UID:2229][689680] Reached max children process limit: 6, extra: 2, current: 8, busy: 7, please increase LSAPI_CHILDREN.
[UID:2229][689680] Reached max children process limit: 6, extra: 2, current: 8, busy: 8, please increase LSAPI_CHILDREN.
[UID:2229][689680] Reached max children process limit: 6, extra: 2, current: 8, busy: 8, please increase LSAPI_CHILDREN.
[UID:2229][689680] Reached max children process limit: 6, extra: 2, current: 8, busy: 8, please increase LSAPI_CHILDREN.
Not Found: /static/images/interstate_moves.jpeg
[UID:2229][689680] Reached max children process limit: 6, extra: 2, current: 8, busy: 7, please increase LSAPI_CHILDREN.
Not Found: /static/images/interstate_moves.jpeg
[UID:2229][689680] Reached max children process limit: 6, extra: 2, current: 8, busy: 8, please increase LSAPI_CHILDREN.
[UID:2229][689680] Reached max children process limit: 6, extra: 2, current: 8, busy: 7, please increase LSAPI_CHILDREN.
[UID:2229][689680] Reached max children process limit: 6, extra: 2, current: 8, busy: 8, please increase LSAPI_CHILDREN.
[UID:2229][689680] Reached max children process limit: 6, extra: 2, current: 8, busy: 8, please increase LSAPI_CHILDREN.
[UID:2229][689680] Reached max children process limit: 6, extra: 2, current: 8, busy: 8, please increase LSAPI_CHILDREN.
[UID:2229][689680] Reached max children process limit: 6, extra: 2, current: 8, busy: 8, please increase LSAPI_CHILDREN.
[UID:2229][689680] Reached max children process limit: 6, extra: 2, current: 8, busy: 8, please increase LSAPI_CHILDREN.
[UID:2229][689680] Reached max children process limit: 6, extra: 2, current: 8, busy: 8, please increase LSAPI_CHILDREN.
[UID:2229][689680] Reached max children process limit: 6, extra: 2, current: 8, busy: 8, please increase LSAPI_CHILDREN.
[UID:2229][689680] Reached max children process limit: 6, extra: 2, current: 8, busy: 8, please increase LSAPI_CHILDREN.
[UID:2229][689680] Reached max children process limit: 6, extra: 2, current: 8, busy: 8, please increase LSAPI_CHILDREN.
[UID:2229][689680] Reached max children process limit: 6, extra: 2, current: 8, busy: 8, please increase LSAPI_CHILDREN.
[UID:2229][689680] Reached max children process limit: 6, extra: 2, current: 8, busy: 8, please increase LSAPI_CHILDREN.
[UID:2229][689680] Reached max children process limit: 6, extra: 2, current: 8, busy: 8, please increase LSAPI_CHILDREN.
[UID:2229][689680] Reached max children process limit: 6, extra: 2, current: 8, busy: 7, please increase LSAPI_CHILDREN.
[UID:2229][689680] Reached max children process limit: 6, extra: 2, current: 8, busy: 7, please increase LSAPI_CHILDREN.
[UID:2229][689680] Reached max children process limit: 6, extra: 2, current: 8, busy: 8, please increase LSAPI_CHILDREN.
[UID:2229][689680] Reached max children process limit: 6, extra: 2, current: 8, busy: 7, please increase LSAPI_CHILDREN.
[UID:2229][689680] Reached max children process limit: 6, extra: 2, current: 8, busy: 8, please increase LSAPI_CHILDREN.
[UID:2229][689680] Reached max children process limit: 6, extra: 2, current: 8, busy: 7, please increase LSAPI_CHILDREN.
[UID:2229][689680] Reached max children process limit: 6, extra: 2, current: 8, busy: 8, please increase LSAPI_CHILDREN.
[UID:2229][689680] Reached max children process limit: 6, extra: 2, current: 8, busy: 8, please increase LSAPI_CHILDREN.
[UID:2229][689680] Reached max children process limit: 6, extra: 2, current: 8, busy: 8, please increase LSAPI_CHILDREN.
[UID:2229][689680] Reached max children process limit: 6, extra: 2, current: 8, busy: 7, please increase LSAPI_CHILDREN.
[UID:2229][689680] Reached max children process limit: 6, extra: 2, current: 8, busy: 8, please increase LSAPI_CHILDREN.
[UID:2229][689680] Reached max children process limit: 6, extra: 2, current: 8, busy: 7, please increase LSAPI_CHILDREN.
[UID:2229][689680] Reached max children process limit: 6, extra: 2, current: 8, busy: 8, please increase LSAPI_CHILDREN.
[UID:2229][689680] Reached max children process limit: 6, extra: 2, current: 8, busy: 8, please increase LSAPI_CHILDREN.
[UID:2229][689680] Reached max children process limit: 6, extra: 2, current: 8, busy: 8, please increase LSAPI_CHILDREN.
[UID:2229][689680] Reached max children process limit: 6, extra: 2, current: 8, busy: 8, please increase LSAPI_CHILDREN.
[UID:2229][689680] Reached max children process limit: 6, extra: 2, current: 8, busy: 8, please increase LSAPI_CHILDREN.
[UID:2229][689680] Reached max children process limit: 6, extra: 2, current: 8, busy: 8, please increase LSAPI_CHILDREN.
[UID:2229][689680] Reached max children process limit: 6, extra: 2, current: 8, busy: 8, please increase LSAPI_CHILDREN.
[UID:2229][689680] Reached max children process limit: 6, extra: 2, current: 8, busy: 8, please increase LSAPI_CHILDREN.
[UID:2229][689680] Reached max children process limit: 6, extra: 2, current: 8, busy: 7, please increase LSAPI_CHILDREN.
[UID:2229][689680] Reached max children process limit: 6, extra: 2, current: 8, busy: 8, please increase LSAPI_CHILDREN.
[UID:2229][689680] Reached max children process limit: 6, extra: 2, current: 8, busy: 8, please increase LSAPI_CHILDREN.
[UID:2229][689680] Reached max children process limit: 6, extra: 2, current: 8, busy: 8, please increase LSAPI_CHILDREN.
[UID:2229][689680] Reached max children process limit: 6, extra: 2, current: 8, busy: 8, please increase LSAPI_CHILDREN.
[UID:2229][689680] Reached max children process limit: 6, extra: 2, current: 8, busy: 7, please increase LSAPI_CHILDREN.
OSError: LSAPI: File error
Not Found: /static/images/interstate_moves.jpeg
[UID:2229][689680] Reached max children process limit: 6, extra: 2, current: 8, busy: 8, please increase LSAPI_CHILDREN.
[UID:2229][689680] Reached max children process limit: 6, extra: 2, current: 8, busy: 8, please increase LSAPI_CHILDREN.
[UID:2229][689680] Reached max children process limit: 6, extra: 2, current: 8, busy: 7, please increase LSAPI_CHILDREN.
[UID:2229][689680] Reached max children process limit: 6, extra: 2, current: 8, busy: 8, please increase LSAPI_CHILDREN.
[UID:2229][689680] Reached max children process limit: 6, extra: 2, current: 8, busy: 7, please increase LSAPI_CHILDREN.
OSError: LSAPI: File error
[UID:2229][689680] Reached max children process limit: 6, extra: 2, current: 8, busy: 7, please increase LSAPI_CHILDREN.
[UID:2229][689680] Reached max children process limit: 6, extra: 2, current: 8, busy: 8, please increase LSAPI_CHILDREN.
[UID:2229][689680] Reached max children process limit: 6, extra: 2, current: 8, busy: 8, please increase LSAPI_CHILDREN.
[UID:2229][689680] Reached max children process limit: 6, extra: 2, current: 8, busy: 8, please increase LSAPI_CHILDREN.
[UID:2229][689680] Reached max children process limit: 6, extra: 2, current: 8, busy: 8, please increase LSAPI_CHILDREN.
[UID:2229][689680] Reached max children process limit: 6, extra: 2, current: 8, busy: 7, please increase LSAPI_CHILDREN.
[UID:2229][689680] Reached max children process limit: 6, extra: 2, current: 8, busy: 8, please increase LSAPI_CHILDREN.
[UID:2229][689680] Reached max children process limit: 6, extra: 2, current: 8, busy: 8, please increase LSAPI_CHILDREN.
[UID:2229][689680] Reached max children process limit: 6, extra: 2, current: 8, busy: 8, please increase LSAPI_CHILDREN.
[UID:2229][689680] Reached max children process limit: 6, extra: 2, current: 8, busy: 8, please increase LSAPI_CHILDREN.
[UID:2229][689680] Reached max children process limit: 6, extra: 2, current: 8, busy: 8, please increase LSAPI_CHILDREN.
[UID:2229][689680] Reached max children process limit: 6, extra: 2, current: 8, busy: 8, please increase LSAPI_CHILDREN.
[UID:2229][689680] Reached max children process limit: 6, extra: 2, current: 8, busy: 8, please increase LSAPI_CHILDREN.
[UID:2229][689680] Reached max children process limit: 6, extra: 2, current: 8, busy: 8, please increase LSAPI_CHILDREN.
[UID:2229][689680] Reached max children process limit: 6, extra: 2, current: 8, busy: 7, please increase LSAPI_CHILDREN.
OSError: LSAPI: File error
[UID:2229][689680] Reached max children process limit: 6, extra: 2, current: 8, busy: 8, please increase LSAPI_CHILDREN.
[UID:2229][689680] Reached max children process limit: 6, extra: 2, current: 8, busy: 8, please increase LSAPI_CHILDREN.
[UID:2229][689680] Reached max children process limit: 6, extra: 2, current: 8, busy: 8, please increase LSAPI_CHILDREN.
[UID:2229][689680] Reached max children process limit: 6, extra: 2, current: 8, busy: 8, please increase LSAPI_CHILDREN.
[UID:2229][689680] Reached max children process limit: 6, extra: 2, current: 8, busy: 7, please increase LSAPI_CHILDREN.
[UID:2229][689680] Reached max children process limit: 6, extra: 2, current: 8, busy: 8, please increase LSAPI_CHILDREN.
[UID:2229][689680] Reached max children process limit: 6, extra: 2, current: 8, busy: 7, please increase LSAPI_CHILDREN.
[UID:2229][689680] Reached max children process limit: 6, extra: 2, current: 8, busy: 8, please increase LSAPI_CHILDREN.
[UID:2229][689680] Reached max children process limit: 6, extra: 2, current: 8, busy: 7, please increase LSAPI_CHILDREN.
[UID:2229][689680] Reached max children process limit: 6, extra: 2, current: 8, busy: 7, please increase LSAPI_CHILDREN.
Not Found: /static/images/interstate_moves.jpeg
[UID:2229][689680] Reached max children process limit: 6, extra: 2, current: 8, busy: 8, please increase LSAPI_CHILDREN.
[UID:2229][689680] Reached max children process limit: 6, extra: 2, current: 8, busy: 8, please increase LSAPI_CHILDREN.
[UID:2229][689680] Reached max children process limit: 6, extra: 2, current: 8, busy: 8, please increase LSAPI_CHILDREN.
[UID:2229][689680] Reached max children process limit: 6, extra: 2, current: 8, busy: 8, please increase LSAPI_CHILDREN.
[UID:2229][689680] Reached max children process limit: 6, extra: 2, current: 8, busy: 7, please increase LSAPI_CHILDREN.
[UID:2229][689680] Reached max children process limit: 6, extra: 2, current: 8, busy: 8, please increase LSAPI_CHILDREN.
[UID:2229][689680] Reached max children process limit: 6, extra: 2, current: 8, busy: 8, please increase LSAPI_CHILDREN.
[UID:2229][689680] Reached max children process limit: 6, extra: 2, current: 8, busy: 8, please increase LSAPI_CHILDREN.
[UID:2229][689680] Reached max children process limit: 6, extra: 2, current: 8, busy: 8, please increase LSAPI_CHILDREN.
[UID:2229][689680] Reached max children process limit: 6, extra: 2, current: 8, busy: 8, please increase LSAPI_CHILDREN.
[UID:2229][689680] Reached max children process limit: 6, extra: 2, current: 8, busy: 7, please increase LSAPI_CHILDREN.
[UID:2229][689680] Reached max children process limit: 6, extra: 2, current: 8, busy: 8, please increase LSAPI_CHILDREN.
[UID:2229][689680] Child process with pid: 729299 was killed by signal: 15, core dumped: no
[UID:2229][689680] Reached max children process limit: 6, extra: 2, current: 8, busy: 7, please increase LSAPI_CHILDREN.
Not Found: /static/images/interstate_moves.jpeg
[UID:2229][689680] Reached max children process limit: 6, extra: 2, current: 8, busy: 8, please increase LSAPI_CHILDREN.
[UID:2229][689680] Reached max children process limit: 6, extra: 2, current: 8, busy: 8, please increase LSAPI_CHILDREN.
[UID:2229][689680] Reached max children process limit: 6, extra: 2, current: 8, busy: 7, please increase LSAPI_CHILDREN.
[UID:2229][689680] Reached max children process limit: 6, extra: 2, current: 8, busy: 8, please increase LSAPI_CHILDREN.
[UID:2229][689680] Reached max children process limit: 6, extra: 2, current: 8, busy: 8, please increase LSAPI_CHILDREN.
[UID:2229][689680] Reached max children process limit: 6, extra: 2, current: 8, busy: 8, please increase LSAPI_CHILDREN.
[UID:2229][689680] Reached max children process limit: 6, extra: 2, current: 8, busy: 8, please increase LSAPI_CHILDREN.
[UID:2229][689680] Reached max children process limit: 6, extra: 2, current: 8, busy: 7, please increase LSAPI_CHILDREN.
[UID:2229][689680] Reached max children process limit: 6, extra: 2, current: 8, busy: 8, please increase LSAPI_CHILDREN.
[UID:2229][689680] Reached max children process limit: 6, extra: 2, current: 8, busy: 7, please increase LSAPI_CHILDREN.
[UID:2229][689680] Reached max children process limit: 6, extra: 2, current: 8, busy: 8, please increase LSAPI_CHILDREN.
Not Found: /favicon.ico
Not Found: /favicon.ico
Not Found: /sellers.json
Not Found: /app-ads.txt
Not Found: /ads.txt
Not Found: /favicon.ico
Not Found: /favicon.ico
Not Found: /sellers.json
Not Found: /ads.txt
Not Found: /app-ads.txt
Not Found: /ads.txt
Not Found: /sellers.json
Not Found: /app-ads.txt
Not Found: /sellers.json
Not Found: /app-ads.txt
Not Found: /ads.txt
Invalid HTTP_HOST header: 'chitwanremoval.com.au.studiorishav.com'. You may need to add 'chitwanremoval.com.au.studiorishav.com' to ALLOWED_HOSTS.
Traceback (most recent call last):
  File "/home1/studiori/virtualenv/chitwanremoval.com.au/chitwan_removal/3.10/lib/python3.10/site-packages/django/core/handlers/exception.py", line 55, in inner
    response = get_response(request)
  File "/home1/studiori/virtualenv/chitwanremoval.com.au/chitwan_removal/3.10/lib/python3.10/site-packages/django/utils/deprecation.py", line 119, in __call__
    response = self.process_request(request)
  File "/home1/studiori/virtualenv/chitwanremoval.com.au/chitwan_removal/3.10/lib/python3.10/site-packages/django/middleware/common.py", line 48, in process_request
    host = request.get_host()
  File "/home1/studiori/virtualenv/chitwanremoval.com.au/chitwan_removal/3.10/lib/python3.10/site-packages/django/http/request.py", line 203, in get_host
    raise DisallowedHost(msg)
django.core.exceptions.DisallowedHost: Invalid HTTP_HOST header: 'chitwanremoval.com.au.studiorishav.com'. You may need to add 'chitwanremoval.com.au.studiorishav.com' to ALLOWED_HOSTS.
Invalid HTTP_HOST header: 'chitwanremoval.com.au.studiorishav.com'. You may need to add 'chitwanremoval.com.au.studiorishav.com' to ALLOWED_HOSTS.
Traceback (most recent call last):
  File "/home1/studiori/virtualenv/chitwanremoval.com.au/chitwan_removal/3.10/lib/python3.10/site-packages/django/core/handlers/exception.py", line 55, in inner
    response = get_response(request)
  File "/home1/studiori/virtualenv/chitwanremoval.com.au/chitwan_removal/3.10/lib/python3.10/site-packages/django/utils/deprecation.py", line 119, in __call__
    response = self.process_request(request)
  File "/home1/studiori/virtualenv/chitwanremoval.com.au/chitwan_removal/3.10/lib/python3.10/site-packages/django/middleware/common.py", line 48, in process_request
    host = request.get_host()
  File "/home1/studiori/virtualenv/chitwanremoval.com.au/chitwan_removal/3.10/lib/python3.10/site-packages/django/http/request.py", line 203, in get_host
    raise DisallowedHost(msg)
django.core.exceptions.DisallowedHost: Invalid HTTP_HOST header: 'chitwanremoval.com.au.studiorishav.com'. You may need to add 'chitwanremoval.com.au.studiorishav.com' to ALLOWED_HOSTS.
Invalid HTTP_HOST header: 'chitwanremoval.com.au.studiorishav.com'. You may need to add 'chitwanremoval.com.au.studiorishav.com' to ALLOWED_HOSTS.
Traceback (most recent call last):
  File "/home1/studiori/virtualenv/chitwanremoval.com.au/chitwan_removal/3.10/lib/python3.10/site-packages/django/core/handlers/exception.py", line 55, in inner
    response = get_response(request)
  File "/home1/studiori/virtualenv/chitwanremoval.com.au/chitwan_removal/3.10/lib/python3.10/site-packages/django/utils/deprecation.py", line 119, in __call__
    response = self.process_request(request)
  File "/home1/studiori/virtualenv/chitwanremoval.com.au/chitwan_removal/3.10/lib/python3.10/site-packages/django/middleware/common.py", line 48, in process_request
    host = request.get_host()
  File "/home1/studiori/virtualenv/chitwanremoval.com.au/chitwan_removal/3.10/lib/python3.10/site-packages/django/http/request.py", line 203, in get_host
    raise DisallowedHost(msg)
django.core.exceptions.DisallowedHost: Invalid HTTP_HOST header: 'chitwanremoval.com.au.studiorishav.com'. You may need to add 'chitwanremoval.com.au.studiorishav.com' to ALLOWED_HOSTS.
Invalid HTTP_HOST header: 'chitwanremoval.com.au.studiorishav.com'. You may need to add 'chitwanremoval.com.au.studiorishav.com' to ALLOWED_HOSTS.
Traceback (most recent call last):
  File "/home1/studiori/virtualenv/chitwanremoval.com.au/chitwan_removal/3.10/lib/python3.10/site-packages/django/core/handlers/exception.py", line 55, in inner
    response = get_response(request)
  File "/home1/studiori/virtualenv/chitwanremoval.com.au/chitwan_removal/3.10/lib/python3.10/site-packages/django/utils/deprecation.py", line 119, in __call__
    response = self.process_request(request)
  File "/home1/studiori/virtualenv/chitwanremoval.com.au/chitwan_removal/3.10/lib/python3.10/site-packages/django/middleware/common.py", line 48, in process_request
    host = request.get_host()
  File "/home1/studiori/virtualenv/chitwanremoval.com.au/chitwan_removal/3.10/lib/python3.10/site-packages/django/http/request.py", line 203, in get_host
    raise DisallowedHost(msg)
django.core.exceptions.DisallowedHost: Invalid HTTP_HOST header: 'chitwanremoval.com.au.studiorishav.com'. You may need to add 'chitwanremoval.com.au.studiorishav.com' to ALLOWED_HOSTS.
Invalid HTTP_HOST header: 'chitwanremoval.com.au.studiorishav.com'. You may need to add 'chitwanremoval.com.au.studiorishav.com' to ALLOWED_HOSTS.
Traceback (most recent call last):
  File "/home1/studiori/virtualenv/chitwanremoval.com.au/chitwan_removal/3.10/lib/python3.10/site-packages/django/core/handlers/exception.py", line 55, in inner
    response = get_response(request)
  File "/home1/studiori/virtualenv/chitwanremoval.com.au/chitwan_removal/3.10/lib/python3.10/site-packages/django/utils/deprecation.py", line 119, in __call__
    response = self.process_request(request)
  File "/home1/studiori/virtualenv/chitwanremoval.com.au/chitwan_removal/3.10/lib/python3.10/site-packages/django/middleware/common.py", line 48, in process_request
    host = request.get_host()
  File "/home1/studiori/virtualenv/chitwanremoval.com.au/chitwan_removal/3.10/lib/python3.10/site-packages/django/http/request.py", line 203, in get_host
    raise DisallowedHost(msg)
django.core.exceptions.DisallowedHost: Invalid HTTP_HOST header: 'chitwanremoval.com.au.studiorishav.com'. You may need to add 'chitwanremoval.com.au.studiorishav.com' to ALLOWED_HOSTS.
Invalid HTTP_HOST header: 'chitwanremoval.com.au.studiorishav.com'. You may need to add 'chitwanremoval.com.au.studiorishav.com' to ALLOWED_HOSTS.
Traceback (most recent call last):
  File "/home1/studiori/virtualenv/chitwanremoval.com.au/chitwan_removal/3.10/lib/python3.10/site-packages/django/core/handlers/exception.py", line 55, in inner
    response = get_response(request)
  File "/home1/studiori/virtualenv/chitwanremoval.com.au/chitwan_removal/3.10/lib/python3.10/site-packages/django/utils/deprecation.py", line 119, in __call__
    response = self.process_request(request)
  File "/home1/studiori/virtualenv/chitwanremoval.com.au/chitwan_removal/3.10/lib/python3.10/site-packages/django/middleware/common.py", line 48, in process_request
    host = request.get_host()
  File "/home1/studiori/virtualenv/chitwanremoval.com.au/chitwan_removal/3.10/lib/python3.10/site-packages/django/http/request.py", line 203, in get_host
    raise DisallowedHost(msg)
django.core.exceptions.DisallowedHost: Invalid HTTP_HOST header: 'chitwanremoval.com.au.studiorishav.com'. You may need to add 'chitwanremoval.com.au.studiorishav.com' to ALLOWED_HOSTS.
Invalid HTTP_HOST header: 'chitwanremoval.com.au.studiorishav.com'. You may need to add 'chitwanremoval.com.au.studiorishav.com' to ALLOWED_HOSTS.
Traceback (most recent call last):
  File "/home1/studiori/virtualenv/chitwanremoval.com.au/chitwan_removal/3.10/lib/python3.10/site-packages/django/core/handlers/exception.py", line 55, in inner
    response = get_response(request)
  File "/home1/studiori/virtualenv/chitwanremoval.com.au/chitwan_removal/3.10/lib/python3.10/site-packages/django/utils/deprecation.py", line 119, in __call__
    response = self.process_request(request)
  File "/home1/studiori/virtualenv/chitwanremoval.com.au/chitwan_removal/3.10/lib/python3.10/site-packages/django/middleware/common.py", line 48, in process_request
    host = request.get_host()
  File "/home1/studiori/virtualenv/chitwanremoval.com.au/chitwan_removal/3.10/lib/python3.10/site-packages/django/http/request.py", line 203, in get_host
    raise DisallowedHost(msg)
django.core.exceptions.DisallowedHost: Invalid HTTP_HOST header: 'chitwanremoval.com.au.studiorishav.com'. You may need to add 'chitwanremoval.com.au.studiorishav.com' to ALLOWED_HOSTS.
Invalid HTTP_HOST header: 'chitwanremoval.com.au.studiorishav.com'. You may need to add 'chitwanremoval.com.au.studiorishav.com' to ALLOWED_HOSTS.
Traceback (most recent call last):
  File "/home1/studiori/virtualenv/chitwanremoval.com.au/chitwan_removal/3.10/lib/python3.10/site-packages/django/core/handlers/exception.py", line 55, in inner
    response = get_response(request)
  File "/home1/studiori/virtualenv/chitwanremoval.com.au/chitwan_removal/3.10/lib/python3.10/site-packages/django/utils/deprecation.py", line 119, in __call__
    response = self.process_request(request)
  File "/home1/studiori/virtualenv/chitwanremoval.com.au/chitwan_removal/3.10/lib/python3.10/site-packages/django/middleware/common.py", line 48, in process_request
    host = request.get_host()
  File "/home1/studiori/virtualenv/chitwanremoval.com.au/chitwan_removal/3.10/lib/python3.10/site-packages/django/http/request.py", line 203, in get_host
    raise DisallowedHost(msg)
django.core.exceptions.DisallowedHost: Invalid HTTP_HOST header: 'chitwanremoval.com.au.studiorishav.com'. You may need to add 'chitwanremoval.com.au.studiorishav.com' to ALLOWED_HOSTS.
Invalid HTTP_HOST header: 'chitwanremoval.com.au.studiorishav.com'. You may need to add 'chitwanremoval.com.au.studiorishav.com' to ALLOWED_HOSTS.
Traceback (most recent call last):
  File "/home1/studiori/virtualenv/chitwanremoval.com.au/chitwan_removal/3.10/lib/python3.10/site-packages/django/core/handlers/exception.py", line 55, in inner
    response = get_response(request)
  File "/home1/studiori/virtualenv/chitwanremoval.com.au/chitwan_removal/3.10/lib/python3.10/site-packages/django/utils/deprecation.py", line 119, in __call__
    response = self.process_request(request)
  File "/home1/studiori/virtualenv/chitwanremoval.com.au/chitwan_removal/3.10/lib/python3.10/site-packages/django/middleware/common.py", line 48, in process_request
    host = request.get_host()
  File "/home1/studiori/virtualenv/chitwanremoval.com.au/chitwan_removal/3.10/lib/python3.10/site-packages/django/http/request.py", line 203, in get_host
    raise DisallowedHost(msg)
django.core.exceptions.DisallowedHost: Invalid HTTP_HOST header: 'chitwanremoval.com.au.studiorishav.com'. You may need to add 'chitwanremoval.com.au.studiorishav.com' to ALLOWED_HOSTS.
Invalid HTTP_HOST header: 'chitwanremoval.com.au.studiorishav.com'. You may need to add 'chitwanremoval.com.au.studiorishav.com' to ALLOWED_HOSTS.
Traceback (most recent call last):
  File "/home1/studiori/virtualenv/chitwanremoval.com.au/chitwan_removal/3.10/lib/python3.10/site-packages/django/core/handlers/exception.py", line 55, in inner
    response = get_response(request)
  File "/home1/studiori/virtualenv/chitwanremoval.com.au/chitwan_removal/3.10/lib/python3.10/site-packages/django/utils/deprecation.py", line 119, in __call__
    response = self.process_request(request)
  File "/home1/studiori/virtualenv/chitwanremoval.com.au/chitwan_removal/3.10/lib/python3.10/site-packages/django/middleware/common.py", line 48, in process_request
    host = request.get_host()
  File "/home1/studiori/virtualenv/chitwanremoval.com.au/chitwan_removal/3.10/lib/python3.10/site-packages/django/http/request.py", line 203, in get_host
    raise DisallowedHost(msg)
django.core.exceptions.DisallowedHost: Invalid HTTP_HOST header: 'chitwanremoval.com.au.studiorishav.com'. You may need to add 'chitwanremoval.com.au.studiorishav.com' to ALLOWED_HOSTS.
Invalid HTTP_HOST header: 'www.chitwanremoval.com.au.studiorishav.com'. You may need to add 'www.chitwanremoval.com.au.studiorishav.com' to ALLOWED_HOSTS.
Traceback (most recent call last):
  File "/home1/studiori/virtualenv/chitwanremoval.com.au/chitwan_removal/3.10/lib/python3.10/site-packages/django/core/handlers/exception.py", line 55, in inner
    response = get_response(request)
  File "/home1/studiori/virtualenv/chitwanremoval.com.au/chitwan_removal/3.10/lib/python3.10/site-packages/django/utils/deprecation.py", line 119, in __call__
    response = self.process_request(request)
  File "/home1/studiori/virtualenv/chitwanremoval.com.au/chitwan_removal/3.10/lib/python3.10/site-packages/django/middleware/common.py", line 48, in process_request
    host = request.get_host()
  File "/home1/studiori/virtualenv/chitwanremoval.com.au/chitwan_removal/3.10/lib/python3.10/site-packages/django/http/request.py", line 203, in get_host
    raise DisallowedHost(msg)
django.core.exceptions.DisallowedHost: Invalid HTTP_HOST header: 'www.chitwanremoval.com.au.studiorishav.com'. You may need to add 'www.chitwanremoval.com.au.studiorishav.com' to ALLOWED_HOSTS.
Invalid HTTP_HOST header: 'www.chitwanremoval.com.au.studiorishav.com'. You may need to add 'www.chitwanremoval.com.au.studiorishav.com' to ALLOWED_HOSTS.
Traceback (most recent call last):
  File "/home1/studiori/virtualenv/chitwanremoval.com.au/chitwan_removal/3.10/lib/python3.10/site-packages/django/core/handlers/exception.py", line 55, in inner
    response = get_response(request)
  File "/home1/studiori/virtualenv/chitwanremoval.com.au/chitwan_removal/3.10/lib/python3.10/site-packages/django/utils/deprecation.py", line 119, in __call__
    response = self.process_request(request)
  File "/home1/studiori/virtualenv/chitwanremoval.com.au/chitwan_removal/3.10/lib/python3.10/site-packages/django/middleware/common.py", line 48, in process_request
    host = request.get_host()
  File "/home1/studiori/virtualenv/chitwanremoval.com.au/chitwan_removal/3.10/lib/python3.10/site-packages/django/http/request.py", line 203, in get_host
    raise DisallowedHost(msg)
django.core.exceptions.DisallowedHost: Invalid HTTP_HOST header: 'www.chitwanremoval.com.au.studiorishav.com'. You may need to add 'www.chitwanremoval.com.au.studiorishav.com' to ALLOWED_HOSTS.
Invalid HTTP_HOST header: 'www.chitwanremoval.com.au.studiorishav.com'. You may need to add 'www.chitwanremoval.com.au.studiorishav.com' to ALLOWED_HOSTS.
Traceback (most recent call last):
  File "/home1/studiori/virtualenv/chitwanremoval.com.au/chitwan_removal/3.10/lib/python3.10/site-packages/django/core/handlers/exception.py", line 55, in inner
    response = get_response(request)
  File "/home1/studiori/virtualenv/chitwanremoval.com.au/chitwan_removal/3.10/lib/python3.10/site-packages/django/utils/deprecation.py", line 119, in __call__
    response = self.process_request(request)
  File "/home1/studiori/virtualenv/chitwanremoval.com.au/chitwan_removal/3.10/lib/python3.10/site-packages/django/middleware/common.py", line 48, in process_request
    host = request.get_host()
  File "/home1/studiori/virtualenv/chitwanremoval.com.au/chitwan_removal/3.10/lib/python3.10/site-packages/django/http/request.py", line 203, in get_host
    raise DisallowedHost(msg)
django.core.exceptions.DisallowedHost: Invalid HTTP_HOST header: 'www.chitwanremoval.com.au.studiorishav.com'. You may need to add 'www.chitwanremoval.com.au.studiorishav.com' to ALLOWED_HOSTS.
Invalid HTTP_HOST header: 'www.chitwanremoval.com.au.studiorishav.com'. You may need to add 'www.chitwanremoval.com.au.studiorishav.com' to ALLOWED_HOSTS.
Traceback (most recent call last):
  File "/home1/studiori/virtualenv/chitwanremoval.com.au/chitwan_removal/3.10/lib/python3.10/site-packages/django/core/handlers/exception.py", line 55, in inner
    response = get_response(request)
  File "/home1/studiori/virtualenv/chitwanremoval.com.au/chitwan_removal/3.10/lib/python3.10/site-packages/django/utils/deprecation.py", line 119, in __call__
    response = self.process_request(request)
  File "/home1/studiori/virtualenv/chitwanremoval.com.au/chitwan_removal/3.10/lib/python3.10/site-packages/django/middleware/common.py", line 48, in process_request
    host = request.get_host()
  File "/home1/studiori/virtualenv/chitwanremoval.com.au/chitwan_removal/3.10/lib/python3.10/site-packages/django/http/request.py", line 203, in get_host
    raise DisallowedHost(msg)
django.core.exceptions.DisallowedHost: Invalid HTTP_HOST header: 'www.chitwanremoval.com.au.studiorishav.com'. You may need to add 'www.chitwanremoval.com.au.studiorishav.com' to ALLOWED_HOSTS.
Invalid HTTP_HOST header: 'www.chitwanremoval.com.au.studiorishav.com'. You may need to add 'www.chitwanremoval.com.au.studiorishav.com' to ALLOWED_HOSTS.
Traceback (most recent call last):
  File "/home1/studiori/virtualenv/chitwanremoval.com.au/chitwan_removal/3.10/lib/python3.10/site-packages/django/core/handlers/exception.py", line 55, in inner
    response = get_response(request)
  File "/home1/studiori/virtualenv/chitwanremoval.com.au/chitwan_removal/3.10/lib/python3.10/site-packages/django/utils/deprecation.py", line 119, in __call__
    response = self.process_request(request)
  File "/home1/studiori/virtualenv/chitwanremoval.com.au/chitwan_removal/3.10/lib/python3.10/site-packages/django/middleware/common.py", line 48, in process_request
    host = request.get_host()
  File "/home1/studiori/virtualenv/chitwanremoval.com.au/chitwan_removal/3.10/lib/python3.10/site-packages/django/http/request.py", line 203, in get_host
    raise DisallowedHost(msg)
django.core.exceptions.DisallowedHost: Invalid HTTP_HOST header: 'www.chitwanremoval.com.au.studiorishav.com'. You may need to add 'www.chitwanremoval.com.au.studiorishav.com' to ALLOWED_HOSTS.
Invalid HTTP_HOST header: 'www.chitwanremoval.com.au.studiorishav.com'. You may need to add 'www.chitwanremoval.com.au.studiorishav.com' to ALLOWED_HOSTS.
Traceback (most recent call last):
  File "/home1/studiori/virtualenv/chitwanremoval.com.au/chitwan_removal/3.10/lib/python3.10/site-packages/django/core/handlers/exception.py", line 55, in inner
    response = get_response(request)
  File "/home1/studiori/virtualenv/chitwanremoval.com.au/chitwan_removal/3.10/lib/python3.10/site-packages/django/utils/deprecation.py", line 119, in __call__
    response = self.process_request(request)
  File "/home1/studiori/virtualenv/chitwanremoval.com.au/chitwan_removal/3.10/lib/python3.10/site-packages/django/middleware/common.py", line 48, in process_request
    host = request.get_host()
  File "/home1/studiori/virtualenv/chitwanremoval.com.au/chitwan_removal/3.10/lib/python3.10/site-packages/django/http/request.py", line 203, in get_host
    raise DisallowedHost(msg)
django.core.exceptions.DisallowedHost: Invalid HTTP_HOST header: 'www.chitwanremoval.com.au.studiorishav.com'. You may need to add 'www.chitwanremoval.com.au.studiorishav.com' to ALLOWED_HOSTS.
Invalid HTTP_HOST header: 'www.chitwanremoval.com.au.studiorishav.com'. You may need to add 'www.chitwanremoval.com.au.studiorishav.com' to ALLOWED_HOSTS.
Traceback (most recent call last):
  File "/home1/studiori/virtualenv/chitwanremoval.com.au/chitwan_removal/3.10/lib/python3.10/site-packages/django/core/handlers/exception.py", line 55, in inner
    response = get_response(request)
  File "/home1/studiori/virtualenv/chitwanremoval.com.au/chitwan_removal/3.10/lib/python3.10/site-packages/django/utils/deprecation.py", line 119, in __call__
    response = self.process_request(request)
  File "/home1/studiori/virtualenv/chitwanremoval.com.au/chitwan_removal/3.10/lib/python3.10/site-packages/django/middleware/common.py", line 48, in process_request
    host = request.get_host()
  File "/home1/studiori/virtualenv/chitwanremoval.com.au/chitwan_removal/3.10/lib/python3.10/site-packages/django/http/request.py", line 203, in get_host
    raise DisallowedHost(msg)
django.core.exceptions.DisallowedHost: Invalid HTTP_HOST header: 'www.chitwanremoval.com.au.studiorishav.com'. You may need to add 'www.chitwanremoval.com.au.studiorishav.com' to ALLOWED_HOSTS.
Not Found: /.env
Not Found: /config.json
Not Found: /.aws/credentials
[UID:2229][3328819] Reached max children process limit: 6, extra: 2, current: 8, busy: 8, please increase LSAPI_CHILDREN.
Not Found: /js/config.js
Not Found: /backend/.env
Not Found: /api/.env
Not Found: /.env.local
Not Found: /.env.production
[UID:2229][3328819] Reached max children process limit: 6, extra: 2, current: 8, busy: 8, please increase LSAPI_CHILDREN.
[UID:2229][3328819] Reached max children process limit: 6, extra: 2, current: 8, busy: 8, please increase LSAPI_CHILDREN.
[UID:2229][3328819] Reached max children process limit: 6, extra: 2, current: 8, busy: 8, please increase LSAPI_CHILDREN.
[UID:2229][3328819] Reached max children process limit: 6, extra: 2, current: 8, busy: 8, please increase LSAPI_CHILDREN.
[UID:2229][3328819] Reached max children process limit: 6, extra: 2, current: 8, busy: 8, please increase LSAPI_CHILDREN.
[UID:2229][3328819] Reached max children process limit: 6, extra: 2, current: 8, busy: 8, please increase LSAPI_CHILDREN.
[UID:2229][3328819] Reached max children process limit: 6, extra: 2, current: 8, busy: 8, please increase LSAPI_CHILDREN.
[UID:2229][3328819] Reached max children process limit: 6, extra: 2, current: 8, busy: 8, please increase LSAPI_CHILDREN.
[UID:2229][3328819] Reached max children process limit: 6, extra: 2, current: 8, busy: 8, please increase LSAPI_CHILDREN.
[UID:2229][3328819] Reached max children process limit: 6, extra: 2, current: 8, busy: 8, please increase LSAPI_CHILDREN.
[UID:2229][3328819] Reached max children process limit: 6, extra: 2, current: 8, busy: 8, please increase LSAPI_CHILDREN.
[UID:2229][3328819] Reached max children process limit: 6, extra: 2, current: 8, busy: 7, please increase LSAPI_CHILDREN.
Not Found: /.env.development
[UID:2229][3328819] Reached max children process limit: 6, extra: 2, current: 8, busy: 8, please increase LSAPI_CHILDREN.
[UID:2229][3328819] Reached max children process limit: 6, extra: 2, current: 8, busy: 8, please increase LSAPI_CHILDREN.
[UID:2229][3328819] Reached max children process limit: 6, extra: 2, current: 8, busy: 8, please increase LSAPI_CHILDREN.
[UID:2229][3328819] Reached max children process limit: 6, extra: 2, current: 8, busy: 8, please increase LSAPI_CHILDREN.
[UID:2229][3328819] Reached max children process limit: 6, extra: 2, current: 8, busy: 8, please increase LSAPI_CHILDREN.
[UID:2229][3328819] Reached max children process limit: 6, extra: 2, current: 8, busy: 8, please increase LSAPI_CHILDREN.
[UID:2229][3328819] Reached max children process limit: 6, extra: 2, current: 8, busy: 8, please increase LSAPI_CHILDREN.
[UID:2229][3328819] Reached max children process limit: 6, extra: 2, current: 8, busy: 8, please increase LSAPI_CHILDREN.
[UID:2229][3328819] Reached max children process limit: 6, extra: 2, current: 8, busy: 8, please increase LSAPI_CHILDREN.
[UID:2229][3328819] Reached max children process limit: 6, extra: 2, current: 8, busy: 7, please increase LSAPI_CHILDREN.
Not Found: /env
Not Found: /wp-content/plugins/hellopress/wp_filemanager.php
Not Found: /this_is_a_new_hello_world.php
Not Found: /img.php
Not Found: /aa.php//aa.php
Not Found: /av.php//av.php
Not Found: /media.php
Not Found: /images.php
Not Found: /admin.php
Not Found: /222.php
Not Found: /mac.php
Not Found: /ops.php
Not Found: /8.php
Not Found: /biufile.php
Not Found: /coffexium.php
Not Found: /dex.php
Not Found: /1.php
Not Found: /coffee.php
Not Found: /classwithtostring.php
Not Found: /wp-ws68.php
Not Found: /mgrr.php
Not Found: /55.php
Not Found: /ajax.php
Not Found: /yj09.php
Not Found: /scxy.php
Not Found: /ws13.php
Not Found: /btx25.php
Not Found: /SDsadqwrf.php
Not Found: /3PJcpMFsD8B.php
Not Found: /BDKR28WP.php
Not Found: /sky.php
Not Found: /file5.php
Not Found: /xyn.php
Not Found: /4PJcpMFsD8B.php
Not Found: /inso.php
Not Found: /puc.php
Not Found: /19.php
Not Found: /133.php
Not Found: /1xmomo.php
Not Found: /mosty.php//mosty.php
Not Found: /blurbs.php
Not Found: /bajah.php
Not Found: /h.php
Not Found: /ano.php
Not Found: /ai.php
Not Found: /w1px.php
Not Found: /zi-936.php
Not Found: /dcsgumnm.php
Not Found: /wp-includes/js/jquery//wp-includes/js/jquery/
Not Found: /php.php
Not Found: /sf.php
Not Found: /xx.php
Not Found: /uwu.php
Not Found: /signon.php
Not Found: /file61.php
Not Found: /copypaths.php
Not Found: /bless6.php
Not Found: /special.php
Not Found: /fz.php
Not Found: /clque.php
Not Found: /nano.php
Not Found: /.mopj.php
Not Found: /bengi.php
Not Found: /file2.php
Not Found: /gm.php
Not Found: /ws55.php
Not Found: /m.php
Not Found: /33.php
Not Found: /packed.php
Invalid HTTP_HOST header: 'www.chitwanremoval.com.au.studiorishav.com'. You may need to add 'www.chitwanremoval.com.au.studiorishav.com' to ALLOWED_HOSTS.
Traceback (most recent call last):
  File "/home1/studiori/virtualenv/chitwanremoval.com.au/chitwan_removal/3.10/lib/python3.10/site-packages/django/core/handlers/exception.py", line 55, in inner
    response = get_response(request)
  File "/home1/studiori/virtualenv/chitwanremoval.com.au/chitwan_removal/3.10/lib/python3.10/site-packages/django/utils/deprecation.py", line 119, in __call__
    response = self.process_request(request)
  File "/home1/studiori/virtualenv/chitwanremoval.com.au/chitwan_removal/3.10/lib/python3.10/site-packages/django/middleware/common.py", line 48, in process_request
    host = request.get_host()
  File "/home1/studiori/virtualenv/chitwanremoval.com.au/chitwan_removal/3.10/lib/python3.10/site-packages/django/http/request.py", line 203, in get_host
    raise DisallowedHost(msg)
django.core.exceptions.DisallowedHost: Invalid HTTP_HOST header: 'www.chitwanremoval.com.au.studiorishav.com'. You may need to add 'www.chitwanremoval.com.au.studiorishav.com' to ALLOWED_HOSTS.
Invalid HTTP_HOST header: 'www.chitwanremoval.com.au.studiorishav.com'. You may need to add 'www.chitwanremoval.com.au.studiorishav.com' to ALLOWED_HOSTS.
Traceback (most recent call last):
  File "/home1/studiori/virtualenv/chitwanremoval.com.au/chitwan_removal/3.10/lib/python3.10/site-packages/django/core/handlers/exception.py", line 55, in inner
    response = get_response(request)
  File "/home1/studiori/virtualenv/chitwanremoval.com.au/chitwan_removal/3.10/lib/python3.10/site-packages/django/utils/deprecation.py", line 119, in __call__
    response = self.process_request(request)
  File "/home1/studiori/virtualenv/chitwanremoval.com.au/chitwan_removal/3.10/lib/python3.10/site-packages/django/middleware/common.py", line 48, in process_request
    host = request.get_host()
  File "/home1/studiori/virtualenv/chitwanremoval.com.au/chitwan_removal/3.10/lib/python3.10/site-packages/django/http/request.py", line 203, in get_host
    raise DisallowedHost(msg)
django.core.exceptions.DisallowedHost: Invalid HTTP_HOST header: 'www.chitwanremoval.com.au.studiorishav.com'. You may need to add 'www.chitwanremoval.com.au.studiorishav.com' to ALLOWED_HOSTS.
Not Found: /static/images/interstate_moves.jpeg
Invalid HTTP_HOST header: 'chitwanremoval.com.au.studiorishav.com'. You may need to add 'chitwanremoval.com.au.studiorishav.com' to ALLOWED_HOSTS.
Traceback (most recent call last):
  File "/home1/studiori/virtualenv/chitwanremoval.com.au/chitwan_removal/3.10/lib/python3.10/site-packages/django/core/handlers/exception.py", line 55, in inner
    response = get_response(request)
  File "/home1/studiori/virtualenv/chitwanremoval.com.au/chitwan_removal/3.10/lib/python3.10/site-packages/django/utils/deprecation.py", line 119, in __call__
    response = self.process_request(request)
  File "/home1/studiori/virtualenv/chitwanremoval.com.au/chitwan_removal/3.10/lib/python3.10/site-packages/django/middleware/common.py", line 48, in process_request
    host = request.get_host()
  File "/home1/studiori/virtualenv/chitwanremoval.com.au/chitwan_removal/3.10/lib/python3.10/site-packages/django/http/request.py", line 203, in get_host
    raise DisallowedHost(msg)
django.core.exceptions.DisallowedHost: Invalid HTTP_HOST header: 'chitwanremoval.com.au.studiorishav.com'. You may need to add 'chitwanremoval.com.au.studiorishav.com' to ALLOWED_HOSTS.
Invalid HTTP_HOST header: 'www.chitwanremoval.com.au.studiorishav.com'. You may need to add 'www.chitwanremoval.com.au.studiorishav.com' to ALLOWED_HOSTS.
Traceback (most recent call last):
  File "/home1/studiori/virtualenv/chitwanremoval.com.au/chitwan_removal/3.10/lib/python3.10/site-packages/django/core/handlers/exception.py", line 55, in inner
    response = get_response(request)
  File "/home1/studiori/virtualenv/chitwanremoval.com.au/chitwan_removal/3.10/lib/python3.10/site-packages/django/utils/deprecation.py", line 119, in __call__
    response = self.process_request(request)
  File "/home1/studiori/virtualenv/chitwanremoval.com.au/chitwan_removal/3.10/lib/python3.10/site-packages/django/middleware/common.py", line 48, in process_request
    host = request.get_host()
  File "/home1/studiori/virtualenv/chitwanremoval.com.au/chitwan_removal/3.10/lib/python3.10/site-packages/django/http/request.py", line 203, in get_host
    raise DisallowedHost(msg)
django.core.exceptions.DisallowedHost: Invalid HTTP_HOST header: 'www.chitwanremoval.com.au.studiorishav.com'. You may need to add 'www.chitwanremoval.com.au.studiorishav.com' to ALLOWED_HOSTS.
Not Found: /static/images/interstate_moves.jpeg
Not Found: /static/images/interstate_moves.jpeg
Not Found: /static/images/interstate_moves.jpeg
Not Found: /static/images/interstate_moves.jpeg
Not Found: /static/images/interstate_moves.jpeg
Invalid HTTP_HOST header: 'chitwanremoval.com.au.studiorishav.com'. You may need to add 'chitwanremoval.com.au.studiorishav.com' to ALLOWED_HOSTS.
Traceback (most recent call last):
  File "/home1/studiori/virtualenv/chitwanremoval.com.au/chitwan_removal/3.10/lib/python3.10/site-packages/django/core/handlers/exception.py", line 55, in inner
    response = get_response(request)
  File "/home1/studiori/virtualenv/chitwanremoval.com.au/chitwan_removal/3.10/lib/python3.10/site-packages/django/utils/deprecation.py", line 119, in __call__
    response = self.process_request(request)
  File "/home1/studiori/virtualenv/chitwanremoval.com.au/chitwan_removal/3.10/lib/python3.10/site-packages/django/middleware/common.py", line 48, in process_request
    host = request.get_host()
  File "/home1/studiori/virtualenv/chitwanremoval.com.au/chitwan_removal/3.10/lib/python3.10/site-packages/django/http/request.py", line 203, in get_host
    raise DisallowedHost(msg)
django.core.exceptions.DisallowedHost: Invalid HTTP_HOST header: 'chitwanremoval.com.au.studiorishav.com'. You may need to add 'chitwanremoval.com.au.studiorishav.com' to ALLOWED_HOSTS.
Invalid HTTP_HOST header: 'chitwanremoval.com.au.studiorishav.com'. You may need to add 'chitwanremoval.com.au.studiorishav.com' to ALLOWED_HOSTS.
Traceback (most recent call last):
  File "/home1/studiori/virtualenv/chitwanremoval.com.au/chitwan_removal/3.10/lib/python3.10/site-packages/django/core/handlers/exception.py", line 55, in inner
    response = get_response(request)
  File "/home1/studiori/virtualenv/chitwanremoval.com.au/chitwan_removal/3.10/lib/python3.10/site-packages/django/utils/deprecation.py", line 119, in __call__
    response = self.process_request(request)
  File "/home1/studiori/virtualenv/chitwanremoval.com.au/chitwan_removal/3.10/lib/python3.10/site-packages/django/middleware/common.py", line 48, in process_request
    host = request.get_host()
  File "/home1/studiori/virtualenv/chitwanremoval.com.au/chitwan_removal/3.10/lib/python3.10/site-packages/django/http/request.py", line 203, in get_host
    raise DisallowedHost(msg)
django.core.exceptions.DisallowedHost: Invalid HTTP_HOST header: 'chitwanremoval.com.au.studiorishav.com'. You may need to add 'chitwanremoval.com.au.studiorishav.com' to ALLOWED_HOSTS.
Invalid HTTP_HOST header: 'chitwanremoval.com.au.studiorishav.com'. You may need to add 'chitwanremoval.com.au.studiorishav.com' to ALLOWED_HOSTS.
Traceback (most recent call last):
  File "/home1/studiori/virtualenv/chitwanremoval.com.au/chitwan_removal/3.10/lib/python3.10/site-packages/django/core/handlers/exception.py", line 55, in inner
    response = get_response(request)
  File "/home1/studiori/virtualenv/chitwanremoval.com.au/chitwan_removal/3.10/lib/python3.10/site-packages/django/utils/deprecation.py", line 119, in __call__
    response = self.process_request(request)
  File "/home1/studiori/virtualenv/chitwanremoval.com.au/chitwan_removal/3.10/lib/python3.10/site-packages/django/middleware/common.py", line 48, in process_request
    host = request.get_host()
  File "/home1/studiori/virtualenv/chitwanremoval.com.au/chitwan_removal/3.10/lib/python3.10/site-packages/django/http/request.py", line 203, in get_host
    raise DisallowedHost(msg)
django.core.exceptions.DisallowedHost: Invalid HTTP_HOST header: 'chitwanremoval.com.au.studiorishav.com'. You may need to add 'chitwanremoval.com.au.studiorishav.com' to ALLOWED_HOSTS.
Invalid HTTP_HOST header: 'chitwanremoval.com.au.studiorishav.com'. You may need to add 'chitwanremoval.com.au.studiorishav.com' to ALLOWED_HOSTS.
Traceback (most recent call last):
  File "/home1/studiori/virtualenv/chitwanremoval.com.au/chitwan_removal/3.10/lib/python3.10/site-packages/django/core/handlers/exception.py", line 55, in inner
    response = get_response(request)
  File "/home1/studiori/virtualenv/chitwanremoval.com.au/chitwan_removal/3.10/lib/python3.10/site-packages/django/utils/deprecation.py", line 119, in __call__
    response = self.process_request(request)
  File "/home1/studiori/virtualenv/chitwanremoval.com.au/chitwan_removal/3.10/lib/python3.10/site-packages/django/middleware/common.py", line 48, in process_request
    host = request.get_host()
  File "/home1/studiori/virtualenv/chitwanremoval.com.au/chitwan_removal/3.10/lib/python3.10/site-packages/django/http/request.py", line 203, in get_host
    raise DisallowedHost(msg)
django.core.exceptions.DisallowedHost: Invalid HTTP_HOST header: 'chitwanremoval.com.au.studiorishav.com'. You may need to add 'chitwanremoval.com.au.studiorishav.com' to ALLOWED_HOSTS.
Invalid HTTP_HOST header: 'chitwanremoval.com.au.studiorishav.com'. You may need to add 'chitwanremoval.com.au.studiorishav.com' to ALLOWED_HOSTS.
Traceback (most recent call last):
  File "/home1/studiori/virtualenv/chitwanremoval.com.au/chitwan_removal/3.10/lib/python3.10/site-packages/django/core/handlers/exception.py", line 55, in inner
    response = get_response(request)
  File "/home1/studiori/virtualenv/chitwanremoval.com.au/chitwan_removal/3.10/lib/python3.10/site-packages/django/utils/deprecation.py", line 119, in __call__
    response = self.process_request(request)
  File "/home1/studiori/virtualenv/chitwanremoval.com.au/chitwan_removal/3.10/lib/python3.10/site-packages/django/middleware/common.py", line 48, in process_request
    host = request.get_host()
  File "/home1/studiori/virtualenv/chitwanremoval.com.au/chitwan_removal/3.10/lib/python3.10/site-packages/django/http/request.py", line 203, in get_host
    raise DisallowedHost(msg)
django.core.exceptions.DisallowedHost: Invalid HTTP_HOST header: 'chitwanremoval.com.au.studiorishav.com'. You may need to add 'chitwanremoval.com.au.studiorishav.com' to ALLOWED_HOSTS.
Invalid HTTP_HOST header: 'chitwanremoval.com.au.studiorishav.com'. You may need to add 'chitwanremoval.com.au.studiorishav.com' to ALLOWED_HOSTS.
Traceback (most recent call last):
  File "/home1/studiori/virtualenv/chitwanremoval.com.au/chitwan_removal/3.10/lib/python3.10/site-packages/django/core/handlers/exception.py", line 55, in inner
    response = get_response(request)
  File "/home1/studiori/virtualenv/chitwanremoval.com.au/chitwan_removal/3.10/lib/python3.10/site-packages/django/utils/deprecation.py", line 119, in __call__
    response = self.process_request(request)
  File "/home1/studiori/virtualenv/chitwanremoval.com.au/chitwan_removal/3.10/lib/python3.10/site-packages/django/middleware/common.py", line 48, in process_request
    host = request.get_host()
  File "/home1/studiori/virtualenv/chitwanremoval.com.au/chitwan_removal/3.10/lib/python3.10/site-packages/django/http/request.py", line 203, in get_host
    raise DisallowedHost(msg)
django.core.exceptions.DisallowedHost: Invalid HTTP_HOST header: 'chitwanremoval.com.au.studiorishav.com'. You may need to add 'chitwanremoval.com.au.studiorishav.com' to ALLOWED_HOSTS.
Invalid HTTP_HOST header: 'chitwanremoval.com.au.studiorishav.com'. You may need to add 'chitwanremoval.com.au.studiorishav.com' to ALLOWED_HOSTS.
Traceback (most recent call last):
  File "/home1/studiori/virtualenv/chitwanremoval.com.au/chitwan_removal/3.10/lib/python3.10/site-packages/django/core/handlers/exception.py", line 55, in inner
    response = get_response(request)
  File "/home1/studiori/virtualenv/chitwanremoval.com.au/chitwan_removal/3.10/lib/python3.10/site-packages/django/utils/deprecation.py", line 119, in __call__
    response = self.process_request(request)
  File "/home1/studiori/virtualenv/chitwanremoval.com.au/chitwan_removal/3.10/lib/python3.10/site-packages/django/middleware/common.py", line 48, in process_request
    host = request.get_host()
  File "/home1/studiori/virtualenv/chitwanremoval.com.au/chitwan_removal/3.10/lib/python3.10/site-packages/django/http/request.py", line 203, in get_host
    raise DisallowedHost(msg)
django.core.exceptions.DisallowedHost: Invalid HTTP_HOST header: 'chitwanremoval.com.au.studiorishav.com'. You may need to add 'chitwanremoval.com.au.studiorishav.com' to ALLOWED_HOSTS.
Invalid HTTP_HOST header: 'chitwanremoval.com.au.studiorishav.com'. You may need to add 'chitwanremoval.com.au.studiorishav.com' to ALLOWED_HOSTS.
Traceback (most recent call last):
  File "/home1/studiori/virtualenv/chitwanremoval.com.au/chitwan_removal/3.10/lib/python3.10/site-packages/django/core/handlers/exception.py", line 55, in inner
    response = get_response(request)
  File "/home1/studiori/virtualenv/chitwanremoval.com.au/chitwan_removal/3.10/lib/python3.10/site-packages/django/utils/deprecation.py", line 119, in __call__
    response = self.process_request(request)
  File "/home1/studiori/virtualenv/chitwanremoval.com.au/chitwan_removal/3.10/lib/python3.10/site-packages/django/middleware/common.py", line 48, in process_request
    host = request.get_host()
  File "/home1/studiori/virtualenv/chitwanremoval.com.au/chitwan_removal/3.10/lib/python3.10/site-packages/django/http/request.py", line 203, in get_host
    raise DisallowedHost(msg)
django.core.exceptions.DisallowedHost: Invalid HTTP_HOST header: 'chitwanremoval.com.au.studiorishav.com'. You may need to add 'chitwanremoval.com.au.studiorishav.com' to ALLOWED_HOSTS.
Invalid HTTP_HOST header: 'chitwanremoval.com.au.studiorishav.com'. You may need to add 'chitwanremoval.com.au.studiorishav.com' to ALLOWED_HOSTS.
Traceback (most recent call last):
  File "/home1/studiori/virtualenv/chitwanremoval.com.au/chitwan_removal/3.10/lib/python3.10/site-packages/django/core/handlers/exception.py", line 55, in inner
    response = get_response(request)
  File "/home1/studiori/virtualenv/chitwanremoval.com.au/chitwan_removal/3.10/lib/python3.10/site-packages/django/utils/deprecation.py", line 119, in __call__
    response = self.process_request(request)
  File "/home1/studiori/virtualenv/chitwanremoval.com.au/chitwan_removal/3.10/lib/python3.10/site-packages/django/middleware/common.py", line 48, in process_request
    host = request.get_host()
  File "/home1/studiori/virtualenv/chitwanremoval.com.au/chitwan_removal/3.10/lib/python3.10/site-packages/django/http/request.py", line 203, in get_host
    raise DisallowedHost(msg)
django.core.exceptions.DisallowedHost: Invalid HTTP_HOST header: 'chitwanremoval.com.au.studiorishav.com'. You may need to add 'chitwanremoval.com.au.studiorishav.com' to ALLOWED_HOSTS.
Invalid HTTP_HOST header: 'chitwanremoval.com.au.studiorishav.com'. You may need to add 'chitwanremoval.com.au.studiorishav.com' to ALLOWED_HOSTS.
Traceback (most recent call last):
  File "/home1/studiori/virtualenv/chitwanremoval.com.au/chitwan_removal/3.10/lib/python3.10/site-packages/django/core/handlers/exception.py", line 55, in inner
    response = get_response(request)
  File "/home1/studiori/virtualenv/chitwanremoval.com.au/chitwan_removal/3.10/lib/python3.10/site-packages/django/utils/deprecation.py", line 119, in __call__
    response = self.process_request(request)
  File "/home1/studiori/virtualenv/chitwanremoval.com.au/chitwan_removal/3.10/lib/python3.10/site-packages/django/middleware/common.py", line 48, in process_request
    host = request.get_host()
  File "/home1/studiori/virtualenv/chitwanremoval.com.au/chitwan_removal/3.10/lib/python3.10/site-packages/django/http/request.py", line 203, in get_host
    raise DisallowedHost(msg)
django.core.exceptions.DisallowedHost: Invalid HTTP_HOST header: 'chitwanremoval.com.au.studiorishav.com'. You may need to add 'chitwanremoval.com.au.studiorishav.com' to ALLOWED_HOSTS.
Invalid HTTP_HOST header: 'chitwanremoval.com.au.studiorishav.com'. You may need to add 'chitwanremoval.com.au.studiorishav.com' to ALLOWED_HOSTS.
Traceback (most recent call last):
  File "/home1/studiori/virtualenv/chitwanremoval.com.au/chitwan_removal/3.10/lib/python3.10/site-packages/django/core/handlers/exception.py", line 55, in inner
    response = get_response(request)
  File "/home1/studiori/virtualenv/chitwanremoval.com.au/chitwan_removal/3.10/lib/python3.10/site-packages/django/utils/deprecation.py", line 119, in __call__
    response = self.process_request(request)
  File "/home1/studiori/virtualenv/chitwanremoval.com.au/chitwan_removal/3.10/lib/python3.10/site-packages/django/middleware/common.py", line 48, in process_request
    host = request.get_host()
  File "/home1/studiori/virtualenv/chitwanremoval.com.au/chitwan_removal/3.10/lib/python3.10/site-packages/django/http/request.py", line 203, in get_host
    raise DisallowedHost(msg)
django.core.exceptions.DisallowedHost: Invalid HTTP_HOST header: 'chitwanremoval.com.au.studiorishav.com'. You may need to add 'chitwanremoval.com.au.studiorishav.com' to ALLOWED_HOSTS.
Invalid HTTP_HOST header: 'chitwanremoval.com.au.studiorishav.com'. You may need to add 'chitwanremoval.com.au.studiorishav.com' to ALLOWED_HOSTS.
Traceback (most recent call last):
  File "/home1/studiori/virtualenv/chitwanremoval.com.au/chitwan_removal/3.10/lib/python3.10/site-packages/django/core/handlers/exception.py", line 55, in inner
    response = get_response(request)
  File "/home1/studiori/virtualenv/chitwanremoval.com.au/chitwan_removal/3.10/lib/python3.10/site-packages/django/utils/deprecation.py", line 119, in __call__
    response = self.process_request(request)
  File "/home1/studiori/virtualenv/chitwanremoval.com.au/chitwan_removal/3.10/lib/python3.10/site-packages/django/middleware/common.py", line 48, in process_request
    host = request.get_host()
  File "/home1/studiori/virtualenv/chitwanremoval.com.au/chitwan_removal/3.10/lib/python3.10/site-packages/django/http/request.py", line 203, in get_host
    raise DisallowedHost(msg)
django.core.exceptions.DisallowedHost: Invalid HTTP_HOST header: 'chitwanremoval.com.au.studiorishav.com'. You may need to add 'chitwanremoval.com.au.studiorishav.com' to ALLOWED_HOSTS.
Invalid HTTP_HOST header: 'chitwanremoval.com.au.studiorishav.com'. You may need to add 'chitwanremoval.com.au.studiorishav.com' to ALLOWED_HOSTS.
Traceback (most recent call last):
  File "/home1/studiori/virtualenv/chitwanremoval.com.au/chitwan_removal/3.10/lib/python3.10/site-packages/django/core/handlers/exception.py", line 55, in inner
    response = get_response(request)
  File "/home1/studiori/virtualenv/chitwanremoval.com.au/chitwan_removal/3.10/lib/python3.10/site-packages/django/utils/deprecation.py", line 119, in __call__
    response = self.process_request(request)
  File "/home1/studiori/virtualenv/chitwanremoval.com.au/chitwan_removal/3.10/lib/python3.10/site-packages/django/middleware/common.py", line 48, in process_request
    host = request.get_host()
  File "/home1/studiori/virtualenv/chitwanremoval.com.au/chitwan_removal/3.10/lib/python3.10/site-packages/django/http/request.py", line 203, in get_host
    raise DisallowedHost(msg)
django.core.exceptions.DisallowedHost: Invalid HTTP_HOST header: 'chitwanremoval.com.au.studiorishav.com'. You may need to add 'chitwanremoval.com.au.studiorishav.com' to ALLOWED_HOSTS.
Not Found: /static/images/interstate_moves.jpeg
Not Found: /static/images/interstate_moves.jpeg
Invalid HTTP_HOST header: 'chitwanremoval.com.au.studiorishav.com'. You may need to add 'chitwanremoval.com.au.studiorishav.com' to ALLOWED_HOSTS.
Traceback (most recent call last):
  File "/home1/studiori/virtualenv/chitwanremoval.com.au/chitwan_removal/3.10/lib/python3.10/site-packages/django/core/handlers/exception.py", line 55, in inner
    response = get_response(request)
  File "/home1/studiori/virtualenv/chitwanremoval.com.au/chitwan_removal/3.10/lib/python3.10/site-packages/django/utils/deprecation.py", line 119, in __call__
    response = self.process_request(request)
  File "/home1/studiori/virtualenv/chitwanremoval.com.au/chitwan_removal/3.10/lib/python3.10/site-packages/django/middleware/common.py", line 48, in process_request
    host = request.get_host()
  File "/home1/studiori/virtualenv/chitwanremoval.com.au/chitwan_removal/3.10/lib/python3.10/site-packages/django/http/request.py", line 203, in get_host
    raise DisallowedHost(msg)
django.core.exceptions.DisallowedHost: Invalid HTTP_HOST header: 'chitwanremoval.com.au.studiorishav.com'. You may need to add 'chitwanremoval.com.au.studiorishav.com' to ALLOWED_HOSTS.
Not Found: /static/images/interstate_moves.jpeg
Not Found: /static/images/interstate_moves.jpeg
[UID:2229][1504092] Reached max children process limit: 6, extra: 2, current: 8, busy: 7, please increase LSAPI_CHILDREN.
[UID:2229][1504092] Reached max children process limit: 6, extra: 2, current: 8, busy: 8, please increase LSAPI_CHILDREN.
[UID:2229][1504092] Reached max children process limit: 6, extra: 2, current: 8, busy: 8, please increase LSAPI_CHILDREN.
[UID:2229][1504092] Reached max children process limit: 6, extra: 2, current: 8, busy: 8, please increase LSAPI_CHILDREN.
[UID:2229][1504092] Reached max children process limit: 6, extra: 2, current: 8, busy: 8, please increase LSAPI_CHILDREN.
Not Found: /static/images/interstate_moves.jpeg
[UID:2229][1504092] Reached max children process limit: 6, extra: 2, current: 8, busy: 8, please increase LSAPI_CHILDREN.
[UID:2229][1504092] Reached max children process limit: 6, extra: 2, current: 8, busy: 7, please increase LSAPI_CHILDREN.
[UID:2229][1504092] Reached max children process limit: 6, extra: 2, current: 8, busy: 8, please increase LSAPI_CHILDREN.
[UID:2229][1504092] Reached max children process limit: 6, extra: 2, current: 8, busy: 8, please increase LSAPI_CHILDREN.
[UID:2229][1504092] Reached max children process limit: 6, extra: 2, current: 8, busy: 8, please increase LSAPI_CHILDREN.
[UID:2229][1504092] Reached max children process limit: 6, extra: 2, current: 8, busy: 8, please increase LSAPI_CHILDREN.
[UID:2229][1504092] Reached max children process limit: 6, extra: 2, current: 8, busy: 8, please increase LSAPI_CHILDREN.
[UID:2229][1504092] Reached max children process limit: 6, extra: 2, current: 8, busy: 8, please increase LSAPI_CHILDREN.
[UID:2229][1504092] Reached max children process limit: 6, extra: 2, current: 8, busy: 8, please increase LSAPI_CHILDREN.
[UID:2229][1504092] Reached max children process limit: 6, extra: 2, current: 8, busy: 8, please increase LSAPI_CHILDREN.
[UID:2229][1504092] Reached max children process limit: 6, extra: 2, current: 8, busy: 8, please increase LSAPI_CHILDREN.
[UID:2229][1504092] Reached max children process limit: 6, extra: 2, current: 8, busy: 7, please increase LSAPI_CHILDREN.
[UID:2229][1504092] Reached max children process limit: 6, extra: 2, current: 8, busy: 8, please increase LSAPI_CHILDREN.
[UID:2229][1504092] Reached max children process limit: 6, extra: 2, current: 8, busy: 8, please increase LSAPI_CHILDREN.
[UID:2229][1504092] Reached max children process limit: 6, extra: 2, current: 8, busy: 8, please increase LSAPI_CHILDREN.
[UID:2229][1504092] Reached max children process limit: 6, extra: 2, current: 8, busy: 8, please increase LSAPI_CHILDREN.
[UID:2229][1504092] Reached max children process limit: 6, extra: 2, current: 8, busy: 8, please increase LSAPI_CHILDREN.
[UID:2229][1504092] Reached max children process limit: 6, extra: 2, current: 8, busy: 8, please increase LSAPI_CHILDREN.
[UID:2229][1504092] Reached max children process limit: 6, extra: 2, current: 8, busy: 8, please increase LSAPI_CHILDREN.
[UID:2229][1504092] Reached max children process limit: 6, extra: 2, current: 8, busy: 7, please increase LSAPI_CHILDREN.
[UID:2229][1504092] Reached max children process limit: 6, extra: 2, current: 8, busy: 8, please increase LSAPI_CHILDREN.
[UID:2229][1504092] Reached max children process limit: 6, extra: 2, current: 8, busy: 8, please increase LSAPI_CHILDREN.
[UID:2229][1504092] Reached max children process limit: 6, extra: 2, current: 8, busy: 8, please increase LSAPI_CHILDREN.
[UID:2229][1504092] Reached max children process limit: 6, extra: 2, current: 8, busy: 7, please increase LSAPI_CHILDREN.
[UID:2229][1504092] Reached max children process limit: 6, extra: 2, current: 8, busy: 8, please increase LSAPI_CHILDREN.
[UID:2229][1504092] Reached max children process limit: 6, extra: 2, current: 8, busy: 8, please increase LSAPI_CHILDREN.
[UID:2229][1504092] Reached max children process limit: 6, extra: 2, current: 8, busy: 7, please increase LSAPI_CHILDREN.
[UID:2229][1504092] Reached max children process limit: 6, extra: 2, current: 8, busy: 7, please increase LSAPI_CHILDREN.
[UID:2229][1504092] Reached max children process limit: 6, extra: 2, current: 8, busy: 7, please increase LSAPI_CHILDREN.
[UID:2229][1504092] Reached max children process limit: 6, extra: 2, current: 8, busy: 7, please increase LSAPI_CHILDREN.
[UID:2229][1504092] Reached max children process limit: 6, extra: 2, current: 8, busy: 8, please increase LSAPI_CHILDREN.
[UID:2229][1504092] Reached max children process limit: 6, extra: 2, current: 8, busy: 8, please increase LSAPI_CHILDREN.
[UID:2229][1504092] Reached max children process limit: 6, extra: 2, current: 8, busy: 8, please increase LSAPI_CHILDREN.
[UID:2229][1504092] Reached max children process limit: 6, extra: 2, current: 8, busy: 8, please increase LSAPI_CHILDREN.
[UID:2229][1504092] Reached max children process limit: 6, extra: 2, current: 8, busy: 8, please increase LSAPI_CHILDREN.
[UID:2229][1504092] Reached max children process limit: 6, extra: 2, current: 8, busy: 7, please increase LSAPI_CHILDREN.
[UID:2229][1504092] Reached max children process limit: 6, extra: 2, current: 8, busy: 8, please increase LSAPI_CHILDREN.
[UID:2229][1504092] Reached max children process limit: 6, extra: 2, current: 8, busy: 8, please increase LSAPI_CHILDREN.
Not Found: /static/images/interstate_moves.jpeg
[UID:2229][1504092] Reached max children process limit: 6, extra: 2, current: 8, busy: 8, please increase LSAPI_CHILDREN.
[UID:2229][1504092] Reached max children process limit: 6, extra: 2, current: 8, busy: 8, please increase LSAPI_CHILDREN.
[UID:2229][1504092] Reached max children process limit: 6, extra: 2, current: 8, busy: 8, please increase LSAPI_CHILDREN.
[UID:2229][1504092] Reached max children process limit: 6, extra: 2, current: 8, busy: 8, please increase LSAPI_CHILDREN.
[UID:2229][1504092] Reached max children process limit: 6, extra: 2, current: 8, busy: 8, please increase LSAPI_CHILDREN.
[UID:2229][1504092] Reached max children process limit: 6, extra: 2, current: 8, busy: 8, please increase LSAPI_CHILDREN.
[UID:2229][1504092] Reached max children process limit: 6, extra: 2, current: 8, busy: 8, please increase LSAPI_CHILDREN.
[UID:2229][1504092] Reached max children process limit: 6, extra: 2, current: 8, busy: 8, please increase LSAPI_CHILDREN.
[UID:2229][1504092] Reached max children process limit: 6, extra: 2, current: 8, busy: 8, please increase LSAPI_CHILDREN.
[UID:2229][1504092] Reached max children process limit: 6, extra: 2, current: 8, busy: 7, please increase LSAPI_CHILDREN.
[UID:2229][1504092] Reached max children process limit: 6, extra: 2, current: 8, busy: 8, please increase LSAPI_CHILDREN.
[UID:2229][1504092] Reached max children process limit: 6, extra: 2, current: 8, busy: 7, please increase LSAPI_CHILDREN.
[UID:2229][1504092] Reached max children process limit: 6, extra: 2, current: 8, busy: 8, please increase LSAPI_CHILDREN.
[UID:2229][1504092] Reached max children process limit: 6, extra: 2, current: 8, busy: 8, please increase LSAPI_CHILDREN.
[UID:2229][1504092] Reached max children process limit: 6, extra: 2, current: 8, busy: 8, please increase LSAPI_CHILDREN.
[UID:2229][1504092] Reached max children process limit: 6, extra: 2, current: 8, busy: 8, please increase LSAPI_CHILDREN.
[UID:2229][1504092] Reached max children process limit: 6, extra: 2, current: 8, busy: 8, please increase LSAPI_CHILDREN.
[UID:2229][1504092] Reached max children process limit: 6, extra: 2, current: 8, busy: 8, please increase LSAPI_CHILDREN.
[UID:2229][1504092] Reached max children process limit: 6, extra: 2, current: 8, busy: 8, please increase LSAPI_CHILDREN.
[UID:2229][1504092] Reached max children process limit: 6, extra: 2, current: 8, busy: 7, please increase LSAPI_CHILDREN.
[UID:2229][1504092] Reached max children process limit: 6, extra: 2, current: 8, busy: 8, please increase LSAPI_CHILDREN.
[UID:2229][1504092] Reached max children process limit: 6, extra: 2, current: 8, busy: 8, please increase LSAPI_CHILDREN.
[UID:2229][1504092] Reached max children process limit: 6, extra: 2, current: 8, busy: 8, please increase LSAPI_CHILDREN.
[UID:2229][1504092] Reached max children process limit: 6, extra: 2, current: 8, busy: 8, please increase LSAPI_CHILDREN.
[UID:2229][1504092] Reached max children process limit: 6, extra: 2, current: 8, busy: 8, please increase LSAPI_CHILDREN.
[UID:2229][1504092] Reached max children process limit: 6, extra: 2, current: 8, busy: 8, please increase LSAPI_CHILDREN.
[UID:2229][1504092] Reached max children process limit: 6, extra: 2, current: 8, busy: 7, please increase LSAPI_CHILDREN.
[UID:2229][1504092] Reached max children process limit: 6, extra: 2, current: 8, busy: 7, please increase LSAPI_CHILDREN.
[UID:2229][1504092] Reached max children process limit: 6, extra: 2, current: 8, busy: 8, please increase LSAPI_CHILDREN.
[UID:2229][1504092] Reached max children process limit: 6, extra: 2, current: 8, busy: 7, please increase LSAPI_CHILDREN.
[UID:2229][1504092] Reached max children process limit: 6, extra: 2, current: 8, busy: 8, please increase LSAPI_CHILDREN.
[UID:2229][1504092] Reached max children process limit: 6, extra: 2, current: 8, busy: 7, please increase LSAPI_CHILDREN.
[UID:2229][1504092] Reached max children process limit: 6, extra: 2, current: 8, busy: 7, please increase LSAPI_CHILDREN.
[UID:2229][1504092] Reached max children process limit: 6, extra: 2, current: 8, busy: 8, please increase LSAPI_CHILDREN.
[UID:2229][1504092] Reached max children process limit: 6, extra: 2, current: 8, busy: 8, please increase LSAPI_CHILDREN.
[UID:2229][1504092] Reached max children process limit: 6, extra: 2, current: 8, busy: 8, please increase LSAPI_CHILDREN.
[UID:2229][1504092] Reached max children process limit: 6, extra: 2, current: 8, busy: 8, please increase LSAPI_CHILDREN.
[UID:2229][1504092] Reached max children process limit: 6, extra: 2, current: 8, busy: 8, please increase LSAPI_CHILDREN.
[UID:2229][1504092] Reached max children process limit: 6, extra: 2, current: 8, busy: 7, please increase LSAPI_CHILDREN.
[UID:2229][1504092] Reached max children process limit: 6, extra: 2, current: 8, busy: 8, please increase LSAPI_CHILDREN.
[UID:2229][1504092] Reached max children process limit: 6, extra: 2, current: 8, busy: 8, please increase LSAPI_CHILDREN.
[UID:2229][1504092] Reached max children process limit: 6, extra: 2, current: 8, busy: 8, please increase LSAPI_CHILDREN.
Not Found: /static/images/interstate_moves.jpeg
[UID:2229][1504092] Reached max children process limit: 6, extra: 2, current: 8, busy: 7, please increase LSAPI_CHILDREN.
[UID:2229][1504092] Reached max children process limit: 6, extra: 2, current: 8, busy: 8, please increase LSAPI_CHILDREN.
[UID:2229][1504092] Reached max children process limit: 6, extra: 2, current: 8, busy: 8, please increase LSAPI_CHILDREN.
[UID:2229][1504092] Reached max children process limit: 6, extra: 2, current: 8, busy: 8, please increase LSAPI_CHILDREN.
[UID:2229][1504092] Reached max children process limit: 6, extra: 2, current: 8, busy: 7, please increase LSAPI_CHILDREN.
[UID:2229][1504092] Reached max children process limit: 6, extra: 2, current: 8, busy: 8, please increase LSAPI_CHILDREN.
[UID:2229][1504092] Reached max children process limit: 6, extra: 2, current: 8, busy: 8, please increase LSAPI_CHILDREN.
[UID:2229][1504092] Reached max children process limit: 6, extra: 2, current: 8, busy: 8, please increase LSAPI_CHILDREN.
[UID:2229][1504092] Reached max children process limit: 6, extra: 2, current: 8, busy: 8, please increase LSAPI_CHILDREN.
[UID:2229][1504092] Reached max children process limit: 6, extra: 2, current: 8, busy: 8, please increase LSAPI_CHILDREN.
[UID:2229][1504092] Reached max children process limit: 6, extra: 2, current: 8, busy: 7, please increase LSAPI_CHILDREN.
Not Found: /static/images/interstate_moves.jpeg
[UID:2229][1504092] Reached max children process limit: 6, extra: 2, current: 8, busy: 8, please increase LSAPI_CHILDREN.
Not Found: /static/images/interstate_moves.jpeg
[UID:2229][1504092] Reached max children process limit: 6, extra: 2, current: 8, busy: 8, please increase LSAPI_CHILDREN.
[UID:2229][1504092] Reached max children process limit: 6, extra: 2, current: 8, busy: 8, please increase LSAPI_CHILDREN.
[UID:2229][1504092] Reached max children process limit: 6, extra: 2, current: 8, busy: 7, please increase LSAPI_CHILDREN.
[UID:2229][1504092] Reached max children process limit: 6, extra: 2, current: 8, busy: 7, please increase LSAPI_CHILDREN.
[UID:2229][1504092] Reached max children process limit: 6, extra: 2, current: 8, busy: 8, please increase LSAPI_CHILDREN.
[UID:2229][1504092] Reached max children process limit: 6, extra: 2, current: 8, busy: 8, please increase LSAPI_CHILDREN.
[UID:2229][1504092] Reached max children process limit: 6, extra: 2, current: 8, busy: 8, please increase LSAPI_CHILDREN.
[UID:2229][1504092] Reached max children process limit: 6, extra: 2, current: 8, busy: 8, please increase LSAPI_CHILDREN.
[UID:2229][1504092] Reached max children process limit: 6, extra: 2, current: 8, busy: 8, please increase LSAPI_CHILDREN.
[UID:2229][1504092] Reached max children process limit: 6, extra: 2, current: 8, busy: 8, please increase LSAPI_CHILDREN.
[UID:2229][1504092] Reached max children process limit: 6, extra: 2, current: 8, busy: 8, please increase LSAPI_CHILDREN.
[UID:2229][1504092] Reached max children process limit: 6, extra: 2, current: 8, busy: 8, please increase LSAPI_CHILDREN.
[UID:2229][1504092] Reached max children process limit: 6, extra: 2, current: 8, busy: 8, please increase LSAPI_CHILDREN.
[UID:2229][1504092] Reached max children process limit: 6, extra: 2, current: 8, busy: 8, please increase LSAPI_CHILDREN.
[UID:2229][1504092] Reached max children process limit: 6, extra: 2, current: 8, busy: 8, please increase LSAPI_CHILDREN.
[UID:2229][1504092] Reached max children process limit: 6, extra: 2, current: 8, busy: 8, please increase LSAPI_CHILDREN.
[UID:2229][1504092] Reached max children process limit: 6, extra: 2, current: 8, busy: 8, please increase LSAPI_CHILDREN.
[UID:2229][1504092] Reached max children process limit: 6, extra: 2, current: 8, busy: 8, please increase LSAPI_CHILDREN.
[UID:2229][1504092] Reached max children process limit: 6, extra: 2, current: 8, busy: 7, please increase LSAPI_CHILDREN.
[UID:2229][1504092] Reached max children process limit: 6, extra: 2, current: 8, busy: 8, please increase LSAPI_CHILDREN.
[UID:2229][1504092] Reached max children process limit: 6, extra: 2, current: 8, busy: 8, please increase LSAPI_CHILDREN.
[UID:2229][1504092] Reached max children process limit: 6, extra: 2, current: 8, busy: 8, please increase LSAPI_CHILDREN.
[UID:2229][1504092] Reached max children process limit: 6, extra: 2, current: 8, busy: 7, please increase LSAPI_CHILDREN.
Not Found: /static/images/interstate_moves.jpeg
[UID:2229][1504092] Reached max children process limit: 6, extra: 2, current: 8, busy: 8, please increase LSAPI_CHILDREN.
[UID:2229][1504092] Reached max children process limit: 6, extra: 2, current: 8, busy: 8, please increase LSAPI_CHILDREN.
[UID:2229][1504092] Reached max children process limit: 6, extra: 2, current: 8, busy: 8, please increase LSAPI_CHILDREN.
[UID:2229][1504092] Reached max children process limit: 6, extra: 2, current: 8, busy: 7, please increase LSAPI_CHILDREN.
[UID:2229][1504092] Reached max children process limit: 6, extra: 2, current: 8, busy: 7, please increase LSAPI_CHILDREN.
[UID:2229][1504092] Child process with pid: 1505184 was killed by signal: 15, core dumped: no
[UID:2229][1504092] Reached max children process limit: 6, extra: 2, current: 8, busy: 7, please increase LSAPI_CHILDREN.
[UID:2229][1504092] Reached max children process limit: 6, extra: 2, current: 8, busy: 8, please increase LSAPI_CHILDREN.
[UID:2229][1504092] Reached max children process limit: 6, extra: 2, current: 8, busy: 8, please increase LSAPI_CHILDREN.
[UID:2229][1504092] Reached max children process limit: 6, extra: 2, current: 8, busy: 8, please increase LSAPI_CHILDREN.
[UID:2229][1504092] Reached max children process limit: 6, extra: 2, current: 8, busy: 8, please increase LSAPI_CHILDREN.
[UID:2229][1504092] Reached max children process limit: 6, extra: 2, current: 8, busy: 7, please increase LSAPI_CHILDREN.
OSError: LSAPI: File error
[UID:2229][1504092] Reached max children process limit: 6, extra: 2, current: 8, busy: 8, please increase LSAPI_CHILDREN.
[UID:2229][1504092] Reached max children process limit: 6, extra: 2, current: 8, busy: 8, please increase LSAPI_CHILDREN.
[UID:2229][1504092] Reached max children process limit: 6, extra: 2, current: 8, busy: 8, please increase LSAPI_CHILDREN.
[UID:2229][1504092] Reached max children process limit: 6, extra: 2, current: 8, busy: 7, please increase LSAPI_CHILDREN.
Not Found: /static/images/interstate_moves.jpeg
[UID:2229][1504092] Reached max children process limit: 6, extra: 2, current: 8, busy: 8, please increase LSAPI_CHILDREN.
[UID:2229][1504092] Reached max children process limit: 6, extra: 2, current: 8, busy: 8, please increase LSAPI_CHILDREN.
[UID:2229][1504092] Reached max children process limit: 6, extra: 2, current: 8, busy: 8, please increase LSAPI_CHILDREN.
[UID:2229][1504092] Reached max children process limit: 6, extra: 2, current: 8, busy: 8, please increase LSAPI_CHILDREN.
[UID:2229][1504092] Reached max children process limit: 6, extra: 2, current: 8, busy: 8, please increase LSAPI_CHILDREN.
[UID:2229][1504092] Reached max children process limit: 6, extra: 2, current: 8, busy: 7, please increase LSAPI_CHILDREN.
[UID:2229][1504092] Reached max children process limit: 6, extra: 2, current: 8, busy: 8, please increase LSAPI_CHILDREN.
[UID:2229][1504092] Reached max children process limit: 6, extra: 2, current: 8, busy: 8, please increase LSAPI_CHILDREN.
[UID:2229][1504092] Reached max children process limit: 6, extra: 2, current: 8, busy: 8, please increase LSAPI_CHILDREN.
[UID:2229][1504092] Reached max children process limit: 6, extra: 2, current: 8, busy: 7, please increase LSAPI_CHILDREN.
[UID:2229][1504092] Reached max children process limit: 6, extra: 2, current: 8, busy: 8, please increase LSAPI_CHILDREN.
[UID:2229][1504092] Reached max children process limit: 6, extra: 2, current: 8, busy: 8, please increase LSAPI_CHILDREN.
[UID:2229][1504092] Reached max children process limit: 6, extra: 2, current: 8, busy: 7, please increase LSAPI_CHILDREN.
[UID:2229][1504092] Reached max children process limit: 6, extra: 2, current: 8, busy: 7, please increase LSAPI_CHILDREN.
[UID:2229][1504092] Reached max children process limit: 6, extra: 2, current: 8, busy: 7, please increase LSAPI_CHILDREN.
[UID:2229][1504092] Reached max children process limit: 6, extra: 2, current: 8, busy: 8, please increase LSAPI_CHILDREN.
[UID:2229][1504092] Child process with pid: 1505160 was killed by signal: 15, core dumped: no
[UID:2229][1504092] Reached max children process limit: 6, extra: 2, current: 8, busy: 7, please increase LSAPI_CHILDREN.
[UID:2229][1504092] Reached max children process limit: 6, extra: 2, current: 8, busy: 8, please increase LSAPI_CHILDREN.
[UID:2229][1504092] Reached max children process limit: 6, extra: 2, current: 8, busy: 8, please increase LSAPI_CHILDREN.
[UID:2229][1504092] Reached max children process limit: 6, extra: 2, current: 8, busy: 8, please increase LSAPI_CHILDREN.
[UID:2229][1504092] Reached max children process limit: 6, extra: 2, current: 8, busy: 7, please increase LSAPI_CHILDREN.
[UID:2229][1504092] Reached max children process limit: 6, extra: 2, current: 8, busy: 8, please increase LSAPI_CHILDREN.
[UID:2229][1504092] Reached max children process limit: 6, extra: 2, current: 8, busy: 8, please increase LSAPI_CHILDREN.
[UID:2229][1504092] Reached max children process limit: 6, extra: 2, current: 8, busy: 8, please increase LSAPI_CHILDREN.
[UID:2229][1504092] Reached max children process limit: 6, extra: 2, current: 8, busy: 8, please increase LSAPI_CHILDREN.
[UID:2229][1504092] Reached max children process limit: 6, extra: 2, current: 8, busy: 8, please increase LSAPI_CHILDREN.
[UID:2229][1504092] Reached max children process limit: 6, extra: 2, current: 8, busy: 7, please increase LSAPI_CHILDREN.
[UID:2229][1504092] Reached max children process limit: 6, extra: 2, current: 8, busy: 8, please increase LSAPI_CHILDREN.
[UID:2229][1504092] Reached max children process limit: 6, extra: 2, current: 8, busy: 8, please increase LSAPI_CHILDREN.
[UID:2229][1504092] Reached max children process limit: 6, extra: 2, current: 8, busy: 8, please increase LSAPI_CHILDREN.
[UID:2229][1504092] Reached max children process limit: 6, extra: 2, current: 8, busy: 7, please increase LSAPI_CHILDREN.
[UID:2229][1504092] Reached max children process limit: 6, extra: 2, current: 8, busy: 8, please increase LSAPI_CHILDREN.
[UID:2229][1504092] Reached max children process limit: 6, extra: 2, current: 8, busy: 8, please increase LSAPI_CHILDREN.
[UID:2229][1504092] Reached max children process limit: 6, extra: 2, current: 8, busy: 8, please increase LSAPI_CHILDREN.
Not Found: /favicon.ico
Not Found: /favicon.ico
Not Found: /favicon.ico
Not Found: /favicon.ico
Not Found: /app-ads.txt
Not Found: /ads.txt
Not Found: /sellers.json
Not Found: /app-ads.txt
Not Found: /sellers.json
Not Found: /ads.txt
Not Found: /ads.txt
Not Found: /app-ads.txt
Not Found: /sellers.json
Not Found: /sellers.json
Not Found: /ads.txt
Not Found: /app-ads.txt
Not Found: /robots.txt
Not Found: /robots.txt
Invalid HTTP_HOST header: 'www.chitwanremoval.com.au.studiorishav.com'. You may need to add 'www.chitwanremoval.com.au.studiorishav.com' to ALLOWED_HOSTS.
Traceback (most recent call last):
  File "/home1/studiori/virtualenv/chitwanremoval.com.au/chitwan_removal/3.10/lib/python3.10/site-packages/django/core/handlers/exception.py", line 55, in inner
    response = get_response(request)
  File "/home1/studiori/virtualenv/chitwanremoval.com.au/chitwan_removal/3.10/lib/python3.10/site-packages/django/utils/deprecation.py", line 119, in __call__
    response = self.process_request(request)
  File "/home1/studiori/virtualenv/chitwanremoval.com.au/chitwan_removal/3.10/lib/python3.10/site-packages/django/middleware/common.py", line 48, in process_request
    host = request.get_host()
  File "/home1/studiori/virtualenv/chitwanremoval.com.au/chitwan_removal/3.10/lib/python3.10/site-packages/django/http/request.py", line 203, in get_host
    raise DisallowedHost(msg)
django.core.exceptions.DisallowedHost: Invalid HTTP_HOST header: 'www.chitwanremoval.com.au.studiorishav.com'. You may need to add 'www.chitwanremoval.com.au.studiorishav.com' to ALLOWED_HOSTS.
Invalid HTTP_HOST header: 'www.chitwanremoval.com.au.studiorishav.com'. You may need to add 'www.chitwanremoval.com.au.studiorishav.com' to ALLOWED_HOSTS.
Traceback (most recent call last):
  File "/home1/studiori/virtualenv/chitwanremoval.com.au/chitwan_removal/3.10/lib/python3.10/site-packages/django/core/handlers/exception.py", line 55, in inner
    response = get_response(request)
  File "/home1/studiori/virtualenv/chitwanremoval.com.au/chitwan_removal/3.10/lib/python3.10/site-packages/django/utils/deprecation.py", line 119, in __call__
    response = self.process_request(request)
  File "/home1/studiori/virtualenv/chitwanremoval.com.au/chitwan_removal/3.10/lib/python3.10/site-packages/django/middleware/common.py", line 48, in process_request
    host = request.get_host()
  File "/home1/studiori/virtualenv/chitwanremoval.com.au/chitwan_removal/3.10/lib/python3.10/site-packages/django/http/request.py", line 203, in get_host
    raise DisallowedHost(msg)
django.core.exceptions.DisallowedHost: Invalid HTTP_HOST header: 'www.chitwanremoval.com.au.studiorishav.com'. You may need to add 'www.chitwanremoval.com.au.studiorishav.com' to ALLOWED_HOSTS.
Invalid HTTP_HOST header: 'www.chitwanremoval.com.au.studiorishav.com'. You may need to add 'www.chitwanremoval.com.au.studiorishav.com' to ALLOWED_HOSTS.
Traceback (most recent call last):
  File "/home1/studiori/virtualenv/chitwanremoval.com.au/chitwan_removal/3.10/lib/python3.10/site-packages/django/core/handlers/exception.py", line 55, in inner
    response = get_response(request)
  File "/home1/studiori/virtualenv/chitwanremoval.com.au/chitwan_removal/3.10/lib/python3.10/site-packages/django/utils/deprecation.py", line 119, in __call__
    response = self.process_request(request)
  File "/home1/studiori/virtualenv/chitwanremoval.com.au/chitwan_removal/3.10/lib/python3.10/site-packages/django/middleware/common.py", line 48, in process_request
    host = request.get_host()
  File "/home1/studiori/virtualenv/chitwanremoval.com.au/chitwan_removal/3.10/lib/python3.10/site-packages/django/http/request.py", line 203, in get_host
    raise DisallowedHost(msg)
django.core.exceptions.DisallowedHost: Invalid HTTP_HOST header: 'www.chitwanremoval.com.au.studiorishav.com'. You may need to add 'www.chitwanremoval.com.au.studiorishav.com' to ALLOWED_HOSTS.
Invalid HTTP_HOST header: 'www.chitwanremoval.com.au.studiorishav.com'. You may need to add 'www.chitwanremoval.com.au.studiorishav.com' to ALLOWED_HOSTS.
Traceback (most recent call last):
  File "/home1/studiori/virtualenv/chitwanremoval.com.au/chitwan_removal/3.10/lib/python3.10/site-packages/django/core/handlers/exception.py", line 55, in inner
    response = get_response(request)
  File "/home1/studiori/virtualenv/chitwanremoval.com.au/chitwan_removal/3.10/lib/python3.10/site-packages/django/utils/deprecation.py", line 119, in __call__
    response = self.process_request(request)
  File "/home1/studiori/virtualenv/chitwanremoval.com.au/chitwan_removal/3.10/lib/python3.10/site-packages/django/middleware/common.py", line 48, in process_request
    host = request.get_host()
  File "/home1/studiori/virtualenv/chitwanremoval.com.au/chitwan_removal/3.10/lib/python3.10/site-packages/django/http/request.py", line 203, in get_host
    raise DisallowedHost(msg)
django.core.exceptions.DisallowedHost: Invalid HTTP_HOST header: 'www.chitwanremoval.com.au.studiorishav.com'. You may need to add 'www.chitwanremoval.com.au.studiorishav.com' to ALLOWED_HOSTS.
Invalid HTTP_HOST header: 'www.chitwanremoval.com.au.studiorishav.com'. You may need to add 'www.chitwanremoval.com.au.studiorishav.com' to ALLOWED_HOSTS.
Traceback (most recent call last):
  File "/home1/studiori/virtualenv/chitwanremoval.com.au/chitwan_removal/3.10/lib/python3.10/site-packages/django/core/handlers/exception.py", line 55, in inner
    response = get_response(request)
  File "/home1/studiori/virtualenv/chitwanremoval.com.au/chitwan_removal/3.10/lib/python3.10/site-packages/django/utils/deprecation.py", line 119, in __call__
    response = self.process_request(request)
  File "/home1/studiori/virtualenv/chitwanremoval.com.au/chitwan_removal/3.10/lib/python3.10/site-packages/django/middleware/common.py", line 48, in process_request
    host = request.get_host()
  File "/home1/studiori/virtualenv/chitwanremoval.com.au/chitwan_removal/3.10/lib/python3.10/site-packages/django/http/request.py", line 203, in get_host
    raise DisallowedHost(msg)
django.core.exceptions.DisallowedHost: Invalid HTTP_HOST header: 'www.chitwanremoval.com.au.studiorishav.com'. You may need to add 'www.chitwanremoval.com.au.studiorishav.com' to ALLOWED_HOSTS.
Invalid HTTP_HOST header: 'www.chitwanremoval.com.au.studiorishav.com'. You may need to add 'www.chitwanremoval.com.au.studiorishav.com' to ALLOWED_HOSTS.
Traceback (most recent call last):
  File "/home1/studiori/virtualenv/chitwanremoval.com.au/chitwan_removal/3.10/lib/python3.10/site-packages/django/core/handlers/exception.py", line 55, in inner
    response = get_response(request)
  File "/home1/studiori/virtualenv/chitwanremoval.com.au/chitwan_removal/3.10/lib/python3.10/site-packages/django/utils/deprecation.py", line 119, in __call__
    response = self.process_request(request)
  File "/home1/studiori/virtualenv/chitwanremoval.com.au/chitwan_removal/3.10/lib/python3.10/site-packages/django/middleware/common.py", line 48, in process_request
    host = request.get_host()
  File "/home1/studiori/virtualenv/chitwanremoval.com.au/chitwan_removal/3.10/lib/python3.10/site-packages/django/http/request.py", line 203, in get_host
    raise DisallowedHost(msg)
django.core.exceptions.DisallowedHost: Invalid HTTP_HOST header: 'www.chitwanremoval.com.au.studiorishav.com'. You may need to add 'www.chitwanremoval.com.au.studiorishav.com' to ALLOWED_HOSTS.
Not Found: /static/images/interstate_moves.jpeg
[UID:2229][3942768] Child process with pid: 3942817 was killed by signal: 15, core dumped: no
Not Found: /apple-touch-icon.png
Not Found: /favicon.ico
Not Found: /apple-touch-icon-precomposed.png
Not Found: /apple-touch-icon-120x120-precomposed.png
Not Found: /apple-touch-icon-120x120.png
Not Found: /robots.txt
Invalid HTTP_HOST header: 'www.chitwanremoval.com.au.studiorishav.com'. You may need to add 'www.chitwanremoval.com.au.studiorishav.com' to ALLOWED_HOSTS.
Traceback (most recent call last):
  File "/home1/studiori/virtualenv/chitwanremoval.com.au/chitwan_removal/3.10/lib/python3.10/site-packages/django/core/handlers/exception.py", line 55, in inner
    response = get_response(request)
  File "/home1/studiori/virtualenv/chitwanremoval.com.au/chitwan_removal/3.10/lib/python3.10/site-packages/django/utils/deprecation.py", line 119, in __call__
    response = self.process_request(request)
  File "/home1/studiori/virtualenv/chitwanremoval.com.au/chitwan_removal/3.10/lib/python3.10/site-packages/django/middleware/common.py", line 48, in process_request
    host = request.get_host()
  File "/home1/studiori/virtualenv/chitwanremoval.com.au/chitwan_removal/3.10/lib/python3.10/site-packages/django/http/request.py", line 203, in get_host
    raise DisallowedHost(msg)
django.core.exceptions.DisallowedHost: Invalid HTTP_HOST header: 'www.chitwanremoval.com.au.studiorishav.com'. You may need to add 'www.chitwanremoval.com.au.studiorishav.com' to ALLOWED_HOSTS.
Not Found: /robots.txt
Not Found: /.well-known/agent-card.json
Not Found: /.well-known/agent.json
Not Found: /.well-known/mcp/server-card.json
Not Found: /.well-known/mcp
Not Found: /.well-known/agents.json
Not Found: /robots.txt
Not Found: /.well-known/agent-card.json
Not Found: /.well-known/agent.json
Not Found: /.well-known/mcp/server-card.json
Not Found: /.well-known/mcp
Not Found: /.well-known/agents.json
Invalid HTTP_HOST header: 'chitwanremoval.com.au.studiorishav.com'. You may need to add 'chitwanremoval.com.au.studiorishav.com' to ALLOWED_HOSTS.
Traceback (most recent call last):
  File "/home1/studiori/virtualenv/chitwanremoval.com.au/chitwan_removal/3.10/lib/python3.10/site-packages/django/core/handlers/exception.py", line 55, in inner
    response = get_response(request)
  File "/home1/studiori/virtualenv/chitwanremoval.com.au/chitwan_removal/3.10/lib/python3.10/site-packages/django/utils/deprecation.py", line 119, in __call__
    response = self.process_request(request)
  File "/home1/studiori/virtualenv/chitwanremoval.com.au/chitwan_removal/3.10/lib/python3.10/site-packages/django/middleware/common.py", line 48, in process_request
    host = request.get_host()
  File "/home1/studiori/virtualenv/chitwanremoval.com.au/chitwan_removal/3.10/lib/python3.10/site-packages/django/http/request.py", line 203, in get_host
    raise DisallowedHost(msg)
django.core.exceptions.DisallowedHost: Invalid HTTP_HOST header: 'chitwanremoval.com.au.studiorishav.com'. You may need to add 'chitwanremoval.com.au.studiorishav.com' to ALLOWED_HOSTS.
Not Found: /robots.txt
Not Found: /robots.txt
Not Found: /static/images/interstate_moves.jpeg
Not Found: /static/images/interstate_moves.jpeg
Invalid HTTP_HOST header: 'chitwanremoval.com.au.studiorishav.com'. You may need to add 'chitwanremoval.com.au.studiorishav.com' to ALLOWED_HOSTS.
Traceback (most recent call last):
  File "/home1/studiori/virtualenv/chitwanremoval.com.au/chitwan_removal/3.10/lib/python3.10/site-packages/django/core/handlers/exception.py", line 55, in inner
    response = get_response(request)
  File "/home1/studiori/virtualenv/chitwanremoval.com.au/chitwan_removal/3.10/lib/python3.10/site-packages/django/utils/deprecation.py", line 119, in __call__
    response = self.process_request(request)
  File "/home1/studiori/virtualenv/chitwanremoval.com.au/chitwan_removal/3.10/lib/python3.10/site-packages/django/middleware/common.py", line 48, in process_request
    host = request.get_host()
  File "/home1/studiori/virtualenv/chitwanremoval.com.au/chitwan_removal/3.10/lib/python3.10/site-packages/django/http/request.py", line 203, in get_host
    raise DisallowedHost(msg)
django.core.exceptions.DisallowedHost: Invalid HTTP_HOST header: 'chitwanremoval.com.au.studiorishav.com'. You may need to add 'chitwanremoval.com.au.studiorishav.com' to ALLOWED_HOSTS.
Not Found: /static/images/interstate_moves.jpeg
Invalid HTTP_HOST header: 'www.chitwanremoval.com.au.studiorishav.com:80'. You may need to add 'www.chitwanremoval.com.au.studiorishav.com' to ALLOWED_HOSTS.
Traceback (most recent call last):
  File "/home1/studiori/virtualenv/chitwanremoval.com.au/chitwan_removal/3.10/lib/python3.10/site-packages/django/core/handlers/exception.py", line 55, in inner
    response = get_response(request)
  File "/home1/studiori/virtualenv/chitwanremoval.com.au/chitwan_removal/3.10/lib/python3.10/site-packages/django/utils/deprecation.py", line 119, in __call__
    response = self.process_request(request)
  File "/home1/studiori/virtualenv/chitwanremoval.com.au/chitwan_removal/3.10/lib/python3.10/site-packages/django/middleware/common.py", line 48, in process_request
    host = request.get_host()
  File "/home1/studiori/virtualenv/chitwanremoval.com.au/chitwan_removal/3.10/lib/python3.10/site-packages/django/http/request.py", line 203, in get_host
    raise DisallowedHost(msg)
django.core.exceptions.DisallowedHost: Invalid HTTP_HOST header: 'www.chitwanremoval.com.au.studiorishav.com:80'. You may need to add 'www.chitwanremoval.com.au.studiorishav.com' to ALLOWED_HOSTS.
Not Found: /static/images/interstate_moves.jpeg
Not Found: /static/images/interstate_moves.jpeg
Not Found: /static/images/interstate_moves.jpeg
Not Found: /static/images/interstate_moves.jpeg
Not Found: /static/images/interstate_moves.jpeg
Not Found: /static/images/interstate_moves.jpeg
Not Found: /favicon.ico
Not Found: /static/images/interstate_moves.jpeg
Invalid HTTP_HOST header: 'chitwanremoval.com.au.studiorishav.com'. You may need to add 'chitwanremoval.com.au.studiorishav.com' to ALLOWED_HOSTS.
Traceback (most recent call last):
  File "/home1/studiori/virtualenv/chitwanremoval.com.au/chitwan_removal/3.10/lib/python3.10/site-packages/django/core/handlers/exception.py", line 55, in inner
    response = get_response(request)
  File "/home1/studiori/virtualenv/chitwanremoval.com.au/chitwan_removal/3.10/lib/python3.10/site-packages/django/utils/deprecation.py", line 119, in __call__
    response = self.process_request(request)
  File "/home1/studiori/virtualenv/chitwanremoval.com.au/chitwan_removal/3.10/lib/python3.10/site-packages/django/middleware/common.py", line 48, in process_request
    host = request.get_host()
  File "/home1/studiori/virtualenv/chitwanremoval.com.au/chitwan_removal/3.10/lib/python3.10/site-packages/django/http/request.py", line 203, in get_host
    raise DisallowedHost(msg)
django.core.exceptions.DisallowedHost: Invalid HTTP_HOST header: 'chitwanremoval.com.au.studiorishav.com'. You may need to add 'chitwanremoval.com.au.studiorishav.com' to ALLOWED_HOSTS.
Invalid HTTP_HOST header: 'chitwanremoval.com.au.studiorishav.com'. You may need to add 'chitwanremoval.com.au.studiorishav.com' to ALLOWED_HOSTS.
Traceback (most recent call last):
  File "/home1/studiori/virtualenv/chitwanremoval.com.au/chitwan_removal/3.10/lib/python3.10/site-packages/django/core/handlers/exception.py", line 55, in inner
    response = get_response(request)
  File "/home1/studiori/virtualenv/chitwanremoval.com.au/chitwan_removal/3.10/lib/python3.10/site-packages/django/utils/deprecation.py", line 119, in __call__
    response = self.process_request(request)
  File "/home1/studiori/virtualenv/chitwanremoval.com.au/chitwan_removal/3.10/lib/python3.10/site-packages/django/middleware/common.py", line 48, in process_request
    host = request.get_host()
  File "/home1/studiori/virtualenv/chitwanremoval.com.au/chitwan_removal/3.10/lib/python3.10/site-packages/django/http/request.py", line 203, in get_host
    raise DisallowedHost(msg)
django.core.exceptions.DisallowedHost: Invalid HTTP_HOST header: 'chitwanremoval.com.au.studiorishav.com'. You may need to add 'chitwanremoval.com.au.studiorishav.com' to ALLOWED_HOSTS.
Invalid HTTP_HOST header: 'chitwanremoval.com.au.studiorishav.com'. You may need to add 'chitwanremoval.com.au.studiorishav.com' to ALLOWED_HOSTS.
Traceback (most recent call last):
  File "/home1/studiori/virtualenv/chitwanremoval.com.au/chitwan_removal/3.10/lib/python3.10/site-packages/django/core/handlers/exception.py", line 55, in inner
    response = get_response(request)
  File "/home1/studiori/virtualenv/chitwanremoval.com.au/chitwan_removal/3.10/lib/python3.10/site-packages/django/utils/deprecation.py", line 119, in __call__
    response = self.process_request(request)
  File "/home1/studiori/virtualenv/chitwanremoval.com.au/chitwan_removal/3.10/lib/python3.10/site-packages/django/middleware/common.py", line 48, in process_request
    host = request.get_host()
  File "/home1/studiori/virtualenv/chitwanremoval.com.au/chitwan_removal/3.10/lib/python3.10/site-packages/django/http/request.py", line 203, in get_host
    raise DisallowedHost(msg)
django.core.exceptions.DisallowedHost: Invalid HTTP_HOST header: 'chitwanremoval.com.au.studiorishav.com'. You may need to add 'chitwanremoval.com.au.studiorishav.com' to ALLOWED_HOSTS.
Not Found: /static/images/interstate_moves.jpeg
Invalid HTTP_HOST header: 'chitwanremoval.com.au.studiorishav.com'. You may need to add 'chitwanremoval.com.au.studiorishav.com' to ALLOWED_HOSTS.
Traceback (most recent call last):
  File "/home1/studiori/virtualenv/chitwanremoval.com.au/chitwan_removal/3.10/lib/python3.10/site-packages/django/core/handlers/exception.py", line 55, in inner
    response = get_response(request)
  File "/home1/studiori/virtualenv/chitwanremoval.com.au/chitwan_removal/3.10/lib/python3.10/site-packages/django/utils/deprecation.py", line 119, in __call__
    response = self.process_request(request)
  File "/home1/studiori/virtualenv/chitwanremoval.com.au/chitwan_removal/3.10/lib/python3.10/site-packages/django/middleware/common.py", line 48, in process_request
    host = request.get_host()
  File "/home1/studiori/virtualenv/chitwanremoval.com.au/chitwan_removal/3.10/lib/python3.10/site-packages/django/http/request.py", line 203, in get_host
    raise DisallowedHost(msg)
django.core.exceptions.DisallowedHost: Invalid HTTP_HOST header: 'chitwanremoval.com.au.studiorishav.com'. You may need to add 'chitwanremoval.com.au.studiorishav.com' to ALLOWED_HOSTS.
Not Found: /static/images/interstate_moves.jpeg
Not Found: /static/images/hero-banner.jpg
Not Found: /static/images/hero-banner.jpg
Not Found: /static/images/hero-banner.jpg
Not Found: /static/images/hero-banner.jpg
[UID:2229][2767228] Child process with pid: 2767297 was killed by signal: 15, core dumped: no
Not Found: /static/images/hero-banner.jpg
[UID:2229][2767228] Child process with pid: 2771229 was killed by signal: 15, core dumped: no
Not Found: /static/images/hero-banner.jpg
OSError: LSAPI: File error
Not Found: /static/images/hero-banner.jpg
[UID:2229][2792841] Child process with pid: 2793220 was killed by signal: 15, core dumped: no
Not Found: /static/images/hero-banner.jpg
Not Found: /static/images/hero-banner.jpg
[UID:2229][2811908] Child process with pid: 2811969 was killed by signal: 15, core dumped: no
Not Found: /static/images/hero-banner.jpg
Not Found: /static/images/hero-banner.jpg
Not Found: /static/images/hero-banner.jpg
[UID:2229][2831635] Child process with pid: 2831975 was killed by signal: 15, core dumped: no
Not Found: /static/images/hero-banner.jpg
Not Found: /static/images/hero-banner.jpg
Not Found: /static/images/hero-banner.jpg
Not Found: /static/images/hero-banner.jpg
Not Found: /static/images/hero-banner.jpg
Not Found: /static/images/hero-banner.jpg
Not Found: /static/images/hero-banner.jpg
Not Found: /static/images/hero-banner.jpg
Not Found: /static/images/hero-banner.jpg
Not Found: /static/images/hero-banner.jpg
Not Found: /static/images/hero-banner.jpg
Not Found: /static/images/hero-banner.jpg
Invalid HTTP_HOST header: 'chitwanremoval.com.au.studiorishav.com:80'. You may need to add 'chitwanremoval.com.au.studiorishav.com' to ALLOWED_HOSTS.
Traceback (most recent call last):
  File "/home1/studiori/virtualenv/chitwanremoval.com.au/chitwan_removal/3.10/lib/python3.10/site-packages/django/core/handlers/exception.py", line 55, in inner
    response = get_response(request)
  File "/home1/studiori/virtualenv/chitwanremoval.com.au/chitwan_removal/3.10/lib/python3.10/site-packages/django/utils/deprecation.py", line 119, in __call__
    response = self.process_request(request)
  File "/home1/studiori/virtualenv/chitwanremoval.com.au/chitwan_removal/3.10/lib/python3.10/site-packages/django/middleware/common.py", line 48, in process_request
    host = request.get_host()
  File "/home1/studiori/virtualenv/chitwanremoval.com.au/chitwan_removal/3.10/lib/python3.10/site-packages/django/http/request.py", line 203, in get_host
    raise DisallowedHost(msg)
django.core.exceptions.DisallowedHost: Invalid HTTP_HOST header: 'chitwanremoval.com.au.studiorishav.com:80'. You may need to add 'chitwanremoval.com.au.studiorishav.com' to ALLOWED_HOSTS.
Not Found: /static/images/hero-banner.jpg
Not Found: /static/images/hero-banner.jpg
Invalid HTTP_HOST header: 'www.chitwanremoval.com.au.studiorishav.com'. You may need to add 'www.chitwanremoval.com.au.studiorishav.com' to ALLOWED_HOSTS.
Traceback (most recent call last):
  File "/home1/studiori/virtualenv/chitwanremoval.com.au/chitwan_removal/3.10/lib/python3.10/site-packages/django/core/handlers/exception.py", line 55, in inner
    response = get_response(request)
  File "/home1/studiori/virtualenv/chitwanremoval.com.au/chitwan_removal/3.10/lib/python3.10/site-packages/django/utils/deprecation.py", line 119, in __call__
    response = self.process_request(request)
  File "/home1/studiori/virtualenv/chitwanremoval.com.au/chitwan_removal/3.10/lib/python3.10/site-packages/django/middleware/common.py", line 48, in process_request
    host = request.get_host()
  File "/home1/studiori/virtualenv/chitwanremoval.com.au/chitwan_removal/3.10/lib/python3.10/site-packages/django/http/request.py", line 203, in get_host
    raise DisallowedHost(msg)
django.core.exceptions.DisallowedHost: Invalid HTTP_HOST header: 'www.chitwanremoval.com.au.studiorishav.com'. You may need to add 'www.chitwanremoval.com.au.studiorishav.com' to ALLOWED_HOSTS.
Not Found: /static/images/hero-banner.jpg
Not Found: /static/images/hero-banner.jpg
Not Found: /static/images/hero-banner.jpg
Not Found: /static/images/hero-banner.jpg
Not Found: /static/images/hero-banner.jpg
Invalid HTTP_HOST header: 'www.chitwanremoval.com.au.studiorishav.com:443'. You may need to add 'www.chitwanremoval.com.au.studiorishav.com' to ALLOWED_HOSTS.
Traceback (most recent call last):
  File "/home1/studiori/virtualenv/chitwanremoval.com.au/chitwan_removal/3.10/lib/python3.10/site-packages/django/core/handlers/exception.py", line 55, in inner
    response = get_response(request)
  File "/home1/studiori/virtualenv/chitwanremoval.com.au/chitwan_removal/3.10/lib/python3.10/site-packages/django/utils/deprecation.py", line 119, in __call__
    response = self.process_request(request)
  File "/home1/studiori/virtualenv/chitwanremoval.com.au/chitwan_removal/3.10/lib/python3.10/site-packages/django/middleware/common.py", line 48, in process_request
    host = request.get_host()
  File "/home1/studiori/virtualenv/chitwanremoval.com.au/chitwan_removal/3.10/lib/python3.10/site-packages/django/http/request.py", line 203, in get_host
    raise DisallowedHost(msg)
django.core.exceptions.DisallowedHost: Invalid HTTP_HOST header: 'www.chitwanremoval.com.au.studiorishav.com:443'. You may need to add 'www.chitwanremoval.com.au.studiorishav.com' to ALLOWED_HOSTS.
Invalid HTTP_HOST header: 'chitwanremoval.com.au.studiorishav.com:443'. You may need to add 'chitwanremoval.com.au.studiorishav.com' to ALLOWED_HOSTS.
Traceback (most recent call last):
  File "/home1/studiori/virtualenv/chitwanremoval.com.au/chitwan_removal/3.10/lib/python3.10/site-packages/django/core/handlers/exception.py", line 55, in inner
    response = get_response(request)
  File "/home1/studiori/virtualenv/chitwanremoval.com.au/chitwan_removal/3.10/lib/python3.10/site-packages/django/utils/deprecation.py", line 119, in __call__
    response = self.process_request(request)
  File "/home1/studiori/virtualenv/chitwanremoval.com.au/chitwan_removal/3.10/lib/python3.10/site-packages/django/middleware/common.py", line 48, in process_request
    host = request.get_host()
  File "/home1/studiori/virtualenv/chitwanremoval.com.au/chitwan_removal/3.10/lib/python3.10/site-packages/django/http/request.py", line 203, in get_host
    raise DisallowedHost(msg)
django.core.exceptions.DisallowedHost: Invalid HTTP_HOST header: 'chitwanremoval.com.au.studiorishav.com:443'. You may need to add 'chitwanremoval.com.au.studiorishav.com' to ALLOWED_HOSTS.
[UID:2229][3097558] Child process with pid: 3099678 was killed by signal: 15, core dumped: no
Invalid HTTP_HOST header: 'chitwanremoval.com.au.studiorishav.com'. You may need to add 'chitwanremoval.com.au.studiorishav.com' to ALLOWED_HOSTS.
Traceback (most recent call last):
  File "/home1/studiori/virtualenv/chitwanremoval.com.au/chitwan_removal/3.10/lib/python3.10/site-packages/django/core/handlers/exception.py", line 55, in inner
    response = get_response(request)
  File "/home1/studiori/virtualenv/chitwanremoval.com.au/chitwan_removal/3.10/lib/python3.10/site-packages/django/utils/deprecation.py", line 119, in __call__
    response = self.process_request(request)
  File "/home1/studiori/virtualenv/chitwanremoval.com.au/chitwan_removal/3.10/lib/python3.10/site-packages/django/middleware/common.py", line 48, in process_request
    host = request.get_host()
  File "/home1/studiori/virtualenv/chitwanremoval.com.au/chitwan_removal/3.10/lib/python3.10/site-packages/django/http/request.py", line 203, in get_host
    raise DisallowedHost(msg)
django.core.exceptions.DisallowedHost: Invalid HTTP_HOST header: 'chitwanremoval.com.au.studiorishav.com'. You may need to add 'chitwanremoval.com.au.studiorishav.com' to ALLOWED_HOSTS.
Not Found: /static/images/hero-banner.jpg
Not Found: /static/images/hero-banner.jpg
Not Found: /static/images/hero-banner.jpg
Invalid HTTP_HOST header: 'www.chitwanremoval.com.au.studiorishav.com'. You may need to add 'www.chitwanremoval.com.au.studiorishav.com' to ALLOWED_HOSTS.
Traceback (most recent call last):
  File "/home1/studiori/virtualenv/chitwanremoval.com.au/chitwan_removal/3.10/lib/python3.10/site-packages/django/core/handlers/exception.py", line 55, in inner
    response = get_response(request)
  File "/home1/studiori/virtualenv/chitwanremoval.com.au/chitwan_removal/3.10/lib/python3.10/site-packages/django/utils/deprecation.py", line 119, in __call__
    response = self.process_request(request)
  File "/home1/studiori/virtualenv/chitwanremoval.com.au/chitwan_removal/3.10/lib/python3.10/site-packages/django/middleware/common.py", line 48, in process_request
    host = request.get_host()
  File "/home1/studiori/virtualenv/chitwanremoval.com.au/chitwan_removal/3.10/lib/python3.10/site-packages/django/http/request.py", line 203, in get_host
    raise DisallowedHost(msg)
django.core.exceptions.DisallowedHost: Invalid HTTP_HOST header: 'www.chitwanremoval.com.au.studiorishav.com'. You may need to add 'www.chitwanremoval.com.au.studiorishav.com' to ALLOWED_HOSTS.
Invalid HTTP_HOST header: 'www.chitwanremoval.com.au.studiorishav.com'. You may need to add 'www.chitwanremoval.com.au.studiorishav.com' to ALLOWED_HOSTS.
Traceback (most recent call last):
  File "/home1/studiori/virtualenv/chitwanremoval.com.au/chitwan_removal/3.10/lib/python3.10/site-packages/django/core/handlers/exception.py", line 55, in inner
    response = get_response(request)
  File "/home1/studiori/virtualenv/chitwanremoval.com.au/chitwan_removal/3.10/lib/python3.10/site-packages/django/utils/deprecation.py", line 119, in __call__
    response = self.process_request(request)
  File "/home1/studiori/virtualenv/chitwanremoval.com.au/chitwan_removal/3.10/lib/python3.10/site-packages/django/middleware/common.py", line 48, in process_request
    host = request.get_host()
  File "/home1/studiori/virtualenv/chitwanremoval.com.au/chitwan_removal/3.10/lib/python3.10/site-packages/django/http/request.py", line 203, in get_host
    raise DisallowedHost(msg)
django.core.exceptions.DisallowedHost: Invalid HTTP_HOST header: 'www.chitwanremoval.com.au.studiorishav.com'. You may need to add 'www.chitwanremoval.com.au.studiorishav.com' to ALLOWED_HOSTS.
Invalid HTTP_HOST header: 'chitwanremoval.com.au.studiorishav.com'. You may need to add 'chitwanremoval.com.au.studiorishav.com' to ALLOWED_HOSTS.
Traceback (most recent call last):
  File "/home1/studiori/virtualenv/chitwanremoval.com.au/chitwan_removal/3.10/lib/python3.10/site-packages/django/core/handlers/exception.py", line 55, in inner
    response = get_response(request)
  File "/home1/studiori/virtualenv/chitwanremoval.com.au/chitwan_removal/3.10/lib/python3.10/site-packages/django/utils/deprecation.py", line 119, in __call__
    response = self.process_request(request)
  File "/home1/studiori/virtualenv/chitwanremoval.com.au/chitwan_removal/3.10/lib/python3.10/site-packages/django/middleware/common.py", line 48, in process_request
    host = request.get_host()
  File "/home1/studiori/virtualenv/chitwanremoval.com.au/chitwan_removal/3.10/lib/python3.10/site-packages/django/http/request.py", line 203, in get_host
    raise DisallowedHost(msg)
django.core.exceptions.DisallowedHost: Invalid HTTP_HOST header: 'chitwanremoval.com.au.studiorishav.com'. You may need to add 'chitwanremoval.com.au.studiorishav.com' to ALLOWED_HOSTS.
Invalid HTTP_HOST header: 'chitwanremoval.com.au.studiorishav.com'. You may need to add 'chitwanremoval.com.au.studiorishav.com' to ALLOWED_HOSTS.
Traceback (most recent call last):
  File "/home1/studiori/virtualenv/chitwanremoval.com.au/chitwan_removal/3.10/lib/python3.10/site-packages/django/core/handlers/exception.py", line 55, in inner
    response = get_response(request)
  File "/home1/studiori/virtualenv/chitwanremoval.com.au/chitwan_removal/3.10/lib/python3.10/site-packages/django/utils/deprecation.py", line 119, in __call__
    response = self.process_request(request)
  File "/home1/studiori/virtualenv/chitwanremoval.com.au/chitwan_removal/3.10/lib/python3.10/site-packages/django/middleware/common.py", line 48, in process_request
    host = request.get_host()
  File "/home1/studiori/virtualenv/chitwanremoval.com.au/chitwan_removal/3.10/lib/python3.10/site-packages/django/http/request.py", line 203, in get_host
    raise DisallowedHost(msg)
django.core.exceptions.DisallowedHost: Invalid HTTP_HOST header: 'chitwanremoval.com.au.studiorishav.com'. You may need to add 'chitwanremoval.com.au.studiorishav.com' to ALLOWED_HOSTS.
Invalid HTTP_HOST header: 'www.chitwanremoval.com.au.studiorishav.com'. You may need to add 'www.chitwanremoval.com.au.studiorishav.com' to ALLOWED_HOSTS.
Traceback (most recent call last):
  File "/home1/studiori/virtualenv/chitwanremoval.com.au/chitwan_removal/3.10/lib/python3.10/site-packages/django/core/handlers/exception.py", line 55, in inner
    response = get_response(request)
  File "/home1/studiori/virtualenv/chitwanremoval.com.au/chitwan_removal/3.10/lib/python3.10/site-packages/django/utils/deprecation.py", line 119, in __call__
    response = self.process_request(request)
  File "/home1/studiori/virtualenv/chitwanremoval.com.au/chitwan_removal/3.10/lib/python3.10/site-packages/django/middleware/common.py", line 48, in process_request
    host = request.get_host()
  File "/home1/studiori/virtualenv/chitwanremoval.com.au/chitwan_removal/3.10/lib/python3.10/site-packages/django/http/request.py", line 203, in get_host
    raise DisallowedHost(msg)
django.core.exceptions.DisallowedHost: Invalid HTTP_HOST header: 'www.chitwanremoval.com.au.studiorishav.com'. You may need to add 'www.chitwanremoval.com.au.studiorishav.com' to ALLOWED_HOSTS.
Invalid HTTP_HOST header: 'chitwanremoval.com.au.studiorishav.com'. You may need to add 'chitwanremoval.com.au.studiorishav.com' to ALLOWED_HOSTS.
Traceback (most recent call last):
  File "/home1/studiori/virtualenv/chitwanremoval.com.au/chitwan_removal/3.10/lib/python3.10/site-packages/django/core/handlers/exception.py", line 55, in inner
    response = get_response(request)
  File "/home1/studiori/virtualenv/chitwanremoval.com.au/chitwan_removal/3.10/lib/python3.10/site-packages/django/utils/deprecation.py", line 119, in __call__
    response = self.process_request(request)
  File "/home1/studiori/virtualenv/chitwanremoval.com.au/chitwan_removal/3.10/lib/python3.10/site-packages/django/middleware/common.py", line 48, in process_request
    host = request.get_host()
  File "/home1/studiori/virtualenv/chitwanremoval.com.au/chitwan_removal/3.10/lib/python3.10/site-packages/django/http/request.py", line 203, in get_host
    raise DisallowedHost(msg)
django.core.exceptions.DisallowedHost: Invalid HTTP_HOST header: 'chitwanremoval.com.au.studiorishav.com'. You may need to add 'chitwanremoval.com.au.studiorishav.com' to ALLOWED_HOSTS.
Invalid HTTP_HOST header: 'chitwanremoval.com.au.studiorishav.com'. You may need to add 'chitwanremoval.com.au.studiorishav.com' to ALLOWED_HOSTS.
Traceback (most recent call last):
  File "/home1/studiori/virtualenv/chitwanremoval.com.au/chitwan_removal/3.10/lib/python3.10/site-packages/django/core/handlers/exception.py", line 55, in inner
    response = get_response(request)
  File "/home1/studiori/virtualenv/chitwanremoval.com.au/chitwan_removal/3.10/lib/python3.10/site-packages/django/utils/deprecation.py", line 119, in __call__
    response = self.process_request(request)
  File "/home1/studiori/virtualenv/chitwanremoval.com.au/chitwan_removal/3.10/lib/python3.10/site-packages/django/middleware/common.py", line 48, in process_request
    host = request.get_host()
  File "/home1/studiori/virtualenv/chitwanremoval.com.au/chitwan_removal/3.10/lib/python3.10/site-packages/django/http/request.py", line 203, in get_host
    raise DisallowedHost(msg)
django.core.exceptions.DisallowedHost: Invalid HTTP_HOST header: 'chitwanremoval.com.au.studiorishav.com'. You may need to add 'chitwanremoval.com.au.studiorishav.com' to ALLOWED_HOSTS.
Not Found: /.env
Forbidden (CSRF cookie not set.): /
Not Found: /sendgrid/.env
Forbidden (CSRF cookie not set.): /
Not Found: /.env
Not Found: /auth.json
Not Found: /.env.php.bak
Not Found: /firebase-service-account.json
Not Found: /docker/.env
Not Found: /config.php.bak
Not Found: /Dockerfile
Not Found: /configuration.php.bak
Not Found: /staging/.env
Not Found: /.docker/config.json
Not Found: /.env.docker
Not Found: /.github/.env
Not Found: /.env.dev
[UID:2229][556777] Reached max children process limit: 6, extra: 2, current: 8, busy: 8, please increase LSAPI_CHILDREN.
Not Found: /.env.swp
Not Found: /.env.production.bak
Not Found: /.s3cfg
Not Found: /.env.prod.bak
Not Found: /public/.env
[UID:2229][556777] Reached max children process limit: 6, extra: 2, current: 8, busy: 8, please increase LSAPI_CHILDREN.
[UID:2229][556777] Reached max children process limit: 6, extra: 2, current: 8, busy: 8, please increase LSAPI_CHILDREN.
Not Found: /web/.env
Not Found: /.boto
[UID:2229][556777] Reached max children process limit: 6, extra: 2, current: 8, busy: 8, please increase LSAPI_CHILDREN.
Not Found: /@fs/.env
[UID:2229][556777] Reached max children process limit: 6, extra: 2, current: 8, busy: 8, please increase LSAPI_CHILDREN.
[UID:2229][556777] Reached max children process limit: 6, extra: 2, current: 8, busy: 8, please increase LSAPI_CHILDREN.
Not Found: /gcp-credentials.json
[UID:2229][556777] Reached max children process limit: 6, extra: 2, current: 8, busy: 8, please increase LSAPI_CHILDREN.
Not Found: /application.properties
[UID:2229][556777] Reached max children process limit: 6, extra: 2, current: 8, busy: 8, please increase LSAPI_CHILDREN.
[UID:2229][556777] Reached max children process limit: 6, extra: 2, current: 8, busy: 8, please increase LSAPI_CHILDREN.
Not Found: /terraform.tfstate
Not Found: /@fs/proc/self/environ
[UID:2229][556777] Reached max children process limit: 6, extra: 2, current: 8, busy: 8, please increase LSAPI_CHILDREN.
Not Found: /keys/service-account.json
[UID:2229][556777] Reached max children process limit: 6, extra: 2, current: 8, busy: 8, please increase LSAPI_CHILDREN.
[UID:2229][556777] Reached max children process limit: 6, extra: 2, current: 8, busy: 8, please increase LSAPI_CHILDREN.
Not Found: /docker-compose.yaml
[UID:2229][556777] Reached max children process limit: 6, extra: 2, current: 8, busy: 8, please increase LSAPI_CHILDREN.
Not Found: /google-credentials.json
Not Found: /sa.json
[UID:2229][556777] Reached max children process limit: 6, extra: 2, current: 8, busy: 8, please increase LSAPI_CHILDREN.
[UID:2229][556777] Reached max children process limit: 6, extra: 2, current: 8, busy: 8, please increase LSAPI_CHILDREN.
Not Found: /settings.py
[UID:2229][556777] Reached max children process limit: 6, extra: 2, current: 8, busy: 8, please increase LSAPI_CHILDREN.
Not Found: /firebase-credentials.json
[UID:2229][556777] Reached max children process limit: 6, extra: 2, current: 8, busy: 7, please increase LSAPI_CHILDREN.
Not Found: /.npmrc
[UID:2229][556777] Reached max children process limit: 6, extra: 2, current: 8, busy: 7, please increase LSAPI_CHILDREN.
Not Found: /application.yml
[UID:2229][556777] Reached max children process limit: 6, extra: 2, current: 8, busy: 8, please increase LSAPI_CHILDREN.
[UID:2229][556777] Reached max children process limit: 6, extra: 2, current: 8, busy: 8, please increase LSAPI_CHILDREN.
Not Found: /firebase-admin.json
[UID:2229][556777] Reached max children process limit: 6, extra: 2, current: 8, busy: 7, please increase LSAPI_CHILDREN.
Not Found: /@fs/root/.env
[UID:2229][556777] Reached max children process limit: 6, extra: 2, current: 8, busy: 7, please increase LSAPI_CHILDREN.
Not Found: /backend/settings.py
Not Found: /.pypirc
Not Found: /bootstrap.yml
[UID:2229][556777] Reached max children process limit: 6, extra: 2, current: 8, busy: 8, please increase LSAPI_CHILDREN.
[UID:2229][556777] Reached max children process limit: 6, extra: 2, current: 8, busy: 8, please increase LSAPI_CHILDREN.
Not Found: /.streamlit/secrets.toml
[UID:2229][556777] Reached max children process limit: 6, extra: 2, current: 8, busy: 8, please increase LSAPI_CHILDREN.
Not Found: /core/settings.py
Not Found: /app/settings.py
Not Found: /config.py
[UID:2229][556777] Reached max children process limit: 6, extra: 2, current: 8, busy: 8, please increase LSAPI_CHILDREN.
[UID:2229][556777] Reached max children process limit: 6, extra: 2, current: 8, busy: 8, please increase LSAPI_CHILDREN.
[UID:2229][556777] Reached max children process limit: 6, extra: 2, current: 8, busy: 8, please increase LSAPI_CHILDREN.
Not Found: /gcp-key.json
Not Found: /instance/config.py
Not Found: /config/secrets.yml
[UID:2229][556777] Reached max children process limit: 6, extra: 2, current: 8, busy: 8, please increase LSAPI_CHILDREN.
[UID:2229][556777] Reached max children process limit: 6, extra: 2, current: 8, busy: 8, please increase LSAPI_CHILDREN.
[UID:2229][556777] Reached max children process limit: 6, extra: 2, current: 8, busy: 8, please increase LSAPI_CHILDREN.
[UID:2229][556777] Reached max children process limit: 6, extra: 2, current: 8, busy: 8, please increase LSAPI_CHILDREN.
[UID:2229][556777] Reached max children process limit: 6, extra: 2, current: 8, busy: 7, please increase LSAPI_CHILDREN.
Not Found: /config/application.properties
[UID:2229][556777] Reached max children process limit: 6, extra: 2, current: 8, busy: 8, please increase LSAPI_CHILDREN.
[UID:2229][556777] Reached max children process limit: 6, extra: 2, current: 8, busy: 8, please increase LSAPI_CHILDREN.
[UID:2229][556777] Reached max children process limit: 6, extra: 2, current: 8, busy: 8, please increase LSAPI_CHILDREN.
Not Found: /config/firebase-admin.json
[UID:2229][556777] Reached max children process limit: 6, extra: 2, current: 8, busy: 8, please increase LSAPI_CHILDREN.
[UID:2229][556777] Reached max children process limit: 6, extra: 2, current: 8, busy: 8, please increase LSAPI_CHILDREN.
[UID:2229][556777] Reached max children process limit: 6, extra: 2, current: 8, busy: 8, please increase LSAPI_CHILDREN.
Not Found: /.env.staging
[UID:2229][556777] Reached max children process limit: 6, extra: 2, current: 8, busy: 8, please increase LSAPI_CHILDREN.
[UID:2229][556777] Reached max children process limit: 6, extra: 2, current: 8, busy: 8, please increase LSAPI_CHILDREN.
[UID:2229][556777] Reached max children process limit: 6, extra: 2, current: 8, busy: 7, please increase LSAPI_CHILDREN.
Not Found: /config/settings.py
[UID:2229][556777] Reached max children process limit: 6, extra: 2, current: 8, busy: 8, please increase LSAPI_CHILDREN.
[UID:2229][556777] Reached max children process limit: 6, extra: 2, current: 8, busy: 8, please increase LSAPI_CHILDREN.
[UID:2229][556777] Reached max children process limit: 6, extra: 2, current: 8, busy: 7, please increase LSAPI_CHILDREN.
Not Found: /bootstrap.properties
[UID:2229][556777] Reached max children process limit: 6, extra: 2, current: 8, busy: 7, please increase LSAPI_CHILDREN.
Not Found: /public/admin.json
[UID:2229][556777] Reached max children process limit: 6, extra: 2, current: 8, busy: 8, please increase LSAPI_CHILDREN.
[UID:2229][556777] Reached max children process limit: 6, extra: 2, current: 8, busy: 8, please increase LSAPI_CHILDREN.
Not Found: /config/gcp-credentials.json
[UID:2229][556777] Reached max children process limit: 6, extra: 2, current: 8, busy: 8, please increase LSAPI_CHILDREN.
Not Found: /.gradle/gradle.properties
[UID:2229][556777] Reached max children process limit: 6, extra: 2, current: 8, busy: 8, please increase LSAPI_CHILDREN.
[UID:2229][556777] Reached max children process limit: 6, extra: 2, current: 8, busy: 8, please increase LSAPI_CHILDREN.
Not Found: /firebase.json
Not Found: /config.env
[UID:2229][556777] Reached max children process limit: 6, extra: 2, current: 8, busy: 8, please increase LSAPI_CHILDREN.
[UID:2229][556777] Reached max children process limit: 6, extra: 2, current: 8, busy: 7, please increase LSAPI_CHILDREN.
Not Found: /.env.development
[UID:2229][556777] Reached max children process limit: 6, extra: 2, current: 8, busy: 7, please increase LSAPI_CHILDREN.
Not Found: /actuator/env
[UID:2229][556777] Reached max children process limit: 6, extra: 2, current: 8, busy: 8, please increase LSAPI_CHILDREN.
[UID:2229][556777] Reached max children process limit: 6, extra: 2, current: 8, busy: 8, please increase LSAPI_CHILDREN.
Not Found: /appsettings.json
[UID:2229][556777] Reached max children process limit: 6, extra: 2, current: 8, busy: 8, please increase LSAPI_CHILDREN.
Not Found: /appsettings.Development.json
Not Found: /google-service-account.json
[UID:2229][556777] Reached max children process limit: 6, extra: 2, current: 8, busy: 7, please increase LSAPI_CHILDREN.
Not Found: /gradle.properties
[UID:2229][556777] Reached max children process limit: 6, extra: 2, current: 8, busy: 8, please increase LSAPI_CHILDREN.
Not Found: /push_config.json
[UID:2229][556777] Reached max children process limit: 6, extra: 2, current: 8, busy: 8, please increase LSAPI_CHILDREN.
Not Found: /gc-service.json
[UID:2229][556777] Reached max children process limit: 6, extra: 2, current: 8, busy: 8, please increase LSAPI_CHILDREN.
[UID:2229][556777] Reached max children process limit: 6, extra: 2, current: 8, busy: 8, please increase LSAPI_CHILDREN.
[UID:2229][556777] Reached max children process limit: 6, extra: 2, current: 8, busy: 8, please increase LSAPI_CHILDREN.
Not Found: /gcp-service.json
[UID:2229][556777] Reached max children process limit: 6, extra: 2, current: 8, busy: 8, please increase LSAPI_CHILDREN.
[UID:2229][556777] Reached max children process limit: 6, extra: 2, current: 8, busy: 8, please increase LSAPI_CHILDREN.
[UID:2229][556777] Reached max children process limit: 6, extra: 2, current: 8, busy: 7, please increase LSAPI_CHILDREN.
Not Found: /.env.test
Not Found: /web.config
[UID:2229][556777] Reached max children process limit: 6, extra: 2, current: 8, busy: 8, please increase LSAPI_CHILDREN.
[UID:2229][556777] Reached max children process limit: 6, extra: 2, current: 8, busy: 8, please increase LSAPI_CHILDREN.
[UID:2229][556777] Reached max children process limit: 6, extra: 2, current: 8, busy: 7, please increase LSAPI_CHILDREN.
Not Found: /sendgrid.env
[UID:2229][556777] Reached max children process limit: 6, extra: 2, current: 8, busy: 8, please increase LSAPI_CHILDREN.
[UID:2229][556777] Reached max children process limit: 6, extra: 2, current: 8, busy: 8, please increase LSAPI_CHILDREN.
[UID:2229][556777] Reached max children process limit: 6, extra: 2, current: 8, busy: 8, please increase LSAPI_CHILDREN.
[UID:2229][556777] Reached max children process limit: 6, extra: 2, current: 8, busy: 8, please increase LSAPI_CHILDREN.
[UID:2229][556777] Reached max children process limit: 6, extra: 2, current: 8, busy: 8, please increase LSAPI_CHILDREN.
[UID:2229][556777] Reached max children process limit: 6, extra: 2, current: 8, busy: 8, please increase LSAPI_CHILDREN.
[UID:2229][556777] Reached max children process limit: 6, extra: 2, current: 8, busy: 7, please increase LSAPI_CHILDREN.
Not Found: /app/.env
[UID:2229][556777] Reached max children process limit: 6, extra: 2, current: 8, busy: 7, please increase LSAPI_CHILDREN.
[UID:2229][556777] Reached max children process limit: 6, extra: 2, current: 8, busy: 7, please increase LSAPI_CHILDREN.
Not Found: /appsettings.Production.json
Not Found: /frontend/.env
[UID:2229][556777] Reached max children process limit: 6, extra: 2, current: 8, busy: 8, please increase LSAPI_CHILDREN.
[UID:2229][556777] Reached max children process limit: 6, extra: 2, current: 8, busy: 8, please increase LSAPI_CHILDREN.
[UID:2229][556777] Reached max children process limit: 6, extra: 2, current: 8, busy: 8, please increase LSAPI_CHILDREN.
[UID:2229][556777] Reached max children process limit: 6, extra: 2, current: 8, busy: 8, please increase LSAPI_CHILDREN.
Not Found: /google-services.json
Invalid HTTP_HOST header: 'www.chitwanremoval.com.au.studiorishav.com'. You may need to add 'www.chitwanremoval.com.au.studiorishav.com' to ALLOWED_HOSTS.
Traceback (most recent call last):
  File "/home1/studiori/virtualenv/chitwanremoval.com.au/chitwan_removal/3.10/lib/python3.10/site-packages/django/core/handlers/exception.py", line 55, in inner
    response = get_response(request)
  File "/home1/studiori/virtualenv/chitwanremoval.com.au/chitwan_removal/3.10/lib/python3.10/site-packages/django/utils/deprecation.py", line 119, in __call__
    response = self.process_request(request)
  File "/home1/studiori/virtualenv/chitwanremoval.com.au/chitwan_removal/3.10/lib/python3.10/site-packages/django/middleware/common.py", line 48, in process_request
    host = request.get_host()
  File "/home1/studiori/virtualenv/chitwanremoval.com.au/chitwan_removal/3.10/lib/python3.10/site-packages/django/http/request.py", line 203, in get_host
    raise DisallowedHost(msg)
django.core.exceptions.DisallowedHost: Invalid HTTP_HOST header: 'www.chitwanremoval.com.au.studiorishav.com'. You may need to add 'www.chitwanremoval.com.au.studiorishav.com' to ALLOWED_HOSTS.
Not Found: /robots.txt
Not Found: /robots.txt
Not Found: /robots.txt
Not Found: /robots.txt
Invalid HTTP_HOST header: 'www.chitwanremoval.com.au.studiorishav.com'. You may need to add 'www.chitwanremoval.com.au.studiorishav.com' to ALLOWED_HOSTS.
Traceback (most recent call last):
  File "/home1/studiori/virtualenv/chitwanremoval.com.au/chitwan_removal/3.10/lib/python3.10/site-packages/django/core/handlers/exception.py", line 55, in inner
    response = get_response(request)
  File "/home1/studiori/virtualenv/chitwanremoval.com.au/chitwan_removal/3.10/lib/python3.10/site-packages/django/utils/deprecation.py", line 119, in __call__
    response = self.process_request(request)
  File "/home1/studiori/virtualenv/chitwanremoval.com.au/chitwan_removal/3.10/lib/python3.10/site-packages/django/middleware/common.py", line 48, in process_request
    host = request.get_host()
  File "/home1/studiori/virtualenv/chitwanremoval.com.au/chitwan_removal/3.10/lib/python3.10/site-packages/django/http/request.py", line 203, in get_host
    raise DisallowedHost(msg)
django.core.exceptions.DisallowedHost: Invalid HTTP_HOST header: 'www.chitwanremoval.com.au.studiorishav.com'. You may need to add 'www.chitwanremoval.com.au.studiorishav.com' to ALLOWED_HOSTS.
Not Found: /wp-includes/css/buttons.css
Not Found: /media/system/js/core.js
Invalid HTTP_HOST header: 'chitwanremoval.com.au.studiorishav.com'. You may need to add 'chitwanremoval.com.au.studiorishav.com' to ALLOWED_HOSTS.
Traceback (most recent call last):
  File "/home1/studiori/virtualenv/chitwanremoval.com.au/chitwan_removal/3.10/lib/python3.10/site-packages/django/core/handlers/exception.py", line 55, in inner
    response = get_response(request)
  File "/home1/studiori/virtualenv/chitwanremoval.com.au/chitwan_removal/3.10/lib/python3.10/site-packages/django/utils/deprecation.py", line 119, in __call__
    response = self.process_request(request)
  File "/home1/studiori/virtualenv/chitwanremoval.com.au/chitwan_removal/3.10/lib/python3.10/site-packages/django/middleware/common.py", line 48, in process_request
    host = request.get_host()
  File "/home1/studiori/virtualenv/chitwanremoval.com.au/chitwan_removal/3.10/lib/python3.10/site-packages/django/http/request.py", line 203, in get_host
    raise DisallowedHost(msg)
django.core.exceptions.DisallowedHost: Invalid HTTP_HOST header: 'chitwanremoval.com.au.studiorishav.com'. You may need to add 'chitwanremoval.com.au.studiorishav.com' to ALLOWED_HOSTS.
Not Found: /wp-content/plugins/hellopress/wp_filemanager.php
Not Found: /this_is_a_new_hello_world.php
Not Found: /1xmomo.php
Not Found: /autoload-mb1mb1.php
Not Found: /zjkrv.php
Not Found: /invisi.php
Not Found: /cbutehax.php
Not Found: /wp-verb.php
Not Found: /86.php
Not Found: /bk.php
Not Found: /166.php
Not Found: /Jcrop.php
Not Found: /bthil.php
Not Found: /drykl.php
Not Found: /crgio.php
Not Found: /fpwch.php
Not Found: /aaa.php
Not Found: /asw.php
Not Found: /wp-editor.php
Not Found: /ettidaxe.php
Not Found: /lock360.php
Not Found: /special.php
Not Found: /wp-aa.php
Not Found: /xx.php
Not Found: /byzz.php
Not Found: /ioammdmu.php
Not Found: /cmd.php
Not Found: /min.php
Not Found: /vl.php
Not Found: /2x.php
Not Found: /z1.php
Invalid HTTP_HOST header: 'chitwanremoval.com.au.studiorishav.com'. You may need to add 'chitwanremoval.com.au.studiorishav.com' to ALLOWED_HOSTS.
Traceback (most recent call last):
  File "/home1/studiori/virtualenv/chitwanremoval.com.au/chitwan_removal/3.10/lib/python3.10/site-packages/django/core/handlers/exception.py", line 55, in inner
    response = get_response(request)
  File "/home1/studiori/virtualenv/chitwanremoval.com.au/chitwan_removal/3.10/lib/python3.10/site-packages/django/utils/deprecation.py", line 119, in __call__
    response = self.process_request(request)
  File "/home1/studiori/virtualenv/chitwanremoval.com.au/chitwan_removal/3.10/lib/python3.10/site-packages/django/middleware/common.py", line 48, in process_request
    host = request.get_host()
  File "/home1/studiori/virtualenv/chitwanremoval.com.au/chitwan_removal/3.10/lib/python3.10/site-packages/django/http/request.py", line 203, in get_host
    raise DisallowedHost(msg)
django.core.exceptions.DisallowedHost: Invalid HTTP_HOST header: 'chitwanremoval.com.au.studiorishav.com'. You may need to add 'chitwanremoval.com.au.studiorishav.com' to ALLOWED_HOSTS.
Not Found: /robots.txt
Not Found: /robots.txt
Invalid HTTP_HOST header: 'www.chitwanremoval.com.au.studiorishav.com'. You may need to add 'www.chitwanremoval.com.au.studiorishav.com' to ALLOWED_HOSTS.
Traceback (most recent call last):
  File "/home1/studiori/virtualenv/chitwanremoval.com.au/chitwan_removal/3.10/lib/python3.10/site-packages/django/core/handlers/exception.py", line 55, in inner
    response = get_response(request)
  File "/home1/studiori/virtualenv/chitwanremoval.com.au/chitwan_removal/3.10/lib/python3.10/site-packages/django/utils/deprecation.py", line 119, in __call__
    response = self.process_request(request)
  File "/home1/studiori/virtualenv/chitwanremoval.com.au/chitwan_removal/3.10/lib/python3.10/site-packages/django/middleware/common.py", line 48, in process_request
    host = request.get_host()
  File "/home1/studiori/virtualenv/chitwanremoval.com.au/chitwan_removal/3.10/lib/python3.10/site-packages/django/http/request.py", line 203, in get_host
    raise DisallowedHost(msg)
django.core.exceptions.DisallowedHost: Invalid HTTP_HOST header: 'www.chitwanremoval.com.au.studiorishav.com'. You may need to add 'www.chitwanremoval.com.au.studiorishav.com' to ALLOWED_HOSTS.
Invalid HTTP_HOST header: 'www.chitwanremoval.com.au.studiorishav.com'. You may need to add 'www.chitwanremoval.com.au.studiorishav.com' to ALLOWED_HOSTS.
Traceback (most recent call last):
  File "/home1/studiori/virtualenv/chitwanremoval.com.au/chitwan_removal/3.10/lib/python3.10/site-packages/django/core/handlers/exception.py", line 55, in inner
    response = get_response(request)
  File "/home1/studiori/virtualenv/chitwanremoval.com.au/chitwan_removal/3.10/lib/python3.10/site-packages/django/utils/deprecation.py", line 119, in __call__
    response = self.process_request(request)
  File "/home1/studiori/virtualenv/chitwanremoval.com.au/chitwan_removal/3.10/lib/python3.10/site-packages/django/middleware/common.py", line 48, in process_request
    host = request.get_host()
  File "/home1/studiori/virtualenv/chitwanremoval.com.au/chitwan_removal/3.10/lib/python3.10/site-packages/django/http/request.py", line 203, in get_host
    raise DisallowedHost(msg)
django.core.exceptions.DisallowedHost: Invalid HTTP_HOST header: 'www.chitwanremoval.com.au.studiorishav.com'. You may need to add 'www.chitwanremoval.com.au.studiorishav.com' to ALLOWED_HOSTS.
Invalid HTTP_HOST header: 'www.chitwanremoval.com.au.studiorishav.com'. You may need to add 'www.chitwanremoval.com.au.studiorishav.com' to ALLOWED_HOSTS.
Traceback (most recent call last):
  File "/home1/studiori/virtualenv/chitwanremoval.com.au/chitwan_removal/3.10/lib/python3.10/site-packages/django/core/handlers/exception.py", line 55, in inner
    response = get_response(request)
  File "/home1/studiori/virtualenv/chitwanremoval.com.au/chitwan_removal/3.10/lib/python3.10/site-packages/django/utils/deprecation.py", line 119, in __call__
    response = self.process_request(request)
  File "/home1/studiori/virtualenv/chitwanremoval.com.au/chitwan_removal/3.10/lib/python3.10/site-packages/django/middleware/common.py", line 48, in process_request
    host = request.get_host()
  File "/home1/studiori/virtualenv/chitwanremoval.com.au/chitwan_removal/3.10/lib/python3.10/site-packages/django/http/request.py", line 203, in get_host
    raise DisallowedHost(msg)
django.core.exceptions.DisallowedHost: Invalid HTTP_HOST header: 'www.chitwanremoval.com.au.studiorishav.com'. You may need to add 'www.chitwanremoval.com.au.studiorishav.com' to ALLOWED_HOSTS.
Invalid HTTP_HOST header: 'www.chitwanremoval.com.au.studiorishav.com'. You may need to add 'www.chitwanremoval.com.au.studiorishav.com' to ALLOWED_HOSTS.
Traceback (most recent call last):
  File "/home1/studiori/virtualenv/chitwanremoval.com.au/chitwan_removal/3.10/lib/python3.10/site-packages/django/core/handlers/exception.py", line 55, in inner
    response = get_response(request)
  File "/home1/studiori/virtualenv/chitwanremoval.com.au/chitwan_removal/3.10/lib/python3.10/site-packages/django/utils/deprecation.py", line 119, in __call__
    response = self.process_request(request)
  File "/home1/studiori/virtualenv/chitwanremoval.com.au/chitwan_removal/3.10/lib/python3.10/site-packages/django/middleware/common.py", line 48, in process_request
    host = request.get_host()
  File "/home1/studiori/virtualenv/chitwanremoval.com.au/chitwan_removal/3.10/lib/python3.10/site-packages/django/http/request.py", line 203, in get_host
    raise DisallowedHost(msg)
django.core.exceptions.DisallowedHost: Invalid HTTP_HOST header: 'www.chitwanremoval.com.au.studiorishav.com'. You may need to add 'www.chitwanremoval.com.au.studiorishav.com' to ALLOWED_HOSTS.
Invalid HTTP_HOST header: 'www.chitwanremoval.com.au.studiorishav.com'. You may need to add 'www.chitwanremoval.com.au.studiorishav.com' to ALLOWED_HOSTS.
Traceback (most recent call last):
  File "/home1/studiori/virtualenv/chitwanremoval.com.au/chitwan_removal/3.10/lib/python3.10/site-packages/django/core/handlers/exception.py", line 55, in inner
    response = get_response(request)
  File "/home1/studiori/virtualenv/chitwanremoval.com.au/chitwan_removal/3.10/lib/python3.10/site-packages/django/utils/deprecation.py", line 119, in __call__
    response = self.process_request(request)
  File "/home1/studiori/virtualenv/chitwanremoval.com.au/chitwan_removal/3.10/lib/python3.10/site-packages/django/middleware/common.py", line 48, in process_request
    host = request.get_host()
  File "/home1/studiori/virtualenv/chitwanremoval.com.au/chitwan_removal/3.10/lib/python3.10/site-packages/django/http/request.py", line 203, in get_host
    raise DisallowedHost(msg)
django.core.exceptions.DisallowedHost: Invalid HTTP_HOST header: 'www.chitwanremoval.com.au.studiorishav.com'. You may need to add 'www.chitwanremoval.com.au.studiorishav.com' to ALLOWED_HOSTS.
Not Found: /robots.txt
Invalid HTTP_HOST header: 'chitwanremoval.com.au.studiorishav.com'. You may need to add 'chitwanremoval.com.au.studiorishav.com' to ALLOWED_HOSTS.
Traceback (most recent call last):
  File "/home1/studiori/virtualenv/chitwanremoval.com.au/chitwan_removal/3.10/lib/python3.10/site-packages/django/core/handlers/exception.py", line 55, in inner
    response = get_response(request)
  File "/home1/studiori/virtualenv/chitwanremoval.com.au/chitwan_removal/3.10/lib/python3.10/site-packages/django/utils/deprecation.py", line 119, in __call__
    response = self.process_request(request)
  File "/home1/studiori/virtualenv/chitwanremoval.com.au/chitwan_removal/3.10/lib/python3.10/site-packages/django/middleware/common.py", line 48, in process_request
    host = request.get_host()
  File "/home1/studiori/virtualenv/chitwanremoval.com.au/chitwan_removal/3.10/lib/python3.10/site-packages/django/http/request.py", line 203, in get_host
    raise DisallowedHost(msg)
django.core.exceptions.DisallowedHost: Invalid HTTP_HOST header: 'chitwanremoval.com.au.studiorishav.com'. You may need to add 'chitwanremoval.com.au.studiorishav.com' to ALLOWED_HOSTS.
Not Found: /robots.txt
Invalid HTTP_HOST header: 'chitwanremoval.com.au.studiorishav.com'. You may need to add 'chitwanremoval.com.au.studiorishav.com' to ALLOWED_HOSTS.
Traceback (most recent call last):
  File "/home1/studiori/virtualenv/chitwanremoval.com.au/chitwan_removal/3.10/lib/python3.10/site-packages/django/core/handlers/exception.py", line 55, in inner
    response = get_response(request)
  File "/home1/studiori/virtualenv/chitwanremoval.com.au/chitwan_removal/3.10/lib/python3.10/site-packages/django/utils/deprecation.py", line 119, in __call__
    response = self.process_request(request)
  File "/home1/studiori/virtualenv/chitwanremoval.com.au/chitwan_removal/3.10/lib/python3.10/site-packages/django/middleware/common.py", line 48, in process_request
    host = request.get_host()
  File "/home1/studiori/virtualenv/chitwanremoval.com.au/chitwan_removal/3.10/lib/python3.10/site-packages/django/http/request.py", line 203, in get_host
    raise DisallowedHost(msg)
django.core.exceptions.DisallowedHost: Invalid HTTP_HOST header: 'chitwanremoval.com.au.studiorishav.com'. You may need to add 'chitwanremoval.com.au.studiorishav.com' to ALLOWED_HOSTS.
Not Found: /favicon.ico
Not Found: /api/version
Not Found: /api/v1/settings
Not Found: /favicon.ico
Not Found: /api/version
Not Found: /api/v1/settings
Not Found: /robots.txt
Invalid HTTP_HOST header: 'chitwanremoval.com.au.studiorishav.com'. You may need to add 'chitwanremoval.com.au.studiorishav.com' to ALLOWED_HOSTS.
Traceback (most recent call last):
  File "/home1/studiori/virtualenv/chitwanremoval.com.au/chitwan_removal/3.10/lib/python3.10/site-packages/django/core/handlers/exception.py", line 55, in inner
    response = get_response(request)
  File "/home1/studiori/virtualenv/chitwanremoval.com.au/chitwan_removal/3.10/lib/python3.10/site-packages/django/utils/deprecation.py", line 119, in __call__
    response = self.process_request(request)
  File "/home1/studiori/virtualenv/chitwanremoval.com.au/chitwan_removal/3.10/lib/python3.10/site-packages/django/middleware/common.py", line 48, in process_request
    host = request.get_host()
  File "/home1/studiori/virtualenv/chitwanremoval.com.au/chitwan_removal/3.10/lib/python3.10/site-packages/django/http/request.py", line 203, in get_host
    raise DisallowedHost(msg)
django.core.exceptions.DisallowedHost: Invalid HTTP_HOST header: 'chitwanremoval.com.au.studiorishav.com'. You may need to add 'chitwanremoval.com.au.studiorishav.com' to ALLOWED_HOSTS.
Invalid HTTP_HOST header: 'www.chitwanremoval.com.au.studiorishav.com'. You may need to add 'www.chitwanremoval.com.au.studiorishav.com' to ALLOWED_HOSTS.
Traceback (most recent call last):
  File "/home1/studiori/virtualenv/chitwanremoval.com.au/chitwan_removal/3.10/lib/python3.10/site-packages/django/core/handlers/exception.py", line 55, in inner
    response = get_response(request)
  File "/home1/studiori/virtualenv/chitwanremoval.com.au/chitwan_removal/3.10/lib/python3.10/site-packages/django/utils/deprecation.py", line 119, in __call__
    response = self.process_request(request)
  File "/home1/studiori/virtualenv/chitwanremoval.com.au/chitwan_removal/3.10/lib/python3.10/site-packages/django/middleware/common.py", line 48, in process_request
    host = request.get_host()
  File "/home1/studiori/virtualenv/chitwanremoval.com.au/chitwan_removal/3.10/lib/python3.10/site-packages/django/http/request.py", line 203, in get_host
    raise DisallowedHost(msg)
django.core.exceptions.DisallowedHost: Invalid HTTP_HOST header: 'www.chitwanremoval.com.au.studiorishav.com'. You may need to add 'www.chitwanremoval.com.au.studiorishav.com' to ALLOWED_HOSTS.
Invalid HTTP_HOST header: 'www.chitwanremoval.com.au.studiorishav.com'. You may need to add 'www.chitwanremoval.com.au.studiorishav.com' to ALLOWED_HOSTS.
Traceback (most recent call last):
  File "/home1/studiori/virtualenv/chitwanremoval.com.au/chitwan_removal/3.10/lib/python3.10/site-packages/django/core/handlers/exception.py", line 55, in inner
    response = get_response(request)
  File "/home1/studiori/virtualenv/chitwanremoval.com.au/chitwan_removal/3.10/lib/python3.10/site-packages/django/utils/deprecation.py", line 119, in __call__
    response = self.process_request(request)
  File "/home1/studiori/virtualenv/chitwanremoval.com.au/chitwan_removal/3.10/lib/python3.10/site-packages/django/middleware/common.py", line 48, in process_request
    host = request.get_host()
  File "/home1/studiori/virtualenv/chitwanremoval.com.au/chitwan_removal/3.10/lib/python3.10/site-packages/django/http/request.py", line 203, in get_host
    raise DisallowedHost(msg)
django.core.exceptions.DisallowedHost: Invalid HTTP_HOST header: 'www.chitwanremoval.com.au.studiorishav.com'. You may need to add 'www.chitwanremoval.com.au.studiorishav.com' to ALLOWED_HOSTS.
Not Found: /robots.txt
Not Found: /robots.txt
Invalid HTTP_HOST header: 'www.chitwanremoval.com.au.studiorishav.com'. You may need to add 'www.chitwanremoval.com.au.studiorishav.com' to ALLOWED_HOSTS.
Traceback (most recent call last):
  File "/home1/studiori/virtualenv/chitwanremoval.com.au/chitwan_removal/3.10/lib/python3.10/site-packages/django/core/handlers/exception.py", line 55, in inner
    response = get_response(request)
  File "/home1/studiori/virtualenv/chitwanremoval.com.au/chitwan_removal/3.10/lib/python3.10/site-packages/django/utils/deprecation.py", line 119, in __call__
    response = self.process_request(request)
  File "/home1/studiori/virtualenv/chitwanremoval.com.au/chitwan_removal/3.10/lib/python3.10/site-packages/django/middleware/common.py", line 48, in process_request
    host = request.get_host()
  File "/home1/studiori/virtualenv/chitwanremoval.com.au/chitwan_removal/3.10/lib/python3.10/site-packages/django/http/request.py", line 203, in get_host
    raise DisallowedHost(msg)
django.core.exceptions.DisallowedHost: Invalid HTTP_HOST header: 'www.chitwanremoval.com.au.studiorishav.com'. You may need to add 'www.chitwanremoval.com.au.studiorishav.com' to ALLOWED_HOSTS.
Not Found: /wp-includes/css/buttons.css
Not Found: /media/system/js/core.js
Invalid HTTP_HOST header: 'www.chitwanremoval.com.au.studiorishav.com'. You may need to add 'www.chitwanremoval.com.au.studiorishav.com' to ALLOWED_HOSTS.
Traceback (most recent call last):
  File "/home1/studiori/virtualenv/chitwanremoval.com.au/chitwan_removal/3.10/lib/python3.10/site-packages/django/core/handlers/exception.py", line 55, in inner
    response = get_response(request)
  File "/home1/studiori/virtualenv/chitwanremoval.com.au/chitwan_removal/3.10/lib/python3.10/site-packages/django/utils/deprecation.py", line 119, in __call__
    response = self.process_request(request)
  File "/home1/studiori/virtualenv/chitwanremoval.com.au/chitwan_removal/3.10/lib/python3.10/site-packages/django/middleware/common.py", line 48, in process_request
    host = request.get_host()
  File "/home1/studiori/virtualenv/chitwanremoval.com.au/chitwan_removal/3.10/lib/python3.10/site-packages/django/http/request.py", line 203, in get_host
    raise DisallowedHost(msg)
django.core.exceptions.DisallowedHost: Invalid HTTP_HOST header: 'www.chitwanremoval.com.au.studiorishav.com'. You may need to add 'www.chitwanremoval.com.au.studiorishav.com' to ALLOWED_HOSTS.
Not Found: /wp-json/gravitysmtp/v1/tests/mock-data
Not Found: /wp-json/gravitysmtp/v1/tests/mock-data
Invalid HTTP_HOST header: 'www.chitwanremoval.com.au.studiorishav.com'. You may need to add 'www.chitwanremoval.com.au.studiorishav.com' to ALLOWED_HOSTS.
Traceback (most recent call last):
  File "/home1/studiori/virtualenv/chitwanremoval.com.au/chitwan_removal/3.10/lib/python3.10/site-packages/django/core/handlers/exception.py", line 55, in inner
    response = get_response(request)
  File "/home1/studiori/virtualenv/chitwanremoval.com.au/chitwan_removal/3.10/lib/python3.10/site-packages/django/utils/deprecation.py", line 119, in __call__
    response = self.process_request(request)
  File "/home1/studiori/virtualenv/chitwanremoval.com.au/chitwan_removal/3.10/lib/python3.10/site-packages/django/middleware/common.py", line 48, in process_request
    host = request.get_host()
  File "/home1/studiori/virtualenv/chitwanremoval.com.au/chitwan_removal/3.10/lib/python3.10/site-packages/django/http/request.py", line 203, in get_host
    raise DisallowedHost(msg)
django.core.exceptions.DisallowedHost: Invalid HTTP_HOST header: 'www.chitwanremoval.com.au.studiorishav.com'. You may need to add 'www.chitwanremoval.com.au.studiorishav.com' to ALLOWED_HOSTS.
Not Found: /vendor/phpunit/phpunit/src/Util/PHP/eval-stdin.php
Not Found: /.env
Not Found: /robots.txt
Not Found: /wp-content/plugins/hellopress/wp_filemanager.php
Not Found: /this_is_a_new_hello_world.php
Not Found: /aa.php//aa.php
Not Found: /av.php//av.php
Not Found: /media.php
Not Found: /images.php
Not Found: /admin.php
Not Found: /222.php
Not Found: /mac.php
Not Found: /ops.php
Not Found: /8.php
Not Found: /biufile.php
Not Found: /coffexium.php
Not Found: /1.php
Not Found: /coffee.php
Not Found: /classwithtostring.php
Not Found: /wp-ws68.php
Not Found: /yj09.php
Not Found: /scxy.php
Not Found: /3PJcpMFsD8B.php
Not Found: /BDKR28WP.php
Not Found: /4PJcpMFsD8B.php
Not Found: /1xmomo.php
Not Found: /blurbs.php
Not Found: /bajah.php
Not Found: /domvf.php
Not Found: /fpwch.php
Not Found: /sf.php
Not Found: /xx.php
Not Found: /wp-content/plugins/hellopress/wp_filemanager.php
Not Found: /this_is_a_new_hello_world.php
Not Found: /class.php
Not Found: /lm13.php
Not Found: /1aa.php
Not Found: /menu.php
Not Found: /mail.php
Not Found: /v3.php
Not Found: /ilex.php
Not Found: /wto.php
Not Found: /777.php
Not Found: /file88.php
Not Found: /flower.php
Not Found: /ffile.php
Not Found: /p.php
Not Found: /000.php
Not Found: /403.php
Not Found: /class20.php
Not Found: /lol.php
Not Found: /cc.php
Not Found: /o.php
Not Found: /aaa.php
Not Found: /n.php
Not Found: /666.php
Not Found: /fileas.php
Not Found: /cccc.php
Not Found: /CLA.php
Not Found: /wfile.php
Not Found: /abc.php
Not Found: /wb.php
Not Found: /mds.php
Not Found: /mlex.php
Not Found: /a.php
Not Found: /a2.php
Not Found: /222.php
Not Found: /inde.php
Not Found: /1.php
Not Found: /vee.php
Not Found: /wcas.php
Not Found: /k.php
Not Found: /finny.php
Not Found: /ws45.php
Not Found: /build.php
Not Found: /ws33.php
Not Found: /klex.php
Not Found: /ws34.php
Not Found: /alpa.php
Not Found: /file2.php
Not Found: /444.php
Not Found: /pp.php
Not Found: /2.php
Not Found: /ws38.php
Not Found: /555.php
Not Found: /bless.php
Not Found: /bolt.php
Not Found: /error.php
Not Found: /he.php
Not Found: /cfile.php
Not Found: /doti.php
Not Found: /sko.php
Not Found: /gmo.php
Not Found: /ws37.php
Not Found: /geck.php
Not Found: /nfile.php
Not Found: /file32.php
Not Found: /class9.php
Not Found: /031.php
Not Found: /file4.php
Not Found: /file5.php
Not Found: /tx38.php
Not Found: /404.php
Not Found: /bless3.php
Not Found: /xxxx.php
Not Found: /akk.php
Not Found: /aa.php
Not Found: /x7.php
Not Found: /ws36.php
Not Found: /0x0x.php
Not Found: /xx.php
Not Found: /file.php
Not Found: /card.php
Not Found: /size.php
Not Found: /class629.php
Not Found: /file9.php
Not Found: /moon.php
Not Found: /file18.php
Not Found: /file21.php
Not Found: /xxw.php
Not Found: /racs3.php
Not Found: /wsd.php
Not Found: /333.php
Not Found: /12.php
Not Found: /moon3.php
Not Found: /tor.php
Not Found: /haa.php
Not Found: /f6.php
Not Found: /asas.php
Not Found: /x.php
Not Found: /ava.php
Not Found: /ton.php
Not Found: /v1.php
Not Found: /111.php
Not Found: /an7.php
Not Found: /xeqdlun.php
Not Found: /acp.php
Not Found: /yellow.php
Not Found: /lala.php
Not Found: /file3.php
Not Found: /file17.php
Not Found: /shell.php
Not Found: /file15.php
Not Found: /file30.php
Not Found: /bless5.php
Not Found: /wp-is.php
Not Found: /hook.php
Not Found: /wp-configs.php
Not Found: /mini.php
Not Found: /class19.php
Not Found: /plss3.php
Not Found: /0x.php
Not Found: /file1.php
Not Found: /file8.php
Not Found: /100.kb.php
Not Found: /ppp.php
Not Found: /tox.php
Not Found: /bless11.php
Not Found: /030.php
Not Found: /v4.php
Not Found: /xxx.php
Not Found: /fs.php
Not Found: /33.php
Not Found: /v2.php
Not Found: /new4.php
Invalid HTTP_HOST header: 'chitwanremoval.com.au.studiorishav.com'. You may need to add 'chitwanremoval.com.au.studiorishav.com' to ALLOWED_HOSTS.
Traceback (most recent call last):
  File "/home1/studiori/virtualenv/chitwanremoval.com.au/chitwan_removal/3.10/lib/python3.10/site-packages/django/core/handlers/exception.py", line 55, in inner
    response = get_response(request)
  File "/home1/studiori/virtualenv/chitwanremoval.com.au/chitwan_removal/3.10/lib/python3.10/site-packages/django/utils/deprecation.py", line 119, in __call__
    response = self.process_request(request)
  File "/home1/studiori/virtualenv/chitwanremoval.com.au/chitwan_removal/3.10/lib/python3.10/site-packages/django/middleware/common.py", line 48, in process_request
    host = request.get_host()
  File "/home1/studiori/virtualenv/chitwanremoval.com.au/chitwan_removal/3.10/lib/python3.10/site-packages/django/http/request.py", line 203, in get_host
    raise DisallowedHost(msg)
django.core.exceptions.DisallowedHost: Invalid HTTP_HOST header: 'chitwanremoval.com.au.studiorishav.com'. You may need to add 'chitwanremoval.com.au.studiorishav.com' to ALLOWED_HOSTS.
Invalid HTTP_HOST header: 'chitwanremoval.com.au.studiorishav.com'. You may need to add 'chitwanremoval.com.au.studiorishav.com' to ALLOWED_HOSTS.
Traceback (most recent call last):
  File "/home1/studiori/virtualenv/chitwanremoval.com.au/chitwan_removal/3.10/lib/python3.10/site-packages/django/core/handlers/exception.py", line 55, in inner
    response = get_response(request)
  File "/home1/studiori/virtualenv/chitwanremoval.com.au/chitwan_removal/3.10/lib/python3.10/site-packages/django/utils/deprecation.py", line 119, in __call__
    response = self.process_request(request)
  File "/home1/studiori/virtualenv/chitwanremoval.com.au/chitwan_removal/3.10/lib/python3.10/site-packages/django/middleware/common.py", line 48, in process_request
    host = request.get_host()
  File "/home1/studiori/virtualenv/chitwanremoval.com.au/chitwan_removal/3.10/lib/python3.10/site-packages/django/http/request.py", line 203, in get_host
    raise DisallowedHost(msg)
django.core.exceptions.DisallowedHost: Invalid HTTP_HOST header: 'chitwanremoval.com.au.studiorishav.com'. You may need to add 'chitwanremoval.com.au.studiorishav.com' to ALLOWED_HOSTS.
Invalid HTTP_HOST header: 'www.chitwanremoval.com.au.studiorishav.com'. You may need to add 'www.chitwanremoval.com.au.studiorishav.com' to ALLOWED_HOSTS.
Traceback (most recent call last):
  File "/home1/studiori/virtualenv/chitwanremoval.com.au/chitwan_removal/3.10/lib/python3.10/site-packages/django/core/handlers/exception.py", line 55, in inner
    response = get_response(request)
  File "/home1/studiori/virtualenv/chitwanremoval.com.au/chitwan_removal/3.10/lib/python3.10/site-packages/django/utils/deprecation.py", line 119, in __call__
    response = self.process_request(request)
  File "/home1/studiori/virtualenv/chitwanremoval.com.au/chitwan_removal/3.10/lib/python3.10/site-packages/django/middleware/common.py", line 48, in process_request
    host = request.get_host()
  File "/home1/studiori/virtualenv/chitwanremoval.com.au/chitwan_removal/3.10/lib/python3.10/site-packages/django/http/request.py", line 203, in get_host
    raise DisallowedHost(msg)
django.core.exceptions.DisallowedHost: Invalid HTTP_HOST header: 'www.chitwanremoval.com.au.studiorishav.com'. You may need to add 'www.chitwanremoval.com.au.studiorishav.com' to ALLOWED_HOSTS.
Invalid HTTP_HOST header: 'www.chitwanremoval.com.au.studiorishav.com'. You may need to add 'www.chitwanremoval.com.au.studiorishav.com' to ALLOWED_HOSTS.
Traceback (most recent call last):
  File "/home1/studiori/virtualenv/chitwanremoval.com.au/chitwan_removal/3.10/lib/python3.10/site-packages/django/core/handlers/exception.py", line 55, in inner
    response = get_response(request)
  File "/home1/studiori/virtualenv/chitwanremoval.com.au/chitwan_removal/3.10/lib/python3.10/site-packages/django/utils/deprecation.py", line 119, in __call__
    response = self.process_request(request)
  File "/home1/studiori/virtualenv/chitwanremoval.com.au/chitwan_removal/3.10/lib/python3.10/site-packages/django/middleware/common.py", line 48, in process_request
    host = request.get_host()
  File "/home1/studiori/virtualenv/chitwanremoval.com.au/chitwan_removal/3.10/lib/python3.10/site-packages/django/http/request.py", line 203, in get_host
    raise DisallowedHost(msg)
django.core.exceptions.DisallowedHost: Invalid HTTP_HOST header: 'www.chitwanremoval.com.au.studiorishav.com'. You may need to add 'www.chitwanremoval.com.au.studiorishav.com' to ALLOWED_HOSTS.
Not Found: /robots.txt
[UID:2229][4128747] Reached max children process limit: 6, extra: 2, current: 8, busy: 8, please increase LSAPI_CHILDREN.
[UID:2229][4128747] Reached max children process limit: 6, extra: 2, current: 8, busy: 8, please increase LSAPI_CHILDREN.
[UID:2229][4128747] Reached max children process limit: 6, extra: 2, current: 8, busy: 8, please increase LSAPI_CHILDREN.
[UID:2229][4128747] Reached max children process limit: 6, extra: 2, current: 8, busy: 7, please increase LSAPI_CHILDREN.
[UID:2229][4128747] Reached max children process limit: 6, extra: 2, current: 8, busy: 8, please increase LSAPI_CHILDREN.
[UID:2229][4128747] Reached max children process limit: 6, extra: 2, current: 8, busy: 8, please increase LSAPI_CHILDREN.
[UID:2229][4128747] Reached max children process limit: 6, extra: 2, current: 8, busy: 8, please increase LSAPI_CHILDREN.
[UID:2229][4128747] Reached max children process limit: 6, extra: 2, current: 8, busy: 7, please increase LSAPI_CHILDREN.
[UID:2229][4128747] Reached max children process limit: 6, extra: 2, current: 8, busy: 8, please increase LSAPI_CHILDREN.
[UID:2229][4128747] Reached max children process limit: 6, extra: 2, current: 8, busy: 8, please increase LSAPI_CHILDREN.
[UID:2229][4128747] Reached max children process limit: 6, extra: 2, current: 8, busy: 8, please increase LSAPI_CHILDREN.
[UID:2229][4128747] Reached max children process limit: 6, extra: 2, current: 8, busy: 8, please increase LSAPI_CHILDREN.
[UID:2229][4128747] Reached max children process limit: 6, extra: 2, current: 8, busy: 8, please increase LSAPI_CHILDREN.
[UID:2229][4128747] Reached max children process limit: 6, extra: 2, current: 8, busy: 8, please increase LSAPI_CHILDREN.
[UID:2229][4128747] Reached max children process limit: 6, extra: 2, current: 8, busy: 8, please increase LSAPI_CHILDREN.
[UID:2229][4128747] Reached max children process limit: 6, extra: 2, current: 8, busy: 7, please increase LSAPI_CHILDREN.
[UID:2229][4128747] Reached max children process limit: 6, extra: 2, current: 8, busy: 8, please increase LSAPI_CHILDREN.
[UID:2229][4128747] Reached max children process limit: 6, extra: 2, current: 8, busy: 8, please increase LSAPI_CHILDREN.
[UID:2229][4128747] Reached max children process limit: 6, extra: 2, current: 8, busy: 8, please increase LSAPI_CHILDREN.
[UID:2229][4128747] Reached max children process limit: 6, extra: 2, current: 8, busy: 7, please increase LSAPI_CHILDREN.
[UID:2229][4128747] Reached max children process limit: 6, extra: 2, current: 8, busy: 8, please increase LSAPI_CHILDREN.
[UID:2229][4128747] Reached max children process limit: 6, extra: 2, current: 8, busy: 8, please increase LSAPI_CHILDREN.
[UID:2229][4128747] Reached max children process limit: 6, extra: 2, current: 8, busy: 8, please increase LSAPI_CHILDREN.
[UID:2229][4128747] Reached max children process limit: 6, extra: 2, current: 8, busy: 7, please increase LSAPI_CHILDREN.
[UID:2229][4128747] Reached max children process limit: 6, extra: 2, current: 8, busy: 7, please increase LSAPI_CHILDREN.
[UID:2229][4128747] Reached max children process limit: 6, extra: 2, current: 8, busy: 8, please increase LSAPI_CHILDREN.
[UID:2229][4128747] Reached max children process limit: 6, extra: 2, current: 8, busy: 7, please increase LSAPI_CHILDREN.
[UID:2229][4128747] Reached max children process limit: 6, extra: 2, current: 8, busy: 7, please increase LSAPI_CHILDREN.
[UID:2229][4128747] Reached max children process limit: 6, extra: 2, current: 8, busy: 8, please increase LSAPI_CHILDREN.
[UID:2229][4128747] Reached max children process limit: 6, extra: 2, current: 8, busy: 8, please increase LSAPI_CHILDREN.
[UID:2229][4128747] Reached max children process limit: 6, extra: 2, current: 8, busy: 8, please increase LSAPI_CHILDREN.
[UID:2229][4128747] Reached max children process limit: 6, extra: 2, current: 8, busy: 8, please increase LSAPI_CHILDREN.
[UID:2229][4128747] Reached max children process limit: 6, extra: 2, current: 8, busy: 8, please increase LSAPI_CHILDREN.
[UID:2229][4128747] Reached max children process limit: 6, extra: 2, current: 8, busy: 8, please increase LSAPI_CHILDREN.
[UID:2229][4128747] Reached max children process limit: 6, extra: 2, current: 8, busy: 8, please increase LSAPI_CHILDREN.
[UID:2229][4128747] Reached max children process limit: 6, extra: 2, current: 8, busy: 8, please increase LSAPI_CHILDREN.
[UID:2229][4128747] Reached max children process limit: 6, extra: 2, current: 8, busy: 8, please increase LSAPI_CHILDREN.
[UID:2229][4128747] Reached max children process limit: 6, extra: 2, current: 8, busy: 8, please increase LSAPI_CHILDREN.
[UID:2229][4128747] Reached max children process limit: 6, extra: 2, current: 8, busy: 8, please increase LSAPI_CHILDREN.
[UID:2229][4128747] Reached max children process limit: 6, extra: 2, current: 8, busy: 7, please increase LSAPI_CHILDREN.
[UID:2229][4128747] Reached max children process limit: 6, extra: 2, current: 8, busy: 7, please increase LSAPI_CHILDREN.
[UID:2229][4128747] Reached max children process limit: 6, extra: 2, current: 8, busy: 7, please increase LSAPI_CHILDREN.
[UID:2229][4128747] Reached max children process limit: 6, extra: 2, current: 8, busy: 8, please increase LSAPI_CHILDREN.
[UID:2229][4128747] Reached max children process limit: 6, extra: 2, current: 8, busy: 8, please increase LSAPI_CHILDREN.
[UID:2229][4128747] Reached max children process limit: 6, extra: 2, current: 8, busy: 8, please increase LSAPI_CHILDREN.
[UID:2229][4128747] Reached max children process limit: 6, extra: 2, current: 8, busy: 8, please increase LSAPI_CHILDREN.
[UID:2229][4128747] Reached max children process limit: 6, extra: 2, current: 8, busy: 8, please increase LSAPI_CHILDREN.
[UID:2229][4128747] Reached max children process limit: 6, extra: 2, current: 8, busy: 8, please increase LSAPI_CHILDREN.
[UID:2229][4128747] Reached max children process limit: 6, extra: 2, current: 8, busy: 8, please increase LSAPI_CHILDREN.
[UID:2229][4128747] Reached max children process limit: 6, extra: 2, current: 8, busy: 8, please increase LSAPI_CHILDREN.
[UID:2229][4128747] Reached max children process limit: 6, extra: 2, current: 8, busy: 8, please increase LSAPI_CHILDREN.
[UID:2229][4128747] Reached max children process limit: 6, extra: 2, current: 8, busy: 7, please increase LSAPI_CHILDREN.
[UID:2229][4128747] Reached max children process limit: 6, extra: 2, current: 8, busy: 7, please increase LSAPI_CHILDREN.
[UID:2229][4128747] Reached max children process limit: 6, extra: 2, current: 8, busy: 7, please increase LSAPI_CHILDREN.
OSError: LSAPI: File error
OSError: LSAPI: File error
[UID:2229][4128747] Reached max children process limit: 6, extra: 2, current: 8, busy: 8, please increase LSAPI_CHILDREN.
[UID:2229][4128747] Reached max children process limit: 6, extra: 2, current: 8, busy: 8, please increase LSAPI_CHILDREN.
[UID:2229][4128747] Reached max children process limit: 6, extra: 2, current: 8, busy: 8, please increase LSAPI_CHILDREN.
[UID:2229][4128747] Reached max children process limit: 6, extra: 2, current: 8, busy: 8, please increase LSAPI_CHILDREN.
[UID:2229][4128747] Reached max children process limit: 6, extra: 2, current: 8, busy: 8, please increase LSAPI_CHILDREN.
[UID:2229][4128747] Reached max children process limit: 6, extra: 2, current: 8, busy: 7, please increase LSAPI_CHILDREN.
[UID:2229][4128747] Reached max children process limit: 6, extra: 2, current: 8, busy: 7, please increase LSAPI_CHILDREN.
[UID:2229][4128747] Reached max children process limit: 6, extra: 2, current: 8, busy: 8, please increase LSAPI_CHILDREN.
[UID:2229][4128747] Reached max children process limit: 6, extra: 2, current: 8, busy: 8, please increase LSAPI_CHILDREN.
[UID:2229][4128747] Reached max children process limit: 6, extra: 2, current: 8, busy: 8, please increase LSAPI_CHILDREN.
[UID:2229][4128747] Reached max children process limit: 6, extra: 2, current: 8, busy: 8, please increase LSAPI_CHILDREN.
[UID:2229][4128747] Reached max children process limit: 6, extra: 2, current: 8, busy: 7, please increase LSAPI_CHILDREN.
[UID:2229][4128747] Reached max children process limit: 6, extra: 2, current: 8, busy: 7, please increase LSAPI_CHILDREN.
[UID:2229][4128747] Reached max children process limit: 6, extra: 2, current: 8, busy: 8, please increase LSAPI_CHILDREN.
[UID:2229][4128747] Reached max children process limit: 6, extra: 2, current: 8, busy: 8, please increase LSAPI_CHILDREN.
[UID:2229][4128747] Reached max children process limit: 6, extra: 2, current: 8, busy: 8, please increase LSAPI_CHILDREN.
[UID:2229][4128747] Reached max children process limit: 6, extra: 2, current: 8, busy: 8, please increase LSAPI_CHILDREN.
[UID:2229][4128747] Reached max children process limit: 6, extra: 2, current: 8, busy: 8, please increase LSAPI_CHILDREN.
[UID:2229][4128747] Reached max children process limit: 6, extra: 2, current: 8, busy: 8, please increase LSAPI_CHILDREN.
[UID:2229][4128747] Reached max children process limit: 6, extra: 2, current: 8, busy: 8, please increase LSAPI_CHILDREN.
[UID:2229][4128747] Reached max children process limit: 6, extra: 2, current: 8, busy: 7, please increase LSAPI_CHILDREN.
[UID:2229][4128747] Reached max children process limit: 6, extra: 2, current: 8, busy: 8, please increase LSAPI_CHILDREN.
[UID:2229][4128747] Reached max children process limit: 6, extra: 2, current: 8, busy: 8, please increase LSAPI_CHILDREN.
[UID:2229][4128747] Reached max children process limit: 6, extra: 2, current: 8, busy: 8, please increase LSAPI_CHILDREN.
[UID:2229][4128747] Reached max children process limit: 6, extra: 2, current: 8, busy: 7, please increase LSAPI_CHILDREN.
[UID:2229][4128747] Reached max children process limit: 6, extra: 2, current: 8, busy: 7, please increase LSAPI_CHILDREN.
[UID:2229][4128747] Reached max children process limit: 6, extra: 2, current: 8, busy: 8, please increase LSAPI_CHILDREN.
[UID:2229][4128747] Reached max children process limit: 6, extra: 2, current: 8, busy: 8, please increase LSAPI_CHILDREN.
[UID:2229][4128747] Reached max children process limit: 6, extra: 2, current: 8, busy: 7, please increase LSAPI_CHILDREN.
[UID:2229][4128747] Reached max children process limit: 6, extra: 2, current: 8, busy: 8, please increase LSAPI_CHILDREN.
[UID:2229][4128747] Reached max children process limit: 6, extra: 2, current: 8, busy: 8, please increase LSAPI_CHILDREN.
[UID:2229][4128747] Reached max children process limit: 6, extra: 2, current: 8, busy: 7, please increase LSAPI_CHILDREN.
[UID:2229][4128747] Reached max children process limit: 6, extra: 2, current: 8, busy: 7, please increase LSAPI_CHILDREN.
[UID:2229][4128747] Reached max children process limit: 6, extra: 2, current: 8, busy: 8, please increase LSAPI_CHILDREN.
[UID:2229][4128747] Reached max children process limit: 6, extra: 2, current: 8, busy: 8, please increase LSAPI_CHILDREN.
[UID:2229][4128747] Reached max children process limit: 6, extra: 2, current: 8, busy: 8, please increase LSAPI_CHILDREN.
[UID:2229][4128747] Reached max children process limit: 6, extra: 2, current: 8, busy: 8, please increase LSAPI_CHILDREN.
[UID:2229][4128747] Reached max children process limit: 6, extra: 2, current: 8, busy: 7, please increase LSAPI_CHILDREN.
[UID:2229][4128747] Reached max children process limit: 6, extra: 2, current: 8, busy: 8, please increase LSAPI_CHILDREN.
[UID:2229][4128747] Reached max children process limit: 6, extra: 2, current: 8, busy: 8, please increase LSAPI_CHILDREN.
[UID:2229][4128747] Reached max children process limit: 6, extra: 2, current: 8, busy: 8, please increase LSAPI_CHILDREN.
[UID:2229][4128747] Reached max children process limit: 6, extra: 2, current: 8, busy: 8, please increase LSAPI_CHILDREN.
[UID:2229][4128747] Reached max children process limit: 6, extra: 2, current: 8, busy: 8, please increase LSAPI_CHILDREN.
[UID:2229][4128747] Reached max children process limit: 6, extra: 2, current: 8, busy: 8, please increase LSAPI_CHILDREN.
[UID:2229][4128747] Reached max children process limit: 6, extra: 2, current: 8, busy: 8, please increase LSAPI_CHILDREN.
[UID:2229][4128747] Reached max children process limit: 6, extra: 2, current: 8, busy: 8, please increase LSAPI_CHILDREN.
[UID:2229][4128747] Reached max children process limit: 6, extra: 2, current: 8, busy: 8, please increase LSAPI_CHILDREN.
[UID:2229][4128747] Reached max children process limit: 6, extra: 2, current: 8, busy: 8, please increase LSAPI_CHILDREN.
[UID:2229][4128747] Reached max children process limit: 6, extra: 2, current: 8, busy: 8, please increase LSAPI_CHILDREN.
[UID:2229][4128747] Reached max children process limit: 6, extra: 2, current: 8, busy: 8, please increase LSAPI_CHILDREN.
[UID:2229][4128747] Reached max children process limit: 6, extra: 2, current: 8, busy: 8, please increase LSAPI_CHILDREN.
[UID:2229][4128747] Reached max children process limit: 6, extra: 2, current: 8, busy: 8, please increase LSAPI_CHILDREN.
[UID:2229][4128747] Reached max children process limit: 6, extra: 2, current: 8, busy: 8, please increase LSAPI_CHILDREN.
[UID:2229][4128747] Reached max children process limit: 6, extra: 2, current: 8, busy: 8, please increase LSAPI_CHILDREN.
OSError: LSAPI: File error
Not Found: /favicon.ico
Not Found: /favicon.ico
Not Found: /favicon.ico
Not Found: /sellers.json
Not Found: /ads.txt
Not Found: /app-ads.txt
Not Found: /ads.txt
Not Found: /app-ads.txt
Not Found: /sellers.json
Not Found: /ads.txt
Not Found: /app-ads.txt
Not Found: /sellers.json
Invalid HTTP_HOST header: 'chitwanremoval.com.au.studiorishav.com'. You may need to add 'chitwanremoval.com.au.studiorishav.com' to ALLOWED_HOSTS.
Traceback (most recent call last):
  File "/home1/studiori/virtualenv/chitwanremoval.com.au/chitwan_removal/3.10/lib/python3.10/site-packages/django/core/handlers/exception.py", line 55, in inner
    response = get_response(request)
  File "/home1/studiori/virtualenv/chitwanremoval.com.au/chitwan_removal/3.10/lib/python3.10/site-packages/django/utils/deprecation.py", line 119, in __call__
    response = self.process_request(request)
  File "/home1/studiori/virtualenv/chitwanremoval.com.au/chitwan_removal/3.10/lib/python3.10/site-packages/django/middleware/common.py", line 48, in process_request
    host = request.get_host()
  File "/home1/studiori/virtualenv/chitwanremoval.com.au/chitwan_removal/3.10/lib/python3.10/site-packages/django/http/request.py", line 203, in get_host
    raise DisallowedHost(msg)
django.core.exceptions.DisallowedHost: Invalid HTTP_HOST header: 'chitwanremoval.com.au.studiorishav.com'. You may need to add 'chitwanremoval.com.au.studiorishav.com' to ALLOWED_HOSTS.
Not Found: /robots.txt
Not Found: /robots.txt
Invalid HTTP_HOST header: 'chitwanremoval.com.au.studiorishav.com'. You may need to add 'chitwanremoval.com.au.studiorishav.com' to ALLOWED_HOSTS.
Traceback (most recent call last):
  File "/home1/studiori/virtualenv/chitwanremoval.com.au/chitwan_removal/3.10/lib/python3.10/site-packages/django/core/handlers/exception.py", line 55, in inner
    response = get_response(request)
  File "/home1/studiori/virtualenv/chitwanremoval.com.au/chitwan_removal/3.10/lib/python3.10/site-packages/django/utils/deprecation.py", line 119, in __call__
    response = self.process_request(request)
  File "/home1/studiori/virtualenv/chitwanremoval.com.au/chitwan_removal/3.10/lib/python3.10/site-packages/django/middleware/common.py", line 48, in process_request
    host = request.get_host()
  File "/home1/studiori/virtualenv/chitwanremoval.com.au/chitwan_removal/3.10/lib/python3.10/site-packages/django/http/request.py", line 203, in get_host
    raise DisallowedHost(msg)
django.core.exceptions.DisallowedHost: Invalid HTTP_HOST header: 'chitwanremoval.com.au.studiorishav.com'. You may need to add 'chitwanremoval.com.au.studiorishav.com' to ALLOWED_HOSTS.
Invalid HTTP_HOST header: 'www.chitwanremoval.com.au.studiorishav.com'. You may need to add 'www.chitwanremoval.com.au.studiorishav.com' to ALLOWED_HOSTS.
Traceback (most recent call last):
  File "/home1/studiori/virtualenv/chitwanremoval.com.au/chitwan_removal/3.10/lib/python3.10/site-packages/django/core/handlers/exception.py", line 55, in inner
    response = get_response(request)
  File "/home1/studiori/virtualenv/chitwanremoval.com.au/chitwan_removal/3.10/lib/python3.10/site-packages/django/utils/deprecation.py", line 119, in __call__
    response = self.process_request(request)
  File "/home1/studiori/virtualenv/chitwanremoval.com.au/chitwan_removal/3.10/lib/python3.10/site-packages/django/middleware/common.py", line 48, in process_request
    host = request.get_host()
  File "/home1/studiori/virtualenv/chitwanremoval.com.au/chitwan_removal/3.10/lib/python3.10/site-packages/django/http/request.py", line 203, in get_host
    raise DisallowedHost(msg)
django.core.exceptions.DisallowedHost: Invalid HTTP_HOST header: 'www.chitwanremoval.com.au.studiorishav.com'. You may need to add 'www.chitwanremoval.com.au.studiorishav.com' to ALLOWED_HOSTS.
Invalid HTTP_HOST header: 'chitwanremoval.com.au.studiorishav.com'. You may need to add 'chitwanremoval.com.au.studiorishav.com' to ALLOWED_HOSTS.
Traceback (most recent call last):
  File "/home1/studiori/virtualenv/chitwanremoval.com.au/chitwan_removal/3.10/lib/python3.10/site-packages/django/core/handlers/exception.py", line 55, in inner
    response = get_response(request)
  File "/home1/studiori/virtualenv/chitwanremoval.com.au/chitwan_removal/3.10/lib/python3.10/site-packages/django/utils/deprecation.py", line 119, in __call__
    response = self.process_request(request)
  File "/home1/studiori/virtualenv/chitwanremoval.com.au/chitwan_removal/3.10/lib/python3.10/site-packages/django/middleware/common.py", line 48, in process_request
    host = request.get_host()
  File "/home1/studiori/virtualenv/chitwanremoval.com.au/chitwan_removal/3.10/lib/python3.10/site-packages/django/http/request.py", line 203, in get_host
    raise DisallowedHost(msg)
django.core.exceptions.DisallowedHost: Invalid HTTP_HOST header: 'chitwanremoval.com.au.studiorishav.com'. You may need to add 'chitwanremoval.com.au.studiorishav.com' to ALLOWED_HOSTS.
Invalid HTTP_HOST header: 'www.chitwanremoval.com.au.studiorishav.com'. You may need to add 'www.chitwanremoval.com.au.studiorishav.com' to ALLOWED_HOSTS.
Traceback (most recent call last):
  File "/home1/studiori/virtualenv/chitwanremoval.com.au/chitwan_removal/3.10/lib/python3.10/site-packages/django/core/handlers/exception.py", line 55, in inner
    response = get_response(request)
  File "/home1/studiori/virtualenv/chitwanremoval.com.au/chitwan_removal/3.10/lib/python3.10/site-packages/django/utils/deprecation.py", line 119, in __call__
    response = self.process_request(request)
  File "/home1/studiori/virtualenv/chitwanremoval.com.au/chitwan_removal/3.10/lib/python3.10/site-packages/django/middleware/common.py", line 48, in process_request
    host = request.get_host()
  File "/home1/studiori/virtualenv/chitwanremoval.com.au/chitwan_removal/3.10/lib/python3.10/site-packages/django/http/request.py", line 203, in get_host
    raise DisallowedHost(msg)
django.core.exceptions.DisallowedHost: Invalid HTTP_HOST header: 'www.chitwanremoval.com.au.studiorishav.com'. You may need to add 'www.chitwanremoval.com.au.studiorishav.com' to ALLOWED_HOSTS.
Invalid HTTP_HOST header: 'chitwanremoval.com.au.studiorishav.com'. You may need to add 'chitwanremoval.com.au.studiorishav.com' to ALLOWED_HOSTS.
Traceback (most recent call last):
  File "/home1/studiori/virtualenv/chitwanremoval.com.au/chitwan_removal/3.10/lib/python3.10/site-packages/django/core/handlers/exception.py", line 55, in inner
    response = get_response(request)
  File "/home1/studiori/virtualenv/chitwanremoval.com.au/chitwan_removal/3.10/lib/python3.10/site-packages/django/utils/deprecation.py", line 119, in __call__
    response = self.process_request(request)
  File "/home1/studiori/virtualenv/chitwanremoval.com.au/chitwan_removal/3.10/lib/python3.10/site-packages/django/middleware/common.py", line 48, in process_request
    host = request.get_host()
  File "/home1/studiori/virtualenv/chitwanremoval.com.au/chitwan_removal/3.10/lib/python3.10/site-packages/django/http/request.py", line 203, in get_host
    raise DisallowedHost(msg)
django.core.exceptions.DisallowedHost: Invalid HTTP_HOST header: 'chitwanremoval.com.au.studiorishav.com'. You may need to add 'chitwanremoval.com.au.studiorishav.com' to ALLOWED_HOSTS.
Not Found: /images/images/cache.php
Not Found: /images/images/cache.php
Invalid HTTP_HOST header: 'www.chitwanremoval.com.au.studiorishav.com'. You may need to add 'www.chitwanremoval.com.au.studiorishav.com' to ALLOWED_HOSTS.
Traceback (most recent call last):
  File "/home1/studiori/virtualenv/chitwanremoval.com.au/chitwan_removal/3.10/lib/python3.10/site-packages/django/core/handlers/exception.py", line 55, in inner
    response = get_response(request)
  File "/home1/studiori/virtualenv/chitwanremoval.com.au/chitwan_removal/3.10/lib/python3.10/site-packages/django/utils/deprecation.py", line 119, in __call__
    response = self.process_request(request)
  File "/home1/studiori/virtualenv/chitwanremoval.com.au/chitwan_removal/3.10/lib/python3.10/site-packages/django/middleware/common.py", line 48, in process_request
    host = request.get_host()
  File "/home1/studiori/virtualenv/chitwanremoval.com.au/chitwan_removal/3.10/lib/python3.10/site-packages/django/http/request.py", line 203, in get_host
    raise DisallowedHost(msg)
django.core.exceptions.DisallowedHost: Invalid HTTP_HOST header: 'www.chitwanremoval.com.au.studiorishav.com'. You may need to add 'www.chitwanremoval.com.au.studiorishav.com' to ALLOWED_HOSTS.
Invalid HTTP_HOST header: 'chitwanremoval.com.au.studiorishav.com'. You may need to add 'chitwanremoval.com.au.studiorishav.com' to ALLOWED_HOSTS.
Traceback (most recent call last):
  File "/home1/studiori/virtualenv/chitwanremoval.com.au/chitwan_removal/3.10/lib/python3.10/site-packages/django/core/handlers/exception.py", line 55, in inner
    response = get_response(request)
  File "/home1/studiori/virtualenv/chitwanremoval.com.au/chitwan_removal/3.10/lib/python3.10/site-packages/django/utils/deprecation.py", line 119, in __call__
    response = self.process_request(request)
  File "/home1/studiori/virtualenv/chitwanremoval.com.au/chitwan_removal/3.10/lib/python3.10/site-packages/django/middleware/common.py", line 48, in process_request
    host = request.get_host()
  File "/home1/studiori/virtualenv/chitwanremoval.com.au/chitwan_removal/3.10/lib/python3.10/site-packages/django/http/request.py", line 203, in get_host
    raise DisallowedHost(msg)
django.core.exceptions.DisallowedHost: Invalid HTTP_HOST header: 'chitwanremoval.com.au.studiorishav.com'. You may need to add 'chitwanremoval.com.au.studiorishav.com' to ALLOWED_HOSTS.
Invalid HTTP_HOST header: 'www.chitwanremoval.com.au.studiorishav.com'. You may need to add 'www.chitwanremoval.com.au.studiorishav.com' to ALLOWED_HOSTS.
Traceback (most recent call last):
  File "/home1/studiori/virtualenv/chitwanremoval.com.au/chitwan_removal/3.10/lib/python3.10/site-packages/django/core/handlers/exception.py", line 55, in inner
    response = get_response(request)
  File "/home1/studiori/virtualenv/chitwanremoval.com.au/chitwan_removal/3.10/lib/python3.10/site-packages/django/utils/deprecation.py", line 119, in __call__
    response = self.process_request(request)
  File "/home1/studiori/virtualenv/chitwanremoval.com.au/chitwan_removal/3.10/lib/python3.10/site-packages/django/middleware/common.py", line 48, in process_request
    host = request.get_host()
  File "/home1/studiori/virtualenv/chitwanremoval.com.au/chitwan_removal/3.10/lib/python3.10/site-packages/django/http/request.py", line 203, in get_host
    raise DisallowedHost(msg)
django.core.exceptions.DisallowedHost: Invalid HTTP_HOST header: 'www.chitwanremoval.com.au.studiorishav.com'. You may need to add 'www.chitwanremoval.com.au.studiorishav.com' to ALLOWED_HOSTS.
Not Found: /robots.txt
Invalid HTTP_HOST header: 'chitwanremoval.com.au.studiorishav.com'. You may need to add 'chitwanremoval.com.au.studiorishav.com' to ALLOWED_HOSTS.
Traceback (most recent call last):
  File "/home1/studiori/virtualenv/chitwanremoval.com.au/chitwan_removal/3.10/lib/python3.10/site-packages/django/core/handlers/exception.py", line 55, in inner
    response = get_response(request)
  File "/home1/studiori/virtualenv/chitwanremoval.com.au/chitwan_removal/3.10/lib/python3.10/site-packages/django/utils/deprecation.py", line 119, in __call__
    response = self.process_request(request)
  File "/home1/studiori/virtualenv/chitwanremoval.com.au/chitwan_removal/3.10/lib/python3.10/site-packages/django/middleware/common.py", line 48, in process_request
    host = request.get_host()
  File "/home1/studiori/virtualenv/chitwanremoval.com.au/chitwan_removal/3.10/lib/python3.10/site-packages/django/http/request.py", line 203, in get_host
    raise DisallowedHost(msg)
django.core.exceptions.DisallowedHost: Invalid HTTP_HOST header: 'chitwanremoval.com.au.studiorishav.com'. You may need to add 'chitwanremoval.com.au.studiorishav.com' to ALLOWED_HOSTS.
Invalid HTTP_HOST header: 'chitwanremoval.com.au.studiorishav.com'. You may need to add 'chitwanremoval.com.au.studiorishav.com' to ALLOWED_HOSTS.
Traceback (most recent call last):
  File "/home1/studiori/virtualenv/chitwanremoval.com.au/chitwan_removal/3.10/lib/python3.10/site-packages/django/core/handlers/exception.py", line 55, in inner
    response = get_response(request)
  File "/home1/studiori/virtualenv/chitwanremoval.com.au/chitwan_removal/3.10/lib/python3.10/site-packages/django/utils/deprecation.py", line 119, in __call__
    response = self.process_request(request)
  File "/home1/studiori/virtualenv/chitwanremoval.com.au/chitwan_removal/3.10/lib/python3.10/site-packages/django/middleware/common.py", line 48, in process_request
    host = request.get_host()
  File "/home1/studiori/virtualenv/chitwanremoval.com.au/chitwan_removal/3.10/lib/python3.10/site-packages/django/http/request.py", line 203, in get_host
    raise DisallowedHost(msg)
django.core.exceptions.DisallowedHost: Invalid HTTP_HOST header: 'chitwanremoval.com.au.studiorishav.com'. You may need to add 'chitwanremoval.com.au.studiorishav.com' to ALLOWED_HOSTS.
Invalid HTTP_HOST header: 'chitwanremoval.com.au.studiorishav.com'. You may need to add 'chitwanremoval.com.au.studiorishav.com' to ALLOWED_HOSTS.
Traceback (most recent call last):
  File "/home1/studiori/virtualenv/chitwanremoval.com.au/chitwan_removal/3.10/lib/python3.10/site-packages/django/core/handlers/exception.py", line 55, in inner
    response = get_response(request)
  File "/home1/studiori/virtualenv/chitwanremoval.com.au/chitwan_removal/3.10/lib/python3.10/site-packages/django/utils/deprecation.py", line 119, in __call__
    response = self.process_request(request)
  File "/home1/studiori/virtualenv/chitwanremoval.com.au/chitwan_removal/3.10/lib/python3.10/site-packages/django/middleware/common.py", line 48, in process_request
    host = request.get_host()
  File "/home1/studiori/virtualenv/chitwanremoval.com.au/chitwan_removal/3.10/lib/python3.10/site-packages/django/http/request.py", line 203, in get_host
    raise DisallowedHost(msg)
django.core.exceptions.DisallowedHost: Invalid HTTP_HOST header: 'chitwanremoval.com.au.studiorishav.com'. You may need to add 'chitwanremoval.com.au.studiorishav.com' to ALLOWED_HOSTS.
Invalid HTTP_HOST header: 'chitwanremoval.com.au.studiorishav.com'. You may need to add 'chitwanremoval.com.au.studiorishav.com' to ALLOWED_HOSTS.
Traceback (most recent call last):
  File "/home1/studiori/virtualenv/chitwanremoval.com.au/chitwan_removal/3.10/lib/python3.10/site-packages/django/core/handlers/exception.py", line 55, in inner
    response = get_response(request)
  File "/home1/studiori/virtualenv/chitwanremoval.com.au/chitwan_removal/3.10/lib/python3.10/site-packages/django/utils/deprecation.py", line 119, in __call__
    response = self.process_request(request)
  File "/home1/studiori/virtualenv/chitwanremoval.com.au/chitwan_removal/3.10/lib/python3.10/site-packages/django/middleware/common.py", line 48, in process_request
    host = request.get_host()
  File "/home1/studiori/virtualenv/chitwanremoval.com.au/chitwan_removal/3.10/lib/python3.10/site-packages/django/http/request.py", line 203, in get_host
    raise DisallowedHost(msg)
django.core.exceptions.DisallowedHost: Invalid HTTP_HOST header: 'chitwanremoval.com.au.studiorishav.com'. You may need to add 'chitwanremoval.com.au.studiorishav.com' to ALLOWED_HOSTS.
Invalid HTTP_HOST header: 'chitwanremoval.com.au.studiorishav.com'. You may need to add 'chitwanremoval.com.au.studiorishav.com' to ALLOWED_HOSTS.
Traceback (most recent call last):
  File "/home1/studiori/virtualenv/chitwanremoval.com.au/chitwan_removal/3.10/lib/python3.10/site-packages/django/core/handlers/exception.py", line 55, in inner
    response = get_response(request)
  File "/home1/studiori/virtualenv/chitwanremoval.com.au/chitwan_removal/3.10/lib/python3.10/site-packages/django/utils/deprecation.py", line 119, in __call__
    response = self.process_request(request)
  File "/home1/studiori/virtualenv/chitwanremoval.com.au/chitwan_removal/3.10/lib/python3.10/site-packages/django/middleware/common.py", line 48, in process_request
    host = request.get_host()
  File "/home1/studiori/virtualenv/chitwanremoval.com.au/chitwan_removal/3.10/lib/python3.10/site-packages/django/http/request.py", line 203, in get_host
    raise DisallowedHost(msg)
django.core.exceptions.DisallowedHost: Invalid HTTP_HOST header: 'chitwanremoval.com.au.studiorishav.com'. You may need to add 'chitwanremoval.com.au.studiorishav.com' to ALLOWED_HOSTS.
Invalid HTTP_HOST header: 'chitwanremoval.com.au.studiorishav.com'. You may need to add 'chitwanremoval.com.au.studiorishav.com' to ALLOWED_HOSTS.
Traceback (most recent call last):
  File "/home1/studiori/virtualenv/chitwanremoval.com.au/chitwan_removal/3.10/lib/python3.10/site-packages/django/core/handlers/exception.py", line 55, in inner
    response = get_response(request)
  File "/home1/studiori/virtualenv/chitwanremoval.com.au/chitwan_removal/3.10/lib/python3.10/site-packages/django/utils/deprecation.py", line 119, in __call__
    response = self.process_request(request)
  File "/home1/studiori/virtualenv/chitwanremoval.com.au/chitwan_removal/3.10/lib/python3.10/site-packages/django/middleware/common.py", line 48, in process_request
    host = request.get_host()
  File "/home1/studiori/virtualenv/chitwanremoval.com.au/chitwan_removal/3.10/lib/python3.10/site-packages/django/http/request.py", line 203, in get_host
    raise DisallowedHost(msg)
django.core.exceptions.DisallowedHost: Invalid HTTP_HOST header: 'chitwanremoval.com.au.studiorishav.com'. You may need to add 'chitwanremoval.com.au.studiorishav.com' to ALLOWED_HOSTS.
Invalid HTTP_HOST header: 'chitwanremoval.com.au.studiorishav.com'. You may need to add 'chitwanremoval.com.au.studiorishav.com' to ALLOWED_HOSTS.
Traceback (most recent call last):
  File "/home1/studiori/virtualenv/chitwanremoval.com.au/chitwan_removal/3.10/lib/python3.10/site-packages/django/core/handlers/exception.py", line 55, in inner
    response = get_response(request)
  File "/home1/studiori/virtualenv/chitwanremoval.com.au/chitwan_removal/3.10/lib/python3.10/site-packages/django/utils/deprecation.py", line 119, in __call__
    response = self.process_request(request)
  File "/home1/studiori/virtualenv/chitwanremoval.com.au/chitwan_removal/3.10/lib/python3.10/site-packages/django/middleware/common.py", line 48, in process_request
    host = request.get_host()
  File "/home1/studiori/virtualenv/chitwanremoval.com.au/chitwan_removal/3.10/lib/python3.10/site-packages/django/http/request.py", line 203, in get_host
    raise DisallowedHost(msg)
django.core.exceptions.DisallowedHost: Invalid HTTP_HOST header: 'chitwanremoval.com.au.studiorishav.com'. You may need to add 'chitwanremoval.com.au.studiorishav.com' to ALLOWED_HOSTS.
Invalid HTTP_HOST header: 'chitwanremoval.com.au.studiorishav.com'. You may need to add 'chitwanremoval.com.au.studiorishav.com' to ALLOWED_HOSTS.
Traceback (most recent call last):
  File "/home1/studiori/virtualenv/chitwanremoval.com.au/chitwan_removal/3.10/lib/python3.10/site-packages/django/core/handlers/exception.py", line 55, in inner
    response = get_response(request)
  File "/home1/studiori/virtualenv/chitwanremoval.com.au/chitwan_removal/3.10/lib/python3.10/site-packages/django/utils/deprecation.py", line 119, in __call__
    response = self.process_request(request)
  File "/home1/studiori/virtualenv/chitwanremoval.com.au/chitwan_removal/3.10/lib/python3.10/site-packages/django/middleware/common.py", line 48, in process_request
    host = request.get_host()
  File "/home1/studiori/virtualenv/chitwanremoval.com.au/chitwan_removal/3.10/lib/python3.10/site-packages/django/http/request.py", line 203, in get_host
    raise DisallowedHost(msg)
django.core.exceptions.DisallowedHost: Invalid HTTP_HOST header: 'chitwanremoval.com.au.studiorishav.com'. You may need to add 'chitwanremoval.com.au.studiorishav.com' to ALLOWED_HOSTS.
Invalid HTTP_HOST header: 'chitwanremoval.com.au.studiorishav.com'. You may need to add 'chitwanremoval.com.au.studiorishav.com' to ALLOWED_HOSTS.
Traceback (most recent call last):
  File "/home1/studiori/virtualenv/chitwanremoval.com.au/chitwan_removal/3.10/lib/python3.10/site-packages/django/core/handlers/exception.py", line 55, in inner
    response = get_response(request)
  File "/home1/studiori/virtualenv/chitwanremoval.com.au/chitwan_removal/3.10/lib/python3.10/site-packages/django/utils/deprecation.py", line 119, in __call__
    response = self.process_request(request)
  File "/home1/studiori/virtualenv/chitwanremoval.com.au/chitwan_removal/3.10/lib/python3.10/site-packages/django/middleware/common.py", line 48, in process_request
    host = request.get_host()
  File "/home1/studiori/virtualenv/chitwanremoval.com.au/chitwan_removal/3.10/lib/python3.10/site-packages/django/http/request.py", line 203, in get_host
    raise DisallowedHost(msg)
django.core.exceptions.DisallowedHost: Invalid HTTP_HOST header: 'chitwanremoval.com.au.studiorishav.com'. You may need to add 'chitwanremoval.com.au.studiorishav.com' to ALLOWED_HOSTS.
Invalid HTTP_HOST header: 'chitwanremoval.com.au.studiorishav.com'. You may need to add 'chitwanremoval.com.au.studiorishav.com' to ALLOWED_HOSTS.
Traceback (most recent call last):
  File "/home1/studiori/virtualenv/chitwanremoval.com.au/chitwan_removal/3.10/lib/python3.10/site-packages/django/core/handlers/exception.py", line 55, in inner
    response = get_response(request)
  File "/home1/studiori/virtualenv/chitwanremoval.com.au/chitwan_removal/3.10/lib/python3.10/site-packages/django/utils/deprecation.py", line 119, in __call__
    response = self.process_request(request)
  File "/home1/studiori/virtualenv/chitwanremoval.com.au/chitwan_removal/3.10/lib/python3.10/site-packages/django/middleware/common.py", line 48, in process_request
    host = request.get_host()
  File "/home1/studiori/virtualenv/chitwanremoval.com.au/chitwan_removal/3.10/lib/python3.10/site-packages/django/http/request.py", line 203, in get_host
    raise DisallowedHost(msg)
django.core.exceptions.DisallowedHost: Invalid HTTP_HOST header: 'chitwanremoval.com.au.studiorishav.com'. You may need to add 'chitwanremoval.com.au.studiorishav.com' to ALLOWED_HOSTS.
Invalid HTTP_HOST header: 'chitwanremoval.com.au.studiorishav.com'. You may need to add 'chitwanremoval.com.au.studiorishav.com' to ALLOWED_HOSTS.
Traceback (most recent call last):
  File "/home1/studiori/virtualenv/chitwanremoval.com.au/chitwan_removal/3.10/lib/python3.10/site-packages/django/core/handlers/exception.py", line 55, in inner
    response = get_response(request)
  File "/home1/studiori/virtualenv/chitwanremoval.com.au/chitwan_removal/3.10/lib/python3.10/site-packages/django/utils/deprecation.py", line 119, in __call__
    response = self.process_request(request)
  File "/home1/studiori/virtualenv/chitwanremoval.com.au/chitwan_removal/3.10/lib/python3.10/site-packages/django/middleware/common.py", line 48, in process_request
    host = request.get_host()
  File "/home1/studiori/virtualenv/chitwanremoval.com.au/chitwan_removal/3.10/lib/python3.10/site-packages/django/http/request.py", line 203, in get_host
    raise DisallowedHost(msg)
django.core.exceptions.DisallowedHost: Invalid HTTP_HOST header: 'chitwanremoval.com.au.studiorishav.com'. You may need to add 'chitwanremoval.com.au.studiorishav.com' to ALLOWED_HOSTS.
Invalid HTTP_HOST header: 'chitwanremoval.com.au.studiorishav.com'. You may need to add 'chitwanremoval.com.au.studiorishav.com' to ALLOWED_HOSTS.
Traceback (most recent call last):
  File "/home1/studiori/virtualenv/chitwanremoval.com.au/chitwan_removal/3.10/lib/python3.10/site-packages/django/core/handlers/exception.py", line 55, in inner
    response = get_response(request)
  File "/home1/studiori/virtualenv/chitwanremoval.com.au/chitwan_removal/3.10/lib/python3.10/site-packages/django/utils/deprecation.py", line 119, in __call__
    response = self.process_request(request)
  File "/home1/studiori/virtualenv/chitwanremoval.com.au/chitwan_removal/3.10/lib/python3.10/site-packages/django/middleware/common.py", line 48, in process_request
    host = request.get_host()
  File "/home1/studiori/virtualenv/chitwanremoval.com.au/chitwan_removal/3.10/lib/python3.10/site-packages/django/http/request.py", line 203, in get_host
    raise DisallowedHost(msg)
django.core.exceptions.DisallowedHost: Invalid HTTP_HOST header: 'chitwanremoval.com.au.studiorishav.com'. You may need to add 'chitwanremoval.com.au.studiorishav.com' to ALLOWED_HOSTS.
Invalid HTTP_HOST header: 'chitwanremoval.com.au.studiorishav.com'. You may need to add 'chitwanremoval.com.au.studiorishav.com' to ALLOWED_HOSTS.
Traceback (most recent call last):
  File "/home1/studiori/virtualenv/chitwanremoval.com.au/chitwan_removal/3.10/lib/python3.10/site-packages/django/core/handlers/exception.py", line 55, in inner
    response = get_response(request)
  File "/home1/studiori/virtualenv/chitwanremoval.com.au/chitwan_removal/3.10/lib/python3.10/site-packages/django/utils/deprecation.py", line 119, in __call__
    response = self.process_request(request)
  File "/home1/studiori/virtualenv/chitwanremoval.com.au/chitwan_removal/3.10/lib/python3.10/site-packages/django/middleware/common.py", line 48, in process_request
    host = request.get_host()
  File "/home1/studiori/virtualenv/chitwanremoval.com.au/chitwan_removal/3.10/lib/python3.10/site-packages/django/http/request.py", line 203, in get_host
    raise DisallowedHost(msg)
django.core.exceptions.DisallowedHost: Invalid HTTP_HOST header: 'chitwanremoval.com.au.studiorishav.com'. You may need to add 'chitwanremoval.com.au.studiorishav.com' to ALLOWED_HOSTS.
Invalid HTTP_HOST header: 'chitwanremoval.com.au.studiorishav.com'. You may need to add 'chitwanremoval.com.au.studiorishav.com' to ALLOWED_HOSTS.
Traceback (most recent call last):
  File "/home1/studiori/virtualenv/chitwanremoval.com.au/chitwan_removal/3.10/lib/python3.10/site-packages/django/core/handlers/exception.py", line 55, in inner
    response = get_response(request)
  File "/home1/studiori/virtualenv/chitwanremoval.com.au/chitwan_removal/3.10/lib/python3.10/site-packages/django/utils/deprecation.py", line 119, in __call__
    response = self.process_request(request)
  File "/home1/studiori/virtualenv/chitwanremoval.com.au/chitwan_removal/3.10/lib/python3.10/site-packages/django/middleware/common.py", line 48, in process_request
    host = request.get_host()
  File "/home1/studiori/virtualenv/chitwanremoval.com.au/chitwan_removal/3.10/lib/python3.10/site-packages/django/http/request.py", line 203, in get_host
    raise DisallowedHost(msg)
django.core.exceptions.DisallowedHost: Invalid HTTP_HOST header: 'chitwanremoval.com.au.studiorishav.com'. You may need to add 'chitwanremoval.com.au.studiorishav.com' to ALLOWED_HOSTS.
Invalid HTTP_HOST header: 'chitwanremoval.com.au.studiorishav.com'. You may need to add 'chitwanremoval.com.au.studiorishav.com' to ALLOWED_HOSTS.
Traceback (most recent call last):
  File "/home1/studiori/virtualenv/chitwanremoval.com.au/chitwan_removal/3.10/lib/python3.10/site-packages/django/core/handlers/exception.py", line 55, in inner
    response = get_response(request)
  File "/home1/studiori/virtualenv/chitwanremoval.com.au/chitwan_removal/3.10/lib/python3.10/site-packages/django/utils/deprecation.py", line 119, in __call__
    response = self.process_request(request)
  File "/home1/studiori/virtualenv/chitwanremoval.com.au/chitwan_removal/3.10/lib/python3.10/site-packages/django/middleware/common.py", line 48, in process_request
    host = request.get_host()
  File "/home1/studiori/virtualenv/chitwanremoval.com.au/chitwan_removal/3.10/lib/python3.10/site-packages/django/http/request.py", line 203, in get_host
    raise DisallowedHost(msg)
django.core.exceptions.DisallowedHost: Invalid HTTP_HOST header: 'chitwanremoval.com.au.studiorishav.com'. You may need to add 'chitwanremoval.com.au.studiorishav.com' to ALLOWED_HOSTS.
Invalid HTTP_HOST header: 'chitwanremoval.com.au.studiorishav.com'. You may need to add 'chitwanremoval.com.au.studiorishav.com' to ALLOWED_HOSTS.
Traceback (most recent call last):
  File "/home1/studiori/virtualenv/chitwanremoval.com.au/chitwan_removal/3.10/lib/python3.10/site-packages/django/core/handlers/exception.py", line 55, in inner
    response = get_response(request)
  File "/home1/studiori/virtualenv/chitwanremoval.com.au/chitwan_removal/3.10/lib/python3.10/site-packages/django/utils/deprecation.py", line 119, in __call__
    response = self.process_request(request)
  File "/home1/studiori/virtualenv/chitwanremoval.com.au/chitwan_removal/3.10/lib/python3.10/site-packages/django/middleware/common.py", line 48, in process_request
    host = request.get_host()
  File "/home1/studiori/virtualenv/chitwanremoval.com.au/chitwan_removal/3.10/lib/python3.10/site-packages/django/http/request.py", line 203, in get_host
    raise DisallowedHost(msg)
django.core.exceptions.DisallowedHost: Invalid HTTP_HOST header: 'chitwanremoval.com.au.studiorishav.com'. You may need to add 'chitwanremoval.com.au.studiorishav.com' to ALLOWED_HOSTS.
Invalid HTTP_HOST header: 'chitwanremoval.com.au.studiorishav.com'. You may need to add 'chitwanremoval.com.au.studiorishav.com' to ALLOWED_HOSTS.
Traceback (most recent call last):
  File "/home1/studiori/virtualenv/chitwanremoval.com.au/chitwan_removal/3.10/lib/python3.10/site-packages/django/core/handlers/exception.py", line 55, in inner
    response = get_response(request)
  File "/home1/studiori/virtualenv/chitwanremoval.com.au/chitwan_removal/3.10/lib/python3.10/site-packages/django/utils/deprecation.py", line 119, in __call__
    response = self.process_request(request)
  File "/home1/studiori/virtualenv/chitwanremoval.com.au/chitwan_removal/3.10/lib/python3.10/site-packages/django/middleware/common.py", line 48, in process_request
    host = request.get_host()
  File "/home1/studiori/virtualenv/chitwanremoval.com.au/chitwan_removal/3.10/lib/python3.10/site-packages/django/http/request.py", line 203, in get_host
    raise DisallowedHost(msg)
django.core.exceptions.DisallowedHost: Invalid HTTP_HOST header: 'chitwanremoval.com.au.studiorishav.com'. You may need to add 'chitwanremoval.com.au.studiorishav.com' to ALLOWED_HOSTS.
Invalid HTTP_HOST header: 'chitwanremoval.com.au.studiorishav.com'. You may need to add 'chitwanremoval.com.au.studiorishav.com' to ALLOWED_HOSTS.
Traceback (most recent call last):
  File "/home1/studiori/virtualenv/chitwanremoval.com.au/chitwan_removal/3.10/lib/python3.10/site-packages/django/core/handlers/exception.py", line 55, in inner
    response = get_response(request)
  File "/home1/studiori/virtualenv/chitwanremoval.com.au/chitwan_removal/3.10/lib/python3.10/site-packages/django/utils/deprecation.py", line 119, in __call__
    response = self.process_request(request)
  File "/home1/studiori/virtualenv/chitwanremoval.com.au/chitwan_removal/3.10/lib/python3.10/site-packages/django/middleware/common.py", line 48, in process_request
    host = request.get_host()
  File "/home1/studiori/virtualenv/chitwanremoval.com.au/chitwan_removal/3.10/lib/python3.10/site-packages/django/http/request.py", line 203, in get_host
    raise DisallowedHost(msg)
django.core.exceptions.DisallowedHost: Invalid HTTP_HOST header: 'chitwanremoval.com.au.studiorishav.com'. You may need to add 'chitwanremoval.com.au.studiorishav.com' to ALLOWED_HOSTS.
Invalid HTTP_HOST header: 'chitwanremoval.com.au.studiorishav.com'. You may need to add 'chitwanremoval.com.au.studiorishav.com' to ALLOWED_HOSTS.
Traceback (most recent call last):
  File "/home1/studiori/virtualenv/chitwanremoval.com.au/chitwan_removal/3.10/lib/python3.10/site-packages/django/core/handlers/exception.py", line 55, in inner
    response = get_response(request)
  File "/home1/studiori/virtualenv/chitwanremoval.com.au/chitwan_removal/3.10/lib/python3.10/site-packages/django/utils/deprecation.py", line 119, in __call__
    response = self.process_request(request)
  File "/home1/studiori/virtualenv/chitwanremoval.com.au/chitwan_removal/3.10/lib/python3.10/site-packages/django/middleware/common.py", line 48, in process_request
    host = request.get_host()
  File "/home1/studiori/virtualenv/chitwanremoval.com.au/chitwan_removal/3.10/lib/python3.10/site-packages/django/http/request.py", line 203, in get_host
    raise DisallowedHost(msg)
django.core.exceptions.DisallowedHost: Invalid HTTP_HOST header: 'chitwanremoval.com.au.studiorishav.com'. You may need to add 'chitwanremoval.com.au.studiorishav.com' to ALLOWED_HOSTS.
Invalid HTTP_HOST header: 'chitwanremoval.com.au.studiorishav.com'. You may need to add 'chitwanremoval.com.au.studiorishav.com' to ALLOWED_HOSTS.
Traceback (most recent call last):
  File "/home1/studiori/virtualenv/chitwanremoval.com.au/chitwan_removal/3.10/lib/python3.10/site-packages/django/core/handlers/exception.py", line 55, in inner
    response = get_response(request)
  File "/home1/studiori/virtualenv/chitwanremoval.com.au/chitwan_removal/3.10/lib/python3.10/site-packages/django/utils/deprecation.py", line 119, in __call__
    response = self.process_request(request)
  File "/home1/studiori/virtualenv/chitwanremoval.com.au/chitwan_removal/3.10/lib/python3.10/site-packages/django/middleware/common.py", line 48, in process_request
    host = request.get_host()
  File "/home1/studiori/virtualenv/chitwanremoval.com.au/chitwan_removal/3.10/lib/python3.10/site-packages/django/http/request.py", line 203, in get_host
    raise DisallowedHost(msg)
django.core.exceptions.DisallowedHost: Invalid HTTP_HOST header: 'chitwanremoval.com.au.studiorishav.com'. You may need to add 'chitwanremoval.com.au.studiorishav.com' to ALLOWED_HOSTS.
Invalid HTTP_HOST header: 'chitwanremoval.com.au.studiorishav.com'. You may need to add 'chitwanremoval.com.au.studiorishav.com' to ALLOWED_HOSTS.
Traceback (most recent call last):
  File "/home1/studiori/virtualenv/chitwanremoval.com.au/chitwan_removal/3.10/lib/python3.10/site-packages/django/core/handlers/exception.py", line 55, in inner
    response = get_response(request)
  File "/home1/studiori/virtualenv/chitwanremoval.com.au/chitwan_removal/3.10/lib/python3.10/site-packages/django/utils/deprecation.py", line 119, in __call__
    response = self.process_request(request)
  File "/home1/studiori/virtualenv/chitwanremoval.com.au/chitwan_removal/3.10/lib/python3.10/site-packages/django/middleware/common.py", line 48, in process_request
    host = request.get_host()
  File "/home1/studiori/virtualenv/chitwanremoval.com.au/chitwan_removal/3.10/lib/python3.10/site-packages/django/http/request.py", line 203, in get_host
    raise DisallowedHost(msg)
django.core.exceptions.DisallowedHost: Invalid HTTP_HOST header: 'chitwanremoval.com.au.studiorishav.com'. You may need to add 'chitwanremoval.com.au.studiorishav.com' to ALLOWED_HOSTS.
Invalid HTTP_HOST header: 'chitwanremoval.com.au.studiorishav.com'. You may need to add 'chitwanremoval.com.au.studiorishav.com' to ALLOWED_HOSTS.
Traceback (most recent call last):
  File "/home1/studiori/virtualenv/chitwanremoval.com.au/chitwan_removal/3.10/lib/python3.10/site-packages/django/core/handlers/exception.py", line 55, in inner
    response = get_response(request)
  File "/home1/studiori/virtualenv/chitwanremoval.com.au/chitwan_removal/3.10/lib/python3.10/site-packages/django/utils/deprecation.py", line 119, in __call__
    response = self.process_request(request)
  File "/home1/studiori/virtualenv/chitwanremoval.com.au/chitwan_removal/3.10/lib/python3.10/site-packages/django/middleware/common.py", line 48, in process_request
    host = request.get_host()
  File "/home1/studiori/virtualenv/chitwanremoval.com.au/chitwan_removal/3.10/lib/python3.10/site-packages/django/http/request.py", line 203, in get_host
    raise DisallowedHost(msg)
django.core.exceptions.DisallowedHost: Invalid HTTP_HOST header: 'chitwanremoval.com.au.studiorishav.com'. You may need to add 'chitwanremoval.com.au.studiorishav.com' to ALLOWED_HOSTS.
Not Found: /wp-json/gravitysmtp/v1/tests/mock-data
Not Found: /robots.txt
Not Found: /llms.txt
Not Found: /robots.txt
Not Found: /.env
Not Found: /.env
Not Found: /.env.txt
Not Found: /.env.txt
Invalid HTTP_HOST header: 'chitwanremoval.com.au.studiorishav.com'. You may need to add 'chitwanremoval.com.au.studiorishav.com' to ALLOWED_HOSTS.
Traceback (most recent call last):
  File "/home1/studiori/virtualenv/chitwanremoval.com.au/chitwan_removal/3.10/lib/python3.10/site-packages/django/core/handlers/exception.py", line 55, in inner
    response = get_response(request)
  File "/home1/studiori/virtualenv/chitwanremoval.com.au/chitwan_removal/3.10/lib/python3.10/site-packages/django/utils/deprecation.py", line 119, in __call__
    response = self.process_request(request)
  File "/home1/studiori/virtualenv/chitwanremoval.com.au/chitwan_removal/3.10/lib/python3.10/site-packages/django/middleware/common.py", line 48, in process_request
    host = request.get_host()
  File "/home1/studiori/virtualenv/chitwanremoval.com.au/chitwan_removal/3.10/lib/python3.10/site-packages/django/http/request.py", line 203, in get_host
    raise DisallowedHost(msg)
django.core.exceptions.DisallowedHost: Invalid HTTP_HOST header: 'chitwanremoval.com.au.studiorishav.com'. You may need to add 'chitwanremoval.com.au.studiorishav.com' to ALLOWED_HOSTS.
Invalid HTTP_HOST header: 'chitwanremoval.com.au.studiorishav.com'. You may need to add 'chitwanremoval.com.au.studiorishav.com' to ALLOWED_HOSTS.
Traceback (most recent call last):
  File "/home1/studiori/virtualenv/chitwanremoval.com.au/chitwan_removal/3.10/lib/python3.10/site-packages/django/core/handlers/exception.py", line 55, in inner
    response = get_response(request)
  File "/home1/studiori/virtualenv/chitwanremoval.com.au/chitwan_removal/3.10/lib/python3.10/site-packages/django/utils/deprecation.py", line 119, in __call__
    response = self.process_request(request)
  File "/home1/studiori/virtualenv/chitwanremoval.com.au/chitwan_removal/3.10/lib/python3.10/site-packages/django/middleware/common.py", line 48, in process_request
    host = request.get_host()
  File "/home1/studiori/virtualenv/chitwanremoval.com.au/chitwan_removal/3.10/lib/python3.10/site-packages/django/http/request.py", line 203, in get_host
    raise DisallowedHost(msg)
django.core.exceptions.DisallowedHost: Invalid HTTP_HOST header: 'chitwanremoval.com.au.studiorishav.com'. You may need to add 'chitwanremoval.com.au.studiorishav.com' to ALLOWED_HOSTS.
Invalid HTTP_HOST header: 'www.chitwanremoval.com.au.studiorishav.com'. You may need to add 'www.chitwanremoval.com.au.studiorishav.com' to ALLOWED_HOSTS.
Traceback (most recent call last):
  File "/home1/studiori/virtualenv/chitwanremoval.com.au/chitwan_removal/3.10/lib/python3.10/site-packages/django/core/handlers/exception.py", line 55, in inner
    response = get_response(request)
  File "/home1/studiori/virtualenv/chitwanremoval.com.au/chitwan_removal/3.10/lib/python3.10/site-packages/django/utils/deprecation.py", line 119, in __call__
    response = self.process_request(request)
  File "/home1/studiori/virtualenv/chitwanremoval.com.au/chitwan_removal/3.10/lib/python3.10/site-packages/django/middleware/common.py", line 48, in process_request
    host = request.get_host()
  File "/home1/studiori/virtualenv/chitwanremoval.com.au/chitwan_removal/3.10/lib/python3.10/site-packages/django/http/request.py", line 203, in get_host
    raise DisallowedHost(msg)
django.core.exceptions.DisallowedHost: Invalid HTTP_HOST header: 'www.chitwanremoval.com.au.studiorishav.com'. You may need to add 'www.chitwanremoval.com.au.studiorishav.com' to ALLOWED_HOSTS.
Invalid HTTP_HOST header: 'chitwanremoval.com.au.studiorishav.com'. You may need to add 'chitwanremoval.com.au.studiorishav.com' to ALLOWED_HOSTS.
Traceback (most recent call last):
  File "/home1/studiori/virtualenv/chitwanremoval.com.au/chitwan_removal/3.10/lib/python3.10/site-packages/django/core/handlers/exception.py", line 55, in inner
    response = get_response(request)
  File "/home1/studiori/virtualenv/chitwanremoval.com.au/chitwan_removal/3.10/lib/python3.10/site-packages/django/utils/deprecation.py", line 119, in __call__
    response = self.process_request(request)
  File "/home1/studiori/virtualenv/chitwanremoval.com.au/chitwan_removal/3.10/lib/python3.10/site-packages/django/middleware/common.py", line 48, in process_request
    host = request.get_host()
  File "/home1/studiori/virtualenv/chitwanremoval.com.au/chitwan_removal/3.10/lib/python3.10/site-packages/django/http/request.py", line 203, in get_host
    raise DisallowedHost(msg)
django.core.exceptions.DisallowedHost: Invalid HTTP_HOST header: 'chitwanremoval.com.au.studiorishav.com'. You may need to add 'chitwanremoval.com.au.studiorishav.com' to ALLOWED_HOSTS.
Invalid HTTP_HOST header: 'www.chitwanremoval.com.au.studiorishav.com'. You may need to add 'www.chitwanremoval.com.au.studiorishav.com' to ALLOWED_HOSTS.
Traceback (most recent call last):
  File "/home1/studiori/virtualenv/chitwanremoval.com.au/chitwan_removal/3.10/lib/python3.10/site-packages/django/core/handlers/exception.py", line 55, in inner
    response = get_response(request)
  File "/home1/studiori/virtualenv/chitwanremoval.com.au/chitwan_removal/3.10/lib/python3.10/site-packages/django/utils/deprecation.py", line 119, in __call__
    response = self.process_request(request)
  File "/home1/studiori/virtualenv/chitwanremoval.com.au/chitwan_removal/3.10/lib/python3.10/site-packages/django/middleware/common.py", line 48, in process_request
    host = request.get_host()
  File "/home1/studiori/virtualenv/chitwanremoval.com.au/chitwan_removal/3.10/lib/python3.10/site-packages/django/http/request.py", line 203, in get_host
    raise DisallowedHost(msg)
django.core.exceptions.DisallowedHost: Invalid HTTP_HOST header: 'www.chitwanremoval.com.au.studiorishav.com'. You may need to add 'www.chitwanremoval.com.au.studiorishav.com' to ALLOWED_HOSTS.
Invalid HTTP_HOST header: 'chitwanremoval.com.au.studiorishav.com'. You may need to add 'chitwanremoval.com.au.studiorishav.com' to ALLOWED_HOSTS.
Traceback (most recent call last):
  File "/home1/studiori/virtualenv/chitwanremoval.com.au/chitwan_removal/3.10/lib/python3.10/site-packages/django/core/handlers/exception.py", line 55, in inner
    response = get_response(request)
  File "/home1/studiori/virtualenv/chitwanremoval.com.au/chitwan_removal/3.10/lib/python3.10/site-packages/django/utils/deprecation.py", line 119, in __call__
    response = self.process_request(request)
  File "/home1/studiori/virtualenv/chitwanremoval.com.au/chitwan_removal/3.10/lib/python3.10/site-packages/django/middleware/common.py", line 48, in process_request
    host = request.get_host()
  File "/home1/studiori/virtualenv/chitwanremoval.com.au/chitwan_removal/3.10/lib/python3.10/site-packages/django/http/request.py", line 203, in get_host
    raise DisallowedHost(msg)
django.core.exceptions.DisallowedHost: Invalid HTTP_HOST header: 'chitwanremoval.com.au.studiorishav.com'. You may need to add 'chitwanremoval.com.au.studiorishav.com' to ALLOWED_HOSTS.
Not Found: /robots.txt
Not Found: /robots.txt
Invalid HTTP_HOST header: 'www.chitwanremoval.com.au.studiorishav.com'. You may need to add 'www.chitwanremoval.com.au.studiorishav.com' to ALLOWED_HOSTS.
Traceback (most recent call last):
  File "/home1/studiori/virtualenv/chitwanremoval.com.au/chitwan_removal/3.10/lib/python3.10/site-packages/django/core/handlers/exception.py", line 55, in inner
    response = get_response(request)
  File "/home1/studiori/virtualenv/chitwanremoval.com.au/chitwan_removal/3.10/lib/python3.10/site-packages/django/utils/deprecation.py", line 119, in __call__
    response = self.process_request(request)
  File "/home1/studiori/virtualenv/chitwanremoval.com.au/chitwan_removal/3.10/lib/python3.10/site-packages/django/middleware/common.py", line 48, in process_request
    host = request.get_host()
  File "/home1/studiori/virtualenv/chitwanremoval.com.au/chitwan_removal/3.10/lib/python3.10/site-packages/django/http/request.py", line 203, in get_host
    raise DisallowedHost(msg)
django.core.exceptions.DisallowedHost: Invalid HTTP_HOST header: 'www.chitwanremoval.com.au.studiorishav.com'. You may need to add 'www.chitwanremoval.com.au.studiorishav.com' to ALLOWED_HOSTS.
Invalid HTTP_HOST header: 'www.chitwanremoval.com.au.studiorishav.com'. You may need to add 'www.chitwanremoval.com.au.studiorishav.com' to ALLOWED_HOSTS.
Traceback (most recent call last):
  File "/home1/studiori/virtualenv/chitwanremoval.com.au/chitwan_removal/3.10/lib/python3.10/site-packages/django/core/handlers/exception.py", line 55, in inner
    response = get_response(request)
  File "/home1/studiori/virtualenv/chitwanremoval.com.au/chitwan_removal/3.10/lib/python3.10/site-packages/django/utils/deprecation.py", line 119, in __call__
    response = self.process_request(request)
  File "/home1/studiori/virtualenv/chitwanremoval.com.au/chitwan_removal/3.10/lib/python3.10/site-packages/django/middleware/common.py", line 48, in process_request
    host = request.get_host()
  File "/home1/studiori/virtualenv/chitwanremoval.com.au/chitwan_removal/3.10/lib/python3.10/site-packages/django/http/request.py", line 203, in get_host
    raise DisallowedHost(msg)
django.core.exceptions.DisallowedHost: Invalid HTTP_HOST header: 'www.chitwanremoval.com.au.studiorishav.com'. You may need to add 'www.chitwanremoval.com.au.studiorishav.com' to ALLOWED_HOSTS.
Not Found: /static/images/interstate_state.jpg
Not Found: /static/images/hero-banner.jpg
Not Found: /static/images/hero-banner.jpg
Not Found: /static/images/hero-banner.jpg
Not Found: /static/images/hero-banner.jpg
[UID:2229][3235461] Child process with pid: 3237619 was killed by signal: 15, core dumped: no
Not Found: /static/images/hero-banner.jpg
Not Found: /static/images/assemble.jpg
Not Found: /static/images/hero-banner.jpg
Not Found: /static/images/hero-banner.jpg
Not Found: /static/images/transport.png
OSError: LSAPI: File error
Not Found: /static/images/hero-banner.jpg
OSError: LSAPI: File error
Not Found: /static/images/hero-banner.jpg
Not Found: /static/images/hero-banner.jpg
Not Found: /static/images/hero-banner.jpg
Not Found: /static/images/hero-banner.jpg
Not Found: /static/images/hero-banner.jpg
Not Found: /static/images/hero-banner.jpg
[UID:2229][3371124] Child process with pid: 3373218 was killed by signal: 15, core dumped: no
[UID:2229][3371124] Child process with pid: 3373236 was killed by signal: 15, core dumped: no
Not Found: /static/images/hero-banner.jpg
Not Found: /static/images/hero-banner.jpg
Not Found: /static/images/hero-banner.jpg
Not Found: /static/images/hero-banner.jpg
Not Found: /static/images/hero-banner.jpg
Not Found: /static/images/hero-banner.jpg
Not Found: /static/images/hero-banner.jpg
Not Found: /static/images/hero-banner.jpg
Not Found: /static/images/hero-banner.jpg
Not Found: /static/images/hero-banner.jpg
